转变为
建立
应对
合理安排
合理安排
合理安排
合理安排
合理安排
承担
承担
由
由
由
优缺点
优缺点
优缺点
级别
级别
级别
构成
构成
构成
构成
构成
构成
描述
描述
描述
具有
具有
具有
具有
转变为
建立
应对
承担
承担
级别
级别
级别
描述
描述
描述
处理
占门诊量比例
占门诊量比例
占门诊量比例
占门诊量比例
占门诊量比例
占门诊量比例
占门诊量比例
占门诊量比例
占门诊量比例
进入
进入
不设
应便于
CASE_OF
CASE_OF
分类
分类
分类
排放方式
设计单位
DESIGNED_BY
设计单位
DESIGNED_BY
DESIGNED_BY
分类
分类
分类
目的
目的
目的
设计时间
可设
宜设
考虑为
计算
设置
选择
预测
视情况
目的
year
占比
CASE_OF
转变为
建立
应对
承担
承担
级别
级别
级别
描述
描述
描述
处理
占门诊量比例
占门诊量比例
占门诊量比例
占门诊量比例
占门诊量比例
占门诊量比例
占门诊量比例
占门诊量比例
占门诊量比例
组合方式
组合方式
进入
进入
不设
应便于
CASE_OF
CASE_OF
分类
排放方式
设计单位
DESIGNED_BY
设计单位
设计单位
设计单位
DESIGNED_BY
DESIGNED_BY
分类
分类
分类
分类
目的
目的
目的
设计时间
设计单位
可设
应设
宜设
考虑为
计算
设置
选择
预测
视情况
目的
year
占比
CASE_OF
DESIGNED
DESIGNED
DESIGNED_BY
DESIGNED_BY
DESIGNED_BY
CASE_OF
CASE_OF
CASE_OF
CASE_OF
CASE_OF
设计时间
DESIGNED_BY
设计时间
装载
适用范围
适用范围
适用范围
适用范围
适用范围
适用范围
适用范围
适用范围
适用范围
适用范围
避免选址于
避免选址于
避免选址于
避免选址于
避免选址于
避免选址于
避免选址于
避免选址于
避免选址于
避免选址于
导致
导致
导致
导致
导致
设计单位
编著
编委
编委
编委
编委
审阅
审阅
审阅
审阅
审阅
应用于
是
是
是
是
是
是
核对
生成
分析
编制
编制
优化
优化
批准
评估
评估
进行
评估
CASE_OF
设置
翻译
授权
制版
印刷
感谢
感谢
CASE_OF
重新考虑
绘制
认为
被认为
提出
质疑
强调
标志
CASE_OF
预测
首次爆发
导致
旨在
WRITES
WRITES
专注于
分析
获得
分析
DESIGNED_BY
DESIGNED_BY
DESIGNED_BY
DESIGNED_BY
DESIGNED_FOR
DESIGNED_BY
CASE_OF
提出
CASE_OF
CASE_OF
DESIGNED_BY
DESIGNED_BY
DESIGNED_BY
DESIGNED_BY
DESIGNED_BY
进行
演变
演变
DESIGNED_BY
DESIGNED_BY
DESIGNED_BY
是
DESIGNED_BY
DESIGNED_BY
DESIGNED_BY
DESIGNED_BY
DESIGNED_BY
DESIGNED_BY
DESIGNED_BY
DESIGNED_BY
DESIGNED_BY
DESIGNED_BY
DESIGNED_BY
DESIGNED_BY
DESIGNED_BY
DESIGNED_BY
DESIGNED_BY
组织方式
服务
DESIGNED
DESIGNED
朝向
定位为
可能发生
DESIGNED_BY
到达
运送
运送
CASE_OF
CASE_OF
转变为
建立
应对
承担
承担
级别
级别
级别
描述
描述
描述
处理
占门诊量比例
占门诊量比例
占门诊量比例
占门诊量比例
占门诊量比例
占门诊量比例
占门诊量比例
占门诊量比例
占门诊量比例
进入
进入
不设
应便于
CASE_OF
CASE_OF
分类
排放方式
设计单位
DESIGNED_BY
设计单位
设计单位
DESIGNED_BY
DESIGNED_BY
分类
分类
目的
目的
目的
设计时间
设计单位
可设
宜设
考虑为
计算
设置
选择
预测
视情况
目的
效果
效果
year
占比
占比
占比
CASE_OF
DESIGNED
DESIGNED
DESIGNED_BY
DESIGNED_BY
DESIGNED_BY
CASE_OF
CASE_OF
CASE_OF
CASE_OF
CASE_OF
分为
设计时间
DESIGNED_BY
设计时间
装载
适用范围
适用范围
适用范围
适用范围
适用范围
适用范围
适用范围
适用范围
适用范围
适用范围
避免选址于
避免选址于
避免选址于
避免选址于
避免选址于
避免选址于
避免选址于
避免选址于
避免选址于
导致
导致
导致
导致
导致
设计单位
编著
编委
编委
编委
编委
审阅
审阅
审阅
审阅
审阅
应用于
是
是
是
是
是
是
核对
生成
分析
编制
编制
优化
优化
批准
评估
评估
进行
评估
CASE_OF
设置
翻译
授权
制版
印刷
感谢
感谢
CASE_OF
重新考虑
绘制
认为
被认为
提出
质疑
强调
标志
CASE_OF
预测
首次爆发
导致
旨在
WRITES
WRITES
分析
获得
分析
DESIGNED_BY
DESIGNED_BY
DESIGNED_BY
DESIGNED_BY
DESIGNED_FOR
DESIGNED_BY
CASE_OF
提出
CASE_OF
CASE_OF
DESIGNED_BY
DESIGNED_BY
DESIGNED_BY
DESIGNED_BY
DESIGNED_BY
进行
演变
演变
DESIGNED_BY
DESIGNED_BY
DESIGNED_BY
是
DESIGNED_BY
DESIGNED_BY
DESIGNED_BY
DESIGNED_BY
DESIGNED_BY
DESIGNED_BY
DESIGNED_BY
DESIGNED_BY
DESIGNED_BY
DESIGNED_BY
DESIGNED_BY
DESIGNED_BY
DESIGNED_BY
DESIGNED_BY
DESIGNED_BY
组织方式
体验
服务
DESIGNED
DESIGNED
朝向
定位为
可能发生
DESIGNED_BY
到达
运送
CASE_OF
CASE_OF
转变为
建立
应对
承担
承担
级别
级别
级别
描述
描述
描述
处理
占门诊量比例
占门诊量比例
占门诊量比例
占门诊量比例
占门诊量比例
占门诊量比例
占门诊量比例
占门诊量比例
占门诊量比例
组合方式
进入
进入
不设
应便于
CASE_OF
CASE_OF
分类
分类
排放方式
DESIGNED_BY
设计单位
设计单位
设计单位
DESIGNED_BY
DESIGNED_BY
分类
分类
目的
目的
目的
设计时间
设计单位
可设
应设
宜设
考虑为
计算
设置
选择
预测
视情况
目的
效果
效果
year
占比
CASE_OF
DESIGNED
DESIGNED
DESIGNED_BY
DESIGNED_BY
DESIGNED_BY
CASE_OF
CASE_OF
CASE_OF
CASE_OF
CASE_OF
设计时间
DESIGNED_BY
设计时间
装载
适用范围
适用范围
适用范围
适用范围
适用范围
适用范围
适用范围
适用范围
适用范围
适用范围
避免选址于
避免选址于
避免选址于
避免选址于
避免选址于
避免选址于
导致
导致
导致
导致
导致
设计单位
编委
编委
编委
编委
审阅
审阅
审阅
审阅
审阅
应用于
是
是
是
是
是
是
核对
生成
生成
分析
编制
优化
优化
批准
评估
评估
进行
评估
CASE_OF
设置
翻译
授权
制版
印刷
感谢
感谢
CASE_OF
重新考虑
绘制
认为
被认为
提出
质疑
强调
标志
CASE_OF
首次爆发
导致
旨在
WRITES
WRITES
倡导
专注于
分析
获得
分析
DESIGNED_BY
DESIGNED_BY
DESIGNED_BY
DESIGNED_BY
DESIGNED_FOR
DESIGNED_BY
CASE_OF
提出
CASE_OF
CASE_OF
DESIGNED_BY
DESIGNED_BY
DESIGNED_BY
DESIGNED_BY
DESIGNED_BY
进行
演变
演变
DESIGNED_BY
DESIGNED_BY
DESIGNED_BY
是
DESIGNED_BY
DESIGNED_BY
DESIGNED_BY
DESIGNED_BY
DESIGNED_BY
DESIGNED_BY
DESIGNED_BY
DESIGNED_BY
DESIGNED_BY
DESIGNED_BY
DESIGNED_BY
DESIGNED_BY
DESIGNED_BY
DESIGNED_BY
DESIGNED_BY
组织方式
服务
DESIGNED
DESIGNED
朝向
定位为
可能发生
DESIGNED_BY
到达
CASE_OF
CASE_OF
转变为
应对
承担
承担
级别
级别
级别
描述
描述
描述
处理
占门诊量比例
占门诊量比例
占门诊量比例
占门诊量比例
占门诊量比例
占门诊量比例
占门诊量比例
占门诊量比例
占门诊量比例
组合方式
进入
进入
别称
不设
应便于
CASE_OF
CASE_OF
分类
分类
分类
排放方式
设计单位
DESIGNED_BY
设计单位
设计单位
DESIGNED_BY
DESIGNED_BY
分类
分类
分类
分类
目的
目的
目的
设计时间
可设
宜设
考虑为
计算
设置
选择
预测
视情况
目的
效果
year
占比
CASE_OF
DESIGNED
DESIGNED
DESIGNED_BY
DESIGNED_BY
DESIGNED_BY
CASE_OF
CASE_OF
CASE_OF
CASE_OF
CASE_OF
分为
设计时间
DESIGNED_BY
设计时间
装载
适用范围
适用范围
适用范围
适用范围
适用范围
适用范围
适用范围
适用范围
适用范围
适用范围
避免选址于
避免选址于
避免选址于
避免选址于
避免选址于
避免选址于
避免选址于
避免选址于
避免选址于
导致
导致
导致
导致
导致
设计单位
编委
编委
编委
编委
审阅
审阅
审阅
审阅
审阅
应用于
是
是
是
是
是
是
核对
分析
编制
优化
优化
批准
评估
评估
进行
评估
CASE_OF
设置
翻译
授权
制版
印刷
感谢
感谢
CASE_OF
重新考虑
绘制
认为
被认为
提出
质疑
强调
标志
CASE_OF
首次爆发
导致
旨在
WRITES
WRITES
倡导
分析
获得
分析
DESIGNED_BY
DESIGNED_BY
DESIGNED_BY
DESIGNED_BY
DESIGNED_FOR
DESIGNED_BY
CASE_OF
提出
CASE_OF
CASE_OF
DESIGNED_BY
DESIGNED_BY
DESIGNED_BY
DESIGNED_BY
DESIGNED_BY
进行
演变
演变
DESIGNED_BY
DESIGNED_BY
DESIGNED_BY
是
DESIGNED_BY
DESIGNED_BY
DESIGNED_BY
DESIGNED_BY
DESIGNED_BY
DESIGNED_BY
DESIGNED_BY
DESIGNED_BY
DESIGNED_BY
DESIGNED_BY
DESIGNED_BY
DESIGNED_BY
DESIGNED_BY
DESIGNED_BY
DESIGNED_BY
翻新
服务
DESIGNED
DESIGNED
朝向
定位为
可能发生
DESIGNED_BY
到达
运送
CASE_OF
CASE_OF
转变为
建立
应对
承担
承担
级别
级别
级别
描述
描述
描述
处理
占门诊量比例
占门诊量比例
占门诊量比例
占门诊量比例
占门诊量比例
占门诊量比例
占门诊量比例
占门诊量比例
占门诊量比例
进入
进入
不设
应便于
CASE_OF
CASE_OF
分类
分类
分类
排放方式
DESIGNED_BY
设计单位
设计单位
DESIGNED_BY
DESIGNED_BY
分类
分类
分类
分类
分类
目的
目的
目的
设计时间
可设
宜设
考虑为
计算
设置
选择
预测
视情况
目的
效果
效果
效果
year
占比
CASE_OF
DESIGNED
DESIGNED
DESIGNED_BY
DESIGNED_BY
DESIGNED_BY
CASE_OF
CASE_OF
CASE_OF
CASE_OF
CASE_OF
分为
分为
设计时间
DESIGNED_BY
设计时间
装载
适用范围
适用范围
适用范围
适用范围
适用范围
适用范围
适用范围
适用范围
适用范围
适用范围
避免选址于
避免选址于
避免选址于
避免选址于
避免选址于
避免选址于
避免选址于
导致
导致
导致
导致
导致
编委
编委
编委
编委
审阅
审阅
审阅
审阅
审阅
应用于
是
是
是
是
是
是
核对
分析
编制
批准
评估
评估
进行
评估
CASE_OF
设置
翻译
授权
制版
印刷
感谢
感谢
CASE_OF
重新考虑
绘制
认为
被认为
提出
质疑
强调
标志
CASE_OF
预测
首次爆发
导致
旨在
WRITES
WRITES
倡导
分析
获得
分析
DESIGNED_BY
DESIGNED_BY
DESIGNED_BY
DESIGNED_BY
DESIGNED_FOR
DESIGNED_BY
CASE_OF
提出
CASE_OF
CASE_OF
DESIGNED_BY
DESIGNED_BY
DESIGNED_BY
DESIGNED_BY
DESIGNED_BY
进行
演变
演变
DESIGNED_BY
DESIGNED_BY
DESIGNED_BY
是
DESIGNED_BY
DESIGNED_BY
DESIGNED_BY
DESIGNED_BY
DESIGNED_BY
DESIGNED_BY
DESIGNED_BY
DESIGNED_BY
DESIGNED_BY
DESIGNED_BY
DESIGNED_BY
DESIGNED_BY
DESIGNED_BY
DESIGNED_BY
DESIGNED_BY
组织方式
组织方式
体验
服务
DESIGNED
DESIGNED
朝向
定位为
可能发生
DESIGNED_BY
到达
CASE_OF
CASE_OF
CASE_OF
运营
DESIGNED_BY
DESIGNED_BY
业主
DESIGNED_BY
DESIGNED_BY
OWNED_BY
ADVOCATES
DESIGNED
业主
完成时间
业主
DESIGNED_BY
解决
面临
业主
业主
DESIGNED_BY
OWNED_BY
HAS_AREA
HAS_BEDS
进行
曾在
主持
主讲
转变为
注重
INFLUENCES
LEADS_TO
PROMOTES
CASE_OF
CASE_OF
CASE_OF
CASE_OF
CASE_OF
CASE_OF
改变
计算
计算
计算
优化
APPROVES
组织
报
批准
组织
报
组织
收治
需优化
可能发展
异地就医患者占比
异地就医患者占比
异地就医患者占比
异地就医患者占比
异地就医患者占比
异地就医患者占比
异地就医患者占比
组织
设置管理程序
成立
成立
起草
评估
提交
提出
提交
授予
授予
审查
撤销
撤销
承担
承担
进行
进行
分为
分为
分为
通报
适用于
DESIGNED_BY
设计单位
设计单位
使用
使用
使用
设计单位
DESIGNED_BY
DESIGNED_BY
远离
考虑
避让
避让
避让
配置
设置
设置
设置
提供
提供
提供
协助
协助
审查
出具
使用
DESIGNED_BY
DESIGNED_BY
DESIGNED_BY
DESIGNED_BY
DESIGNED_BY
PLANS
配置类型
配置类型
配置类型
位于
业主
DESIGNED_BY
主讲
使用
使用
设置
授予
授予
位于
发布
废止
测算
测算
设置
使用
设置
发布
CONTA含
确立
选择
社区防御工程
建筑内部物体的保护
社区防御工程
建筑内部物体的保护
社区防御工程
建筑内部物体的保护
社区防御工程
建筑内部物体的保护
社区防御工程
建筑内部物体的保护
社区防御工程
建筑内部物体的保护
社区防御工程
建筑内部物体的保护
社区防御工程
建筑内部物体的保护
社区防御工程
建筑内部物体的保护
社区防御工程
建筑内部物体的保护
社区防御工程
建筑内部物体的保护
社区防御工程
建筑内部物体的保护
社区防御工程
建筑内部物体的保护
社区防御工程
建筑内部物体的保护
社区防御工程
建筑内部物体的保护
社区防御工程
建筑内部物体的保护
社区防御工程
建筑内部物体的保护
收集
编制
编制
提出
使用
使用
使用
使用
配置
配置
配置
DESIGNED_BY
运营商
DESIGNED_BY
HAS_AREA
HAS_BED_COUNT
主讲
CONTA含
确立
选择
社区防御工程
建筑内部物体的保护
社区防御工程
建筑内部物体的保护
社区防御工程
建筑内部物体的保护
社区防御工程
建筑内部物体的保护
社区防御工程
建筑内部物体的保护
社区防御工程
建筑内部物体的保护
社区防御工程
建筑内部物体的保护
社区防御工程
建筑内部物体的保护
社区防御工程
建筑内部物体的保护
社区防御工程
建筑内部物体的保护
社区防御工程
建筑内部物体的保护
社区防御工程
建筑内部物体的保护
社区防御工程
建筑内部物体的保护
社区防御工程
建筑内部物体的保护
社区防御工程
建筑内部物体的保护
社区防御工程
建筑内部物体的保护
社区防御工程
建筑内部物体的保护
收集
编制
编制
提出
使用
使用
使用
使用
配置
配置
配置
DESIGNED_BY
运营商
所有者
DESIGNED_BY
HAS_AREA
HAS_BED_COUNT
主讲
CONTA含
确立
选择
社区防御工程
建筑内部物体的保护
社区防御工程
建筑内部物体的保护
社区防御工程
建筑内部物体的保护
社区防御工程
建筑内部物体的保护
社区防御工程
建筑内部物体的保护
社区防御工程
建筑内部物体的保护
社区防御工程
建筑内部物体的保护
社区防御工程
建筑内部物体的保护
社区防御工程
建筑内部物体的保护
社区防御工程
建筑内部物体的保护
社区防御工程
建筑内部物体的保护
社区防御工程
建筑内部物体的保护
社区防御工程
建筑内部物体的保护
社区防御工程
建筑内部物体的保护
社区防御工程
建筑内部物体的保护
社区防御工程
建筑内部物体的保护
社区防御工程
建筑内部物体的保护
收集
编制
编制
提出
使用
使用
使用
使用
配置
配置
配置
配置
DESIGNED_BY
运营商
DESIGNED_BY
HAS_AREA
HAS_BED_COUNT
主讲
CONTA含
确立
选择
社区防御工程
建筑内部物体的保护
社区防御工程
建筑内部物体的保护
社区防御工程
建筑内部物体的保护
社区防御工程
建筑内部物体的保护
社区防御工程
建筑内部物体的保护
社区防御工程
建筑内部物体的保护
社区防御工程
建筑内部物体的保护
社区防御工程
建筑内部物体的保护
社区防御工程
建筑内部物体的保护
社区防御工程
建筑内部物体的保护
社区防御工程
建筑内部物体的保护
社区防御工程
建筑内部物体的保护
社区防御工程
建筑内部物体的保护
社区防御工程
建筑内部物体的保护
社区防御工程
建筑内部物体的保护
社区防御工程
建筑内部物体的保护
社区防御工程
建筑内部物体的保护
收集
编制
编制
提出
使用
使用
使用
使用
配置
配置
配置
配置
DESIGNED_BY
运营商
DESIGNED_BY
HAS_AREA
HAS_BED_COUNT
主讲
CONTA含
确立
选择
社区防御工程
建筑内部物体的保护
社区防御工程
建筑内部物体的保护
社区防御工程
建筑内部物体的保护
社区防御工程
建筑内部物体的保护
社区防御工程
建筑内部物体的保护
社区防御工程
建筑内部物体的保护
社区防御工程
建筑内部物体的保护
社区防御工程
建筑内部物体的保护
社区防御工程
建筑内部物体的保护
社区防御工程
建筑内部物体的保护
社区防御工程
建筑内部物体的保护
社区防御工程
建筑内部物体的保护
社区防御工程
建筑内部物体的保护
社区防御工程
建筑内部物体的保护
社区防御工程
建筑内部物体的保护
社区防御工程
建筑内部物体的保护
社区防御工程
建筑内部物体的保护
收集
编制
编制
提出
使用
使用
使用
使用
配置
配置
配置
配置
DESIGNED_BY
运营商
DESIGNED_BY
HAS_AREA
HAS_BED_COUNT
主讲
DESIGNED_BY
DESIGNED_BY
DESIGNED_BY
确立
选择
不同于
DESIGNED_BY
批准
代表
发表
发表
发表
发表
发表
发表
DESIGNED_BY
DESIGNED_BY
DESIGNED_BY
DESIGNED
DESIGNED
DESIGNED
PLANNED
DESIGNED_BY
DESIGNED_BY
DESIGNED_BY
DESIGNED_BY
确立
选择
不同于
DESIGNED_BY
批准
代表
发表
发表
发表
发表
发表
发表
DESIGNED_BY
DESIGNED_BY
DESIGNED_BY
DESIGNED
DESIGNED
DESIGNED
PLANNED
DESIGNED_BY
DESIGNED_BY
DESIGNED_BY
DESIGNED_BY
DESIGNED_BY
DESIGNED_BY
OWNS
DESIGNED_BY
DESIGNED_BY
OWNS
DESIGNED_BY
DESIGNED_BY
专注于
成立
主讲
拟订
组织
报
批准
实施
评估
发布
废止
INSTALLED_IN
DESIGNED_BY
DESIGNED_BY
DESIGNED_BY
确立
选择
不同于
DESIGNED_BY
批准
DESIGNED_BY
DESIGNED_BY
DESIGNED_BY
确立
选择
不同于
DESIGNED_BY
代表
批准
发表
发表
发表
发表
发表
发表
DESIGNED_BY
代表
DESIGNED_BY
DESIGNED_BY
发表
发表
发表
发表
发表
发表
DESIGNED_BY
DESIGNED_BY
DESIGNED_BY
DESIGNED
DESIGNED
DESIGNED
DESIGNED
PLANNED
DESIGNED
DESIGNED
PLANNED
DESIGNED_BY
DESIGNED_BY
DESIGNED_BY
DESIGNED_BY
DESIGNED_BY
DESIGNED_BY
OWNS
DESIGNED_BY
DESIGNED_BY
OWNS
DESIGNED_BY
DESIGNED_BY
出版
专注于
成立
主讲
DESIGNED_BY
拟订
组织
报
批准
实施
评估
DESIGNED_BY
废止
DESIGNED_BY
DESIGNED_BY
DESIGNED_BY
INSTALLED_IN
DESIGNED_BY
OWNS
DESIGNED_BY
DESIGNED_BY
OWNS
DESIGNED_BY
DESIGNED_BY
出版
出版
专注于
成立
主讲
分析
拟订
组织
报
批准
实施
评估
发布
废止
DESIGNED_BY
DESIGNED_BY
DESIGNED_BY
确立
选择
不同于
DESIGNED_BY
批准
代表
发表
发表
发表
发表
发表
发表
DESIGNED_BY
DESIGNED_BY
DESIGNED_BY
DESIGNED
DESIGNED
DESIGNED
PLANNED
DESIGNED_BY
DESIGNED_BY
SUPPORTED_BY
DESIGNED_BY
DESIGNED_BY
DESIGNED_BY
DESIGNED_BY
OWNS
DESIGNED_BY
DESIGNED_BY
OWNS
DESIGNED_BY
DESIGNED_BY
出版
出版
专注于
成立
主讲
分析
分析
拟订
组织
报
批准
评估
发布
废止
INSTALLED_IN
REFERS_TO
REFERS_TO
REFERS_TO
PRECEDES
PRECEDES
PRECEDES
PRECEDES
PRECEDES
PRECEDES
PRECEDES
USED_IN
LOCATED_IN
LOCATED_IN
CONTAINED_IN
REFERS_TO
TARGETS
TARGETS
不同于
EQUIPPED_WITH
REFERS_TO
COMPARED_WITH
TARGETS
LOCATED_IN
REFERS_TO
REFERS_TO
WORKS_IN
TRANSFERS_TO
REFERS_TO
REFERS_TO
REFERS_TO
DESIGNED
EQUIPPED_WITH
EQUIPPED_WITH
REFERS_TO
LOCATED_IN
REFERS_TO
LOCATED_AT
AFFILIATED_WITH
MEMBER_OF
MEMBER_OF
LOCATED_IN
REFERS_TO
REFERS_TO
REFERS_TO
REFERS_TO
REFERS_TO
CONTROLS
AFFILIATED_WITH
AFFILIATED_WITH
AFFILIATED_WITH
REFERS_TO
REFERS_TO
TRANSFORM_TO
PUBLISHED_BY
REFERS_TO
REFERS_TO
REFERS_TO
PRECEDES
PRECEDES
PRECEDES
PRECEDES
PRECEDES
PRECEDES
PRECEDES
USED_IN
LOCATED_IN
LOCATED_IN
REFERS_TO
TARGETS
TARGETS
不同于
EQUIPPED_WITH
REFERS_TO
COMPARED_WITH
TARGETS
LOCATED_IN
REFERS_TO
REFERS_TO
REFERS_TO
REFERS_TO
REFERS_TO
REFERS_TO
REFERS_TO
REFERS_TO
PRECEDES
PRECEDES
PRECEDES
PRECEDES
PRECEDES
PRECEDES
PRECEDES
USED_IN
LOCATED_IN
LOCATED_IN
REFERS_TO
REFERS_TO
REFERS_TO
PRECEDES
PRECEDES
PRECEDES
PRECEDES
PRECEDES
PRECEDES
PRECEDES
USED_IN
LOCATED_IN
LOCATED_IN
REFERS_TO
TARGETS
TARGETS
不同于
EQUIPPED_WITH
REFERS_TO
COMPARED_WITH
TARGETS
LOCATED_IN
REFERS_TO
REFERS_TO
TRANSFERS_TO
REFERS_TO
REFERS_TO
REFERS_TO
DESIGNED
EQUIPPED_WITH
EQUIPPED_WITH
REFERS_TO
LOCATED_IN
REFERS_TO
LOCATED_AT
AFFILIATED_WITH
MEMBER_OF
MEMBER_OF
LOCATED_IN
REFERS_TO
REFERS_TO
REFERS_TO
REFERS_TO
REFERS_TO
CONTROLS
AFFILIATED_WITH
AFFILIATED_WITH
AFFILIATED_WITH
REFERS_TO
REFERS_TO
TRANSFORM_TO
PUBLISHED_BY
REFERS_TO
REFERS_TO
REFERS_TO
REFERS_TO
REFERS_TO
REFERS_TO
REFERS_TO
REFERS_TO
REFERS_TO
REFERS_TO
REFERS_TO
REFERS_TO
REFERS_TO
REFERS_TO
REFERS_TO
REFERS_TO
REFERS_TO
LOCATED_IN
LOCATED_IN
LOCATED_IN
REFERS_TO
PART_OF
DESIGNED_BY
REFERS_TO
REFERS_TO
REFERS_TO
IS_A
IS_A
IS_A
REFERS_TO
REFERS_TO
REFERS_TO
REFERS_TO
CALCULATED_FROM
REFERS_TO
REFERS_TO
REFERS_TO
REFERS_TO
REFERS_TO
REFERS_TO
REFERS_TO
REFERS_TO
区别于
REFERS_TO
REFERS_TO
REFERS_TO
REFERS_TO
REFERS_TO
REFERS_TO
REFERS_TO
REFERS_TO
REFERS_TO
REFERS_TO
REFERS_TO
REFERS_TO
REFERS_TO
REFERS_TO
REFERS_TO
REFERS_TO
REFERS_TO
REFERS_TO
REFERS_TO
REFERS_TO
REFERS_TO
REFERS_TO
REFERS_TO
LOCATED_IN
LOCATED_IN
LOCATED_IN
LOCATED_IN
LOCATED_IN
LOCATED_IN
LOCATED_IN
LOCATED_IN
LOCATED_IN
LOCATED_IN
LOCATED_IN
LOCATED_IN
LOCATED_IN
LOCATED_IN
LOCATED_IN
LOCATED_IN
REFERS_TO
REFERS_TO
REFERS_TO
REFERS_TO
REFERS_TO
REFERS_TO
PRECEDES
REFERS_TO
REFERS_TO
REFERS_TO
REFERS_TO
REFERS_TO
REFERS_TO
HAS_ATTRIBUTE
HAS_ATTRIBUTE
REFERS_TO
REFERS_TO
REFERS_TO
REFERS_TO
REFERS_TO
REFERS_TO
REFERS_TO
REFERS_TO
TARGETS
REFERS_TO
REFERS_TO
REFERS_TO
REFERS_TO
REFERS_TO
REFERS_TO
REFERS_TO
REFERS_TO
REFERS_TO
IMPLEMENTS
REFERS_TO
REFERS_TO
REFERS_TO
REFERS_TO
REFERS_TO
REFERS_TO
REFERS_TO
REFERS_TO
REFERS_TO
REFERS_TO
REFERS_TO
REFERS_TO
REFERS_TO
LOCATED_IN
LOCATED_IN
LOCATED_IN
USED_IN
LOCATED_BETWEEN
REFERS_TO
REFERS_TO
LOCATED_IN
REFERS_TO
REFERS_TO
WORKS_AT
PROVIDES_CONSULTATION
REFERS_TO
REFERS_TO
REFERS_TO
REFERS_TO
REFERS_TO
REFERS_TO
REFERS_TO
REFERS_TO
REFERS_TO
REFERS_TO
REFERS_TO
REPLACES
PRODUCES
REFERS_TO
LOCATED_IN
LOCATED_IN
COMPARED_TO
SEPARATES
WORKS_IN
LOCATED_IN
AFFILIATED_WITH
AFFILIATED_WITH
REFERS_TO
REFERS_TO
LOCATED_IN
LOCATED_IN
LOCATED_IN
LOCATED_IN
REFERS_TO
REFERS_TO
REFERS_TO
AFFILIATED_WITH
AFFILIATED_WITH
AFFILIATED_WITH
AFFILIATED_WITH
LOCATED_IN
LOCATED_IN
LOCATED_IN
LOCATED_IN
REFERS_TO
REFERS_TO
REFERS_TO
REFERS_TO
IS_A
IS_A
IS_A
IS_A
REFERS_TO
REFERS_TO
REFERS_TO
REFERS_TO
REFERS_TO
REFERS_TO
REFERS_TO
PUBLISHED_BY
REFERS_TO
CAN_CONTAIN
CAN_CONTAIN
CAN_CONTAIN
CAN_CONTAIN
CAN_CONTAIN
REFERS_TO
REFERS_TO
REFERS_TO
REFERS_TO
REFERS_TO
REFERS_TO
REFERS_TO
REFERS_TO
REFERS_TO
REFERS_TO
REFERS_TO
REFERS_TO
REFERS_TO
REFERS_TO
REFERS_TO
REFERS_TO
REFERS_TO
LOCATED_IN
LOCATED_IN
REFERS_TO
REFERS_TO
REFERS_TO
REFERS_TO
REFERS_TO
LOCATED_IN
LOCATED_IN
LOCATED_IN
REFERS_TO
IS_TYPE_OF
IS_TYPE_OF
IS_TYPE_OF
IS_TYPE_OF
IS_TYPE_OF
IS_TYPE_OF
IS_TYPE_OF
IS_TYPE_OF
IS_TYPE_OF
IS_TYPE_OF
IS_TYPE_OF
CONTROLS
IS_TYPE_OF
IS_TYPE_OF
TARGETS
IS_TYPE_OF
IS_TYPE_OF
IS_TYPE_OF
IS_TYPE_OF
IS_TYPE_OF
IS_TYPE_OF
IS_TYPE_OF
IS_TYPE_OF
IS_TYPE_OF
IS_TYPE_OF
IS_TYPE_OF
REFERS_TO
TARGET_POPULATION
LOCATED_NEAR
POSITIONED_BY
POSITIONED_NEAR
IS_TYPE_OF
TARGETS
LOCATED_NEAR
FOUNDED
DESIGNED
HAS
CONSISTS_OF
CONSISTS_OF
TARGETS
TARGETS
IS_TYPE_OF
IS_TYPE_OF
IS_TYPE_OF
IS_TYPE_OF
IS_TYPE_OF
IS_TYPE_OF
IS_TYPE_OF
IS_TYPE_OF
FOLLOWS
FOLLOWS
FOLLOWS
FOLLOWS
FOLLOWS
FOLLOWS
FOLLOWS
IS_TYPE_OF
IS_TYPE_OF
IS_TYPE_OF
IS_TYPE_OF
IS_TYPE_OF
IS_TYPE_OF
IS_TYPE_OF
IS_TYPE_OF
IS_TYPE_OF
IS_TYPE_OF
IS_TYPE_OF
IS_TYPE_OF
IS_TYPE_OF
IS_TYPE_OF
IS_TYPE_OF
IS_TYPE_OF
IS_TYPE_OF
IS_TYPE_OF
IS_TYPE_OF
IS_TYPE_OF
IS_TYPE_OF
IS_TYPE_OF
IS_TYPE_OF
REFERS_TO
IS_TYPE_OF
IS_TYPE_OF
IS_TYPE_OF
IS_TYPE_OF
IS_TYPE_OF
LOCATED_IN
LOCATED_IN
PART_OF
IS_TYPE_OF
IS_TYPE_OF
IS_TYPE_OF
IS_TYPE_OF
IS_TYPE_OF
IS_TYPE_OF
IS_TYPE_OF
IS_TYPE_OF
IS_TYPE_OF
IS_TYPE_OF
IS_TYPE_OF
IS_TYPE_OF
IS_TYPE_OF
IS_TYPE_OF
IS_TYPE_OF
建设情况
科室占比数据
床位比例数据
平面净尺寸
用水量定额
60℃用水量定额
计算温度标准
空态/静态分级
终端压力标准
供应压力参数
区域划分标准
典型配置方案
优化设计方式
60℃用水量定额
计算温度标准
空态/静态分级
终端压力标准
供应压力参数
科室占比数据
床位比例数据
洁污分区
分项检查占比
最大磁感应强度
设置数量
覆盖
建设情况
科室占比数据
床位比例数据
平面净尺寸
用水量定额
60℃用水量定额
计算温度标准
空态/静态分级
终端压力标准
供应压力参数
区域划分标准
典型配置方案
优化设计方式
分类划分表
60℃用水量定额
计算温度标准
空态/静态分级
终端压力标准
供应压力参数
科室占比数据
床位比例数据
洁污分区
分项检查占比
最大磁感应强度
设置数量
覆盖
??
??
LOCATED_BETWEEN
LOCATED_BETWEEN
INTEGRATES
INTEGRATES
HAS_ATTRIBUTE
HAS_ATTRIBUTE
HAS_ATTRIBUTE
HAS_ATTRIBUTE
HAS_ATTRIBUTE
HAS_ATTRIBUTE
HAS_ATTRIBUTE
HAS_ATTRIBUTE
HAS_ATTRIBUTE
HAS_ATTRIBUTE
HAS_ATTRIBUTE
HAS_ATTRIBUTE
HAS_ATTRIBUTE
HAS_ATTRIBUTE
HAS_ATTRIBUTE
HAS_ATTRIBUTE
HAS_ATTRIBUTE
HAS_ATTRIBUTE
HAS_ATTRIBUTE
HAS_ATTRIBUTE
HAS_ATTRIBUTE
HAS_ATTRIBUTE
HAS_ATTRIBUTE
HAS_ATTRIBUTE
HAS_ATTRIBUTE
HAS_ATTRIBUTE
HAS_ATTRIBUTE
HAS_ATTRIBUTE
HAS_ATTRIBUTE
HAS_ATTRIBUTE
HAS_ATTRIBUTE
HAS_ATTRIBUTE
HAS_ATTRIBUTE
HAS_ATTRIBUTE
HAS_ATTRIBUTE
HAS_ATTRIBUTE
HAS_ATTRIBUTE
HAS_ATTRIBUTE
HAS_ATTRIBUTE
LOCATED_IN
CONTROLS
CONTROLS
HAS_SIZE
HAS_ATTRIBUTE
HAS_ATTRIBUTE
HAS_ATTRIBUTE
HAS_ATTRIBUTE
HAS_ATTRIBUTE
HAS_ATTRIBUTE
HAS_ATTRIBUTE
HAS_ATTRIBUTE
HAS_ATTRIBUTE
HAS_ATTRIBUTE
HAS_ATTRIBUTE
HAS_ATTRIBUTE
HAS_ATTRIBUTE
HAS_ATTRIBUTE
HAS_ATTRIBUTE
HAS_ATTRIBUTE
HAS_ATTRIBUTE
HAS_ATTRIBUTE
HAS_ATTRIBUTE
HAS_ATTRIBUTE
HAS_ATTRIBUTE
HAS_ATTRIBUTE
HAS_ATTRIBUTE
HAS_ATTRIBUTE
HAS_ATTRIBUTE
HAS_ATTRIBUTE
HAS_ATTRIBUTE
HAS_ATTRIBUTE
HAS_ATTRIBUTE
HAS_ATTRIBUTE
HAS_ATTRIBUTE
HAS_ATTRIBUTE
HAS_ATTRIBUTE
HAS_ATTRIBUTE
HAS_ATTRIBUTE
HAS_ATTRIBUTE
HAS_ATTRIBUTE
HAS_ATTRIBUTE
HAS_ATTRIBUTE
HAS_ATTRIBUTE
HAS_ATTRIBUTE
HAS_ATTRIBUTE
HAS_ATTRIBUTE
HAS_ATTRIBUTE
HAS_ATTRIBUTE
HAS_ATTRIBUTE
HAS_ATTRIBUTE
HAS_ATTRIBUTE
HAS_ATTRIBUTE
HAS_ATTRIBUTE
HAS_ATTRIBUTE
HAS_ATTRIBUTE
HAS_ATTRIBUTE
HAS_ATTRIBUTE
HAS_ATTRIBUTE
HAS_ATTRIBUTE
HAS_ATTRIBUTE
HAS_ATTRIBUTE
HAS_ATTRIBUTE
HAS_ATTRIBUTE
HAS_ATTRIBUTE
HAS_ATTRIBUTE
HAS_ATTRIBUTE
HAS_ATTRIBUTE
HAS_ATTRIBUTE
HAS_ATTRIBUTE
HAS_ATTRIBUTE
HAS_ATTRIBUTE
HAS_ATTRIBUTE
HAS_ATTRIBUTE
HAS_ATTRIBUTE
HAS_ATTRIBUTE
HAS_ATTRIBUTE
HAS_ATTRIBUTE
HAS_ATTRIBUTE
HAS_ATTRIBUTE
HAS_ATTRIBUTE
HAS_ATTRIBUTE
HAS_ATTRIBUTE
HAS_ATTRIBUTE
HAS_ATTRIBUTE
HAS_ATTRIBUTE
HAS_ATTRIBUTE
HAS_ATTRIBUTE
HAS_ATTRIBUTE
HAS_ATTRIBUTE
HAS_ATTRIBUTE
HAS_ATTRIBUTE
HAS_ATTRIBUTE
HAS_ATTRIBUTE
HAS_ATTRIBUTE
HAS_ATTRIBUTE
HAS_ATTRIBUTE
HAS_ATTRIBUTE
HAS_ATTRIBUTE
HAS_ATTRIBUTE
HAS_ATTRIBUTE
HAS_ATTRIBUTE
HAS_ATTRIBUTE
HAS_ATTRIBUTE
HAS_ATTRIBUTE
HAS_ATTRIBUTE
HAS_ATTRIBUTE
HAS_ATTRIBUTE
HAS_ATTRIBUTE
HAS_ATTRIBUTE
HAS_ATTRIBUTE
HAS_ATTRIBUTE
HAS_ATTRIBUTE
RECEIVES
USED_FOR
REDUCES
HAS_ATTRIBUTE
HAS_ATTRIBUTE
HAS_ATTRIBUTE
HAS_ATTRIBUTE
HAS_ATTRIBUTE
HAS_ATTRIBUTE
HAS_ATTRIBUTE
HAS_ATTRIBUTE
HAS_ATTRIBUTE
HAS_ATTRIBUTE
HAS_ATTRIBUTE
HAS_ATTRIBUTE
HAS_ATTRIBUTE
HAS_ATTRIBUTE
HAS_ATTRIBUTE
HAS_ATTRIBUTE
HAS_ATTRIBUTE
HAS_ATTRIBUTE
HAS_ATTRIBUTE
HAS_ATTRIBUTE
HAS_ATTRIBUTE
HAS_ATTRIBUTE
HAS_ATTRIBUTE
HAS_ATTRIBUTE
HAS_ATTRIBUTE
HAS_ATTRIBUTE
HAS_ATTRIBUTE
HAS_ATTRIBUTE
HAS_ATTRIBUTE
HAS_ATTRIBUTE
HAS_ATTRIBUTE
HAS_ATTRIBUTE
HAS_ATTRIBUTE
USED_IN
USED_IN
USED_IN
USED_IN
USED_IN
USED_IN
USED_IN
USED_IN
USED_IN
USED_IN
LOCATED_IN
LOCATED_IN
LOCATED_IN
LOCATED_IN
LOCATED_IN
LOCATED_IN
LOCATED_IN
LOCATED_IN
LOCATED_IN
LOCATED_IN
LOCATED_IN
LOCATED_IN
HAS_PART
HAS_PART
HAS_PART
HAS_PART
HAS_PART
HAS_PART
HAS_PART
HAS_PART
HAS_PART
HAS_PART
HAS_PART
HAS_PART
HAS_PART
HAS_PART
HAS_PART
HAS_PART
HAS_PART
HAS_PART
HAS_PART
HAS_PART
HAS_PART
HAS_PART
HAS_PART
HAS_PART
HAS_PART
HAS_PART
HAS_PART
HAS_PART
HAS_PART
HAS_PART
HAS_PART
HAS_PART
HAS_PART
HAS_PART
HAS_PART
HAS_PART
HAS_ATTRIBUTE
HAS_ATTRIBUTE
HAS_ATTRIBUTE
HAS_ATTRIBUTE
HAS_ATTRIBUTE
HAS_ATTRIBUTE
HAS_ATTRIBUTE
HAS_ATTRIBUTE
HAS_ATTRIBUTE
HAS_ATTRIBUTE
HAS_ATTRIBUTE
HAS_ATTRIBUTE
HAS_ATTRIBUTE
HAS_ATTRIBUTE
HAS_ATTRIBUTE
HAS_ATTRIBUTE
HAS_ATTRIBUTE
HAS_ATTRIBUTE
HAS_ATTRIBUTE
HAS_ATTRIBUTE
HAS_ATTRIBUTE
HAS_ATTRIBUTE
HAS_ATTRIBUTE
HAS_ATTRIBUTE
HAS_ATTRIBUTE
HAS_ATTRIBUTE
HAS_ATTRIBUTE
HAS_ATTRIBUTE
HAS_ATTRIBUTE
HAS_ATTRIBUTE
HAS_ATTRIBUTE
HAS_ATTRIBUTE
HAS_ATTRIBUTE
HAS_ATTRIBUTE
HAS_ATTRIBUTE
HAS_ATTRIBUTE
HAS_ATTRIBUTE
HAS_ATTRIBUTE
HAS_ATTRIBUTE
HAS_ATTRIBUTE
HAS_ATTRIBUTE
HAS_ATTRIBUTE
HAS_ATTRIBUTE
HAS_ATTRIBUTE
HAS_ATTRIBUTE
HAS_ATTRIBUTE
HAS_ATTRIBUTE
HAS_ATTRIBUTE
HAS_ATTRIBUTE
HAS_ATTRIBUTE
HAS_ATTRIBUTE
HAS_ATTRIBUTE
HAS_ATTRIBUTE
HAS_ATTRIBUTE
HAS_ATTRIBUTE
HAS_ATTRIBUTE
HAS_ATTRIBUTE
HAS_ATTRIBUTE
HAS_ATTRIBUTE
HAS_ATTRIBUTE
HAS_ATTRIBUTE
HAS_ATTRIBUTE
HAS_ATTRIBUTE
HAS_ATTRIBUTE
HAS_ATTRIBUTE
HAS_ATTRIBUTE
HAS_ATTRIBUTE
HAS_ATTRIBUTE
HAS_ATTRIBUTE
HAS_ATTRIBUTE
HAS_ATTRIBUTE
HAS_ATTRIBUTE
HAS_ATTRIBUTE
HAS_ATTRIBUTE
HAS_ATTRIBUTE
HAS_ATTRIBUTE
HAS_ATTRIBUTE
HAS_ATTRIBUTE
HAS_ATTRIBUTE
HAS_ATTRIBUTE
HAS_ATTRIBUTE
HAS_ATTRIBUTE
HAS_ATTRIBUTE
HAS_ATTRIBUTE
HAS_ATTRIBUTE
HAS_ATTRIBUTE
HAS_ATTRIBUTE
HAS_ATTRIBUTE
HAS_ATTRIBUTE
HAS_ATTRIBUTE
HAS_ATTRIBUTE
HAS_ATTRIBUTE
HAS_ATTRIBUTE
HAS_ATTRIBUTE
HAS_ATTRIBUTE
HAS_ATTRIBUTE
HAS_ATTRIBUTE
HAS_ATTRIBUTE
HAS_ATTRIBUTE
HAS_ATTRIBUTE
HAS_ATTRIBUTE
HAS_ATTRIBUTE
HAS_ATTRIBUTE
HAS_ATTRIBUTE
HAS_ATTRIBUTE
HAS_ATTRIBUTE
HAS_LENGTH
HAS_DIAMETER
HAS_DIAMETER
HAS_QUANTITY
HAS_QUANTITY
HAS_QUANTITY
HAS_QUANTITY
HAS_QUANTITY
HAS_QUANTITY
HAS_SHAPE
HAS_DIMENSIONS
HAS_DIMENSIONS
HAS_DIMENSIONS
HAS_DIMENSIONS
HAS_DIMENSIONS
HAS_DIMENSIONS
HAS_QUANTITY
HAS_QUANTITY
HAS_QUANTITY
HAS_QUANTITY
HAS_LENGTH
HAS_SHAPE
HAS_ATTRIBUTE
HAS_ATTRIBUTE
HAS_QUANTITY
HAS_QUANTITY
HAS_QUANTITY
HAS_QUANTITY
HAS_QUANTITY
HAS_QUANTITY
HAS_QUANTITY
HAS_ATTRIBUTE
HAS_QUANTITY
HAS_QUANTITY
HAS_ATTRIBUTE
HAS_ATTRIBUTE
HAS_ATTRIBUTE
HAS_ATTRIBUTE
HAS_ATTRIBUTE
HAS_ATTRIBUTE
HAS_ATTRIBUTE
HAS_ATTRIBUTE
HAS_ATTRIBUTE
HAS_ATTRIBUTE
HAS_ATTRIBUTE
HAS_ATTRIBUTE
HAS_ATTRIBUTE
HAS_ATTRIBUTE
HAS_ATTRIBUTE
HAS_ATTRIBUTE
HAS_ATTRIBUTE
HAS_ATTRIBUTE
HAS_ATTRIBUTE
HAS_ATTRIBUTE
HAS_ATTRIBUTE
HAS_ATTRIBUTE
HAS_ATTRIBUTE
HAS_ATTRIBUTE
HAS_ATTRIBUTE
HAS_ATTRIBUTE
HAS_ATTRIBUTE
HAS_ATTRIBUTE
HAS_ATTRIBUTE
HAS_ATTRIBUTE
HAS_ATTRIBUTE
HAS_ATTRIBUTE
HAS_ATTRIBUTE
HAS_ATTRIBUTE
HAS_ATTRIBUTE
HAS_ATTRIBUTE
HAS_ATTRIBUTE
HAS_ATTRIBUTE
HAS_ATTRIBUTE
HAS_ATTRIBUTE
HAS_ATTRIBUTE
HAS_ATTRIBUTE
HAS_ATTRIBUTE
HAS_ATTRIBUTE
HAS_ATTRIBUTE
HAS_ATTRIBUTE
HAS_ATTRIBUTE
HAS_ATTRIBUTE
USED_FOR
HAS_FUNCTION
HAS_OPTION
HAS_ATTRIBUTE
HAS_ATTRIBUTE
HAS_ATTRIBUTE
HAS_ATTRIBUTE
HAS_ATTRIBUTE
HAS_ATTRIBUTE
HAS_ATTRIBUTE
HAS_ATTRIBUTE
HAS_ATTRIBUTE
HAS_ATTRIBUTE
HAS_ATTRIBUTE
HAS_ATTRIBUTE
HAS_ATTRIBUTE
HAS_QUANTITY
HAS_QUANTITY
HAS_ATTRIBUTE
HAS_ATTRIBUTE
HAS_ATTRIBUTE
HAS_ATTRIBUTE
HAS_ATTRIBUTE
HAS_ATTRIBUTE
HAS_ATTRIBUTE
HAS_ATTRIBUTE
HAS_ATTRIBUTE
HAS_ATTRIBUTE
HAS_ATTRIBUTE
HAS_ATTRIBUTE
HAS_ATTRIBUTE
HAS_ATTRIBUTE
HAS_ATTRIBUTE
LOCATED_IN
HAS_ATTRIBUTE
HAS_ATTRIBUTE
HAS_QUANTITY
HAS_QUANTITY
HAS_QUANTITY
HAS_QUANTITY
HAS_QUANTITY
HAS_QUANTITY
HAS_QUANTITY
HAS_QUANTITY
HAS_DIMENSION
HAS_DIMENSION
HAS_DIMENSION
HAS_DIMENSION
HAS_ATTRIBUTE
HAS_ATTRIBUTE
HAS_ATTRIBUTE
HAS_ATTRIBUTE
HAS_ATTRIBUTE
HAS_QUANTITY
HAS_QUANTITY
HAS_QUANTITY
HAS_QUANTITY
HAS_QUANTITY
HAS_QUANTITY
HAS_SPECIFICATION
HAS_SPECIFICATION
HAS_SPECIFICATION
HAS_SPECIFICATION
HAS_SPECIFICATION
HAS_SPECIFICATION
HAS_SPECIFICATION
HAS_SPECIFICATION
HAS_SPECIFICATION
HAS_SPECIFICATION
HAS_SPECIFICATION
HAS_SPECIFICATION
HAS_SPECIFICATION
HAS_SPECIFICATION
HAS_SPECIFICATION
HAS_SPECIFICATION
HAS_SPECIFICATION
HAS_SPECIFICATION
HAS_SPECIFICATION
HAS_SPECIFICATION
HAS_SPECIFICATION
HAS_SPECIFICATION
HAS_SPECIFICATION
HAS_SPECIFICATION
HAS_SPECIFICATION
HAS_SPECIFICATION
HAS_SPECIFICATION
HAS_SPECIFICATION
HAS_SPECIFICATION
HAS_SPECIFICATION
HAS_SPECIFICATION
HAS_SPECIFICATION
HAS_SPECIFICATION
HAS_SPECIFICATION
HAS_SPECIFICATION
HAS_SPECIFICATION
HAS_SPECIFICATION
HAS_SPECIFICATION
HAS_SPECIFICATION
HAS_SPECIFICATION
HAS_SPECIFICATION
HAS_SPECIFICATION
HAS_QUANTITY
HAS_QUANTITY
HAS_QUANTITY
HAS_QUANTITY
HAS_QUANTITY
HAS_QUANTITY
HAS_QUANTITY
HAS_SPECIFICATION
HAS_SPECIFICATION
IS_OPTIONAL
HAS_QUANTITY
HAS_QUANTITY
HAS_QUANTITY
HAS_QUANTITY
HAS_QUANTITY
HAS_QUANTITY
HAS_SPECIFICATION
HAS_SPECIFICATION
HAS_SPECIFICATION
HAS_SPECIFICATION
HAS_SPECIFICATION
HAS_SPECIFICATION
HAS_SPECIFICATION
HAS_SPECIFICATION
HAS_ATTRIBUTE
HAS_ATTRIBUTE
HAS_ATTRIBUTE
HAS_ATTRIBUTE
HAS_ATTRIBUTE
HAS_ATTRIBUTE
HAS_ATTRIBUTE
HAS_ATTRIBUTE
HAS_ATTRIBUTE
HAS_ATTRIBUTE
HAS_ATTRIBUTE
HAS_ATTRIBUTE
HAS_ATTRIBUTE
HAS_ATTRIBUTE
USED_BY
USED_BY
USED_IN
DESCRIBES
USED_FOR
USED_FOR
USED_FOR
HAS_ATTRIBUTE
HAS_ATTRIBUTE
HAS_ATTRIBUTE
HAS_ATTRIBUTE
HAS_ATTRIBUTE
HAS_ATTRIBUTE
HAS_ATTRIBUTE
HAS_ATTRIBUTE
HAS_ATTRIBUTE
HAS_ATTRIBUTE
HAS_ATTRIBUTE
HAS_ATTRIBUTE
HAS_ATTRIBUTE
HAS_ATTRIBUTE
HAS_ATTRIBUTE
HAS_ATTRIBUTE
HAS_ATTRIBUTE
HAS_ATTRIBUTE
HAS_ATTRIBUTE
HAS_ATTRIBUTE
HAS_ATTRIBUTE
HAS_ATTRIBUTE
HAS_ATTRIBUTE
HAS_ATTRIBUTE
HAS_ATTRIBUTE
HAS_ATTRIBUTE
HAS_ATTRIBUTE
HAS_ATTRIBUTE
HAS_ATTRIBUTE
HAS_ATTRIBUTE
HAS_ATTRIBUTE
HAS_ATTRIBUTE
HAS_ATTRIBUTE
HAS_ATTRIBUTE
HAS_ATTRIBUTE
HAS_ATTRIBUTE
HAS_ATTRIBUTE
HAS_ATTRIBUTE
HAS_OPTION
HAS_OPTION
RECOMMENDS
RECOMMENDS
RECOMMENDS
HAS_ATTRIBUTE
HAS_ATTRIBUTE
HAS_ATTRIBUTE
HAS_ATTRIBUTE
HAS_ATTRIBUTE
HAS_ATTRIBUTE
HAS_ATTRIBUTE
HAS_ATTRIBUTE
HAS_ATTRIBUTE
HAS_ATTRIBUTE
HAS_ATTRIBUTE
HAS_ATTRIBUTE
HAS_ATTRIBUTE
HAS_ATTRIBUTE
HAS_ATTRIBUTE
HAS_ATTRIBUTE
HAS_ATTRIBUTE
HAS_ATTRIBUTE
HAS_ATTRIBUTE
HAS_ATTRIBUTE
HAS_ATTRIBUTE
HAS_ATTRIBUTE
HAS_ATTRIBUTE
HAS_ATTRIBUTE
HAS_ATTRIBUTE
HAS_ATTRIBUTE
HAS_ATTRIBUTE
HAS_ATTRIBUTE
HAS_ATTRIBUTE
HAS_ATTRIBUTE
HAS_ATTRIBUTE
HAS_ATTRIBUTE
HAS_ATTRIBUTE
HAS_ATTRIBUTE
HAS_ATTRIBUTE
HAS_ATTRIBUTE
HAS_ATTRIBUTE
HAS_ATTRIBUTE
HAS_ATTRIBUTE
HAS_ATTRIBUTE
HAS_ATTRIBUTE
HAS_ATTRIBUTE
HAS_ATTRIBUTE
HAS_ATTRIBUTE
HAS_ATTRIBUTE
HAS_ATTRIBUTE
HAS_ATTRIBUTE
HAS_ATTRIBUTE
HAS_ATTRIBUTE
HAS_ATTRIBUTE
HAS_ATTRIBUTE
HAS_ATTRIBUTE
HAS_ATTRIBUTE
HAS_ATTRIBUTE
HAS_ATTRIBUTE
HAS_ATTRIBUTE
HAS_ATTRIBUTE
HAS_ATTRIBUTE
HAS_ATTRIBUTE
HAS_ATTRIBUTE
HAS_ATTRIBUTE
HAS_ATTRIBUTE
HAS_ATTRIBUTE
HAS_ATTRIBUTE
HAS_ATTRIBUTE
HAS_ATTRIBUTE
HAS_ATTRIBUTE
HAS_ATTRIBUTE
HAS_ATTRIBUTE
HAS_ATTRIBUTE
HAS_ATTRIBUTE
HAS_ATTRIBUTE
HAS_ATTRIBUTE
HAS_ATTRIBUTE
HAS_ATTRIBUTE
HAS_ATTRIBUTE
HAS_ATTRIBUTE
HAS_ATTRIBUTE
HAS_ATTRIBUTE
HAS_ATTRIBUTE
HAS_ATTRIBUTE
HAS_ATTRIBUTE
HAS_ATTRIBUTE
HAS_ATTRIBUTE
HAS_ATTRIBUTE
HAS_ATTRIBUTE
HAS_ATTRIBUTE
HAS_ATTRIBUTE
HAS_ATTRIBUTE
HAS_ATTRIBUTE
LOCATED_AT
HAS_ATTRIBUTE
HAS_ATTRIBUTE
HAS_ATTRIBUTE
HAS_ATTRIBUTE
HAS_ATTRIBUTE
HAS_ATTRIBUTE
USED_FOR
HAS_ATTRIBUTE
HAS_ATTRIBUTE
HAS_ATTRIBUTE
HAS_ATTRIBUTE
HAS_ATTRIBUTE
HAS_ATTRIBUTE
HAS_ATTRIBUTE
HAS_ATTRIBUTE
HAS_ATTRIBUTE
HAS_ATTRIBUTE
HAS_ATTRIBUTE
HAS_ATTRIBUTE
HAS_ATTRIBUTE
HAS_ATTRIBUTE
HAS_ATTRIBUTE
HAS_ATTRIBUTE
HAS_ATTRIBUTE
HAS_ATTRIBUTE
HAS_ATTRIBUTE
HAS_ATTRIBUTE
HAS_ATTRIBUTE
HAS_ATTRIBUTE
HAS_ATTRIBUTE
HAS_ATTRIBUTE
HAS_ATTRIBUTE
HAS_ATTRIBUTE
HAS_ATTRIBUTE
HAS_ATTRIBUTE
HAS_ATTRIBUTE
HAS_ATTRIBUTE
HAS_ATTRIBUTE
HAS_ATTRIBUTE
HAS_ATTRIBUTE
HAS_ATTRIBUTE
HAS_ATTRIBUTE
HAS_ATTRIBUTE
HAS_ATTRIBUTE
HAS_ATTRIBUTE
HAS_ATTRIBUTE
HAS_ATTRIBUTE
HAS_ATTRIBUTE
HAS_ATTRIBUTE
HAS_ATTRIBUTE
HAS_ATTRIBUTE
HAS_ATTRIBUTE
HAS_ATTRIBUTE
HAS_ATTRIBUTE
HAS_ATTRIBUTE
HAS_ATTRIBUTE
HAS_ATTRIBUTE
HAS_ATTRIBUTE
HAS_ATTRIBUTE
HAS_ATTRIBUTE
HAS_ATTRIBUTE
HAS_ATTRIBUTE
HAS_ATTRIBUTE
HAS_ATTRIBUTE
HAS_ATTRIBUTE
HAS_ATTRIBUTE
HAS_ATTRIBUTE
HAS_ATTRIBUTE
HAS_ATTRIBUTE
HAS_ATTRIBUTE
HAS_ATTRIBUTE
HAS_ATTRIBUTE
HAS_ATTRIBUTE
HAS_ATTRIBUTE
HAS_ATTRIBUTE
HAS_ATTRIBUTE
HAS_ATTRIBUTE
HAS_ATTRIBUTE
HAS_ATTRIBUTE
HAS_ATTRIBUTE
HAS_ATTRIBUTE
HAS_ATTRIBUTE
HAS_ATTRIBUTE
HAS_ATTRIBUTE
HAS_ATTRIBUTE
HAS_ATTRIBUTE
HAS_ATTRIBUTE
HAS_ATTRIBUTE
HAS_ATTRIBUTE
HAS_ATTRIBUTE
HAS_ATTRIBUTE
HAS_ATTRIBUTE
HAS_ATTRIBUTE
HAS_ATTRIBUTE
HAS_ATTRIBUTE
HAS_ATTRIBUTE
HAS_ATTRIBUTE
HAS_ATTRIBUTE
HAS_ATTRIBUTE
HAS_ATTRIBUTE
HAS_ATTRIBUTE
HAS_ATTRIBUTE
HAS_ATTRIBUTE
HAS_ATTRIBUTE
HAS_ATTRIBUTE
HAS_ATTRIBUTE
HAS_ATTRIBUTE
HAS_ATTRIBUTE
HAS_ATTRIBUTE
HAS_ATTRIBUTE
HAS_ATTRIBUTE
HAS_ATTRIBUTE
HAS_ATTRIBUTE
HAS_ATTRIBUTE
HAS_ATTRIBUTE
HAS_ATTRIBUTE
HAS_ATTRIBUTE
HAS_ATTRIBUTE
HAS_ATTRIBUTE
HAS_ATTRIBUTE
HAS_ATTRIBUTE
HAS_ATTRIBUTE
HAS_ATTRIBUTE
HAS_ATTRIBUTE
MONITORS
HAS_ATTRIBUTE
HAS_ATTRIBUTE
HAS_ATTRIBUTE
HAS_ATTRIBUTE
HAS_VALUE
HAS_VALUE
HAS_VALUE
HAS_VALUE
HAS_VALUE
HAS_VALUE
HAS_VALUE
HAS_VALUE
HAS_VALUE
HAS_VALUE
HAS_VALUE
HAS_VALUE
HAS_VALUE
HAS_VALUE
HAS_VALUE
HAS_VALUE
HAS_VALUE
HAS_VALUE
HAS_VALUE
HAS_VALUE
HAS_VALUE
HAS_VALUE
HAS_VALUE
HAS_VALUE
HAS_VALUE
HAS_VALUE
HAS_VALUE
HAS_VALUE
HAS_VALUE
HAS_VALUE
HAS_VALUE
HAS_VALUE
HAS_VALUE
HAS_VALUE
HAS_VALUE
HAS_VALUE
HAS_VALUE
HAS_VALUE
HAS_VALUE
HAS_VALUE
HAS_VALUE
HAS_VALUE
HAS_VALUE
HAS_VALUE
HAS_VALUE
HAS_VALUE
HAS_VALUE
HAS_VALUE
HAS_VALUE
HAS_VALUE
HAS_VALUE
HAS_VALUE
HAS_VALUE
HAS_VALUE
HAS_VALUE
HAS_VALUE
HAS_VALUE
HAS_VALUE
HAS_VALUE
HAS_VALUE
HAS_VALUE
HAS_VALUE
HAS_VALUE
HAS_VALUE
HAS_VALUE
HAS_VALUE
HAS_VALUE
HAS_VALUE
HAS_VALUE
HAS_VALUE
HAS_VALUE
HAS_VALUE
HAS_VALUE
HAS_VALUE
HAS_VALUE
HAS_VALUE
HAS_VALUE
HAS_VALUE
HAS_VALUE
HAS_VALUE
HAS_VALUE
HAS_VALUE
HAS_VALUE
HAS_VALUE
HAS_VALUE
HAS_VALUE
HAS_VALUE
HAS_VALUE
HAS_VALUE
HAS_VALUE
HAS_VALUE
HAS_VALUE
CONTROLS
HAS_ATTRIBUTE
HAS_ATTRIBUTE
HAS_ATTRIBUTE
HAS_ATTRIBUTE
HAS_ATTRIBUTE
HAS_ATTRIBUTE
HAS_ATTRIBUTE
AVOIDS
AVOIDS
AVOIDS
HAS_ATTRIBUTE
HAS_ATTRIBUTE
HAS_ATTRIBUTE
HAS_ATTRIBUTE
HAS_ATTRIBUTE
HAS_ATTRIBUTE
HAS_ATTRIBUTE
HAS_ATTRIBUTE
HAS_ATTRIBUTE
HAS_ATTRIBUTE
HAS_ATTRIBUTE
HAS_ATTRIBUTE
HAS_ATTRIBUTE
HAS_ATTRIBUTE
HAS_ATTRIBUTE
HAS_ATTRIBUTE
HAS_ATTRIBUTE
HAS_ATTRIBUTE
HAS_ATTRIBUTE
HAS_ATTRIBUTE
AVOIDS
AVOIDS
AVOIDS
HAS_ATTRIBUTE
HAS_ATTRIBUTE
HAS_ATTRIBUTE
HAS_ATTRIBUTE
HAS_ATTRIBUTE
HAS_ATTRIBUTE
HAS_ATTRIBUTE
HAS_ATTRIBUTE
HAS_ATTRIBUTE
HAS_ATTRIBUTE
HAS_ATTRIBUTE
HAS_ATTRIBUTE
HAS_ATTRIBUTE
HAS_ATTRIBUTE
HAS_ATTRIBUTE
HAS_ATTRIBUTE
HAS_ATTRIBUTE
HAS_ATTRIBUTE
HAS_ATTRIBUTE
HAS_ATTRIBUTE
HAS_ATTRIBUTE
HAS_ATTRIBUTE
HAS_ATTRIBUTE
HAS_ROOM_CODE
CAN_BE_USED_AS
CAN_BE_USED_AS
CAN_BE_USED_AS
HAS_SIZE
HAS_HEIGHT
LOCATED_IN_PAGE
HAS_ATTRIBUTE
HAS_ATTRIBUTE
HAS_ATTRIBUTE
HAS_ATTRIBUTE
HAS_ATTRIBUTE
HAS_ATTRIBUTE
HAS_ATTRIBUTE
HAS_ATTRIBUTE
HAS_ATTRIBUTE
HAS_ATTRIBUTE
HAS_ATTRIBUTE
HAS_ATTRIBUTE
HAS_ATTRIBUTE
HAS_ATTRIBUTE
HAS_ATTRIBUTE
HAS_ATTRIBUTE
HAS_ATTRIBUTE
HAS_ATTRIBUTE
HAS_ATTRIBUTE
HAS_ATTRIBUTE
HAS_ATTRIBUTE
HAS_ATTRIBUTE
HAS_ATTRIBUTE
HAS_ATTRIBUTE
HAS_ATTRIBUTE
HAS_ATTRIBUTE
HAS_ATTRIBUTE
HAS_ATTRIBUTE
HAS_ATTRIBUTE
HAS_ATTRIBUTE
HAS_CODE
HAS_ATTRIBUTE
HAS_ATTRIBUTE
HAS_ATTRIBUTE
USED_FOR
USED_FOR
HAS_ATTRIBUTE
HAS_ATTRIBUTE
HAS_ATTRIBUTE
HAS_ATTRIBUTE
HAS_ATTRIBUTE
HAS_ATTRIBUTE
HAS_ATTRIBUTE
HAS_ATTRIBUTE
HAS_ATTRIBUTE
HAS_ATTRIBUTE
HAS_ATTRIBUTE
HAS_ATTRIBUTE
HAS_ATTRIBUTE
HAS_ATTRIBUTE
HAS_ATTRIBUTE
HAS_ATTRIBUTE
HAS_ATTRIBUTE
HAS_ATTRIBUTE
HAS_ATTRIBUTE
HAS_ATTRIBUTE
HAS_ATTRIBUTE
HAS_ATTRIBUTE
HAS_ATTRIBUTE
HAS_ATTRIBUTE
HAS_ATTRIBUTE
HAS_ATTRIBUTE
HAS_ATTRIBUTE
HAS_ATTRIBUTE
HAS_ATTRIBUTE
HAS_ATTRIBUTE
HAS_ATTRIBUTE
HAS_ATTRIBUTE
HAS_ATTRIBUTE
HAS_ATTRIBUTE
HAS_ATTRIBUTE
HAS_ATTRIBUTE
HAS_ATTRIBUTE
HAS_ATTRIBUTE
HAS_ATTRIBUTE
HAS_ATTRIBUTE
HAS_ATTRIBUTE
HAS_ATTRIBUTE
HAS_ATTRIBUTE
HAS_ATTRIBUTE
HAS_ATTRIBUTE
HAS_ATTRIBUTE
HAS_ATTRIBUTE
HAS_ATTRIBUTE
HAS_ATTRIBUTE
HAS_ATTRIBUTE
HAS_ATTRIBUTE
HAS_ATTRIBUTE
HAS_ATTRIBUTE
HAS_ATTRIBUTE
HAS_ATTRIBUTE
HAS_ATTRIBUTE
HAS_ATTRIBUTE
HAS_ATTRIBUTE
HAS_ATTRIBUTE
HAS_ATTRIBUTE
HAS_ATTRIBUTE
HAS_ATTRIBUTE
HAS_ATTRIBUTE
HAS_ATTRIBUTE
HAS_ATTRIBUTE
HAS_ATTRIBUTE
HAS_ATTRIBUTE
HAS_ATTRIBUTE
HAS_ATTRIBUTE
HAS_ATTRIBUTE
HAS_ATTRIBUTE
HAS_ATTRIBUTE
HAS_ATTRIBUTE
HAS_ATTRIBUTE
HAS_ATTRIBUTE
HAS_ATTRIBUTE
HAS_ATTRIBUTE
HAS_ATTRIBUTE
HAS_ATTRIBUTE
HAS_ATTRIBUTE
HAS_ATTRIBUTE
HAS_ATTRIBUTE
HAS_ATTRIBUTE
HAS_ATTRIBUTE
HAS_ATTRIBUTE
HAS_ATTRIBUTE
HAS_ATTRIBUTE
HAS_ATTRIBUTE
HAS_ATTRIBUTE
HAS_ATTRIBUTE
HAS_ATTRIBUTE
HAS_ATTRIBUTE
HAS_ATTRIBUTE
HAS_ATTRIBUTE
HAS_ATTRIBUTE
HAS_ATTRIBUTE
HAS_ATTRIBUTE
HAS_ATTRIBUTE
HAS_ATTRIBUTE
HAS_ATTRIBUTE
HAS_ATTRIBUTE
HAS_ATTRIBUTE
HAS_ATTRIBUTE
HAS_ATTRIBUTE
HAS_ATTRIBUTE
HAS_ATTRIBUTE
HAS_ATTRIBUTE
HAS_ATTRIBUTE
HAS_ATTRIBUTE
HAS_ATTRIBUTE
HAS_ATTRIBUTE
HAS_ATTRIBUTE
HAS_ATTRIBUTE
HAS_ATTRIBUTE
HAS_ATTRIBUTE
HAS_ATTRIBUTE
HAS_ATTRIBUTE
HAS_ATTRIBUTE
HAS_ATTRIBUTE
HAS_ATTRIBUTE
HAS_ATTRIBUTE
HAS_ATTRIBUTE
HAS_ATTRIBUTE
HAS_ATTRIBUTE
HAS_ATTRIBUTE
HAS_ATTRIBUTE
HAS_ATTRIBUTE
HAS_ATTRIBUTE
HAS_ATTRIBUTE
HAS_ATTRIBUTE
HAS_ATTRIBUTE
HAS_ATTRIBUTE
HAS_ATTRIBUTE
HAS_ATTRIBUTE
HAS_ATTRIBUTE
HAS_ATTRIBUTE
HAS_ATTRIBUTE
HAS_ATTRIBUTE
HAS_ATTRIBUTE
HAS_ATTRIBUTE
HAS_ATTRIBUTE
HAS_ATTRIBUTE
HAS_ATTRIBUTE
HAS_ATTRIBUTE
HAS_ATTRIBUTE
HAS_ATTRIBUTE
HAS_ATTRIBUTE
HAS_ATTRIBUTE
HAS_ATTRIBUTE
HAS_ATTRIBUTE
HAS_ATTRIBUTE
HAS_ATTRIBUTE
HAS_ATTRIBUTE
HAS_ATTRIBUTE
HAS_ATTRIBUTE
HAS_ATTRIBUTE
HAS_ATTRIBUTE
HAS_ATTRIBUTE
HAS_ATTRIBUTE
HAS_ATTRIBUTE
HAS_SIZE
HAS_AREA
HAS_HEIGHT
HAS_PROPERTY
HAS_PROPERTY
HAS_ROOM_CODE
HAS_ATTRIBUTE
HAS_ATTRIBUTE
HAS_ATTRIBUTE
HAS_ATTRIBUTE
HAS_ATTRIBUTE
HAS_ATTRIBUTE
HAS_ATTRIBUTE
HAS_ATTRIBUTE
HAS_ATTRIBUTE
HAS_ATTRIBUTE
HAS_ATTRIBUTE
HAS_ATTRIBUTE
HAS_ATTRIBUTE
HAS_ATTRIBUTE
HAS_ATTRIBUTE
HAS_ATTRIBUTE
HAS_ATTRIBUTE
HAS_ATTRIBUTE
HAS_ATTRIBUTE
HAS_ATTRIBUTE
HAS_ATTRIBUTE
HAS_ATTRIBUTE
HAS_ATTRIBUTE
HAS_ATTRIBUTE
HAS_ATTRIBUTE
HAS_ATTRIBUTE
HAS_ATTRIBUTE
HAS_ATTRIBUTE
HAS_ATTRIBUTE
HAS_ATTRIBUTE
HAS_ATTRIBUTE
HAS_ATTRIBUTE
HAS_ATTRIBUTE
HAS_ATTRIBUTE
HAS_ATTRIBUTE
HAS_ATTRIBUTE
HAS_ATTRIBUTE
HAS_ATTRIBUTE
HAS_ATTRIBUTE
HAS_ATTRIBUTE
HAS_ATTRIBUTE
HAS_ATTRIBUTE
HAS_ATTRIBUTE
HAS_ATTRIBUTE
HAS_ATTRIBUTE
HAS_ATTRIBUTE
HAS_ATTRIBUTE
HAS_ATTRIBUTE
HAS_ATTRIBUTE
HAS_ATTRIBUTE
HAS_ATTRIBUTE
HAS_ATTRIBUTE
HAS_ATTRIBUTE
HAS_ATTRIBUTE
HAS_SIZE
HAS_SIZE
HAS_HEIGHT
HAS_HEIGHT
HAS_AREA
HAS_AREA
HAS_FEATURE
HAS_SIZE
HAS_FEATURE
HAS_FEATURE
HAS_FEATURE
HAS_FEATURE
HAS_FEATURE
HAS_FEATURE
AFFECTS
FACILITATES
FACILITATES
FACILITATES
PROTECTS
PROTECTS
CREATES
DEFINES
SPECIFIES
APPLIES_TO
APPLIES_TO
CONSISTS_OF
DEPENDS_ON
REDUCES
IS_PART_OF
IS_PART_OF
IS_PART_OF
IS_PART_OF
IS_PART_OF
IS_ESSENTIAL_FOR
IS_CREATED_BY
IS_AFFECTED_BY
IS_FACILITATED_BY
IS_FACILITATED_BY
IS_FACILITATED_BY
IS_PROVIDED_BY
IS_PROTECTED_BY
IS_PROTECTED_BY
ENABLES
ENABLES
ENABLES
ENSURES
SAFEGUARDS
SAFEGUARDS
HAS_ATTRIBUTE
HAS_ATTRIBUTE
HAS_ATTRIBUTE
USED_FOR
USED_FOR
HAS_QUANTITY
HAS_QUANTITY
HAS_QUANTITY
HAS_QUANTITY
HAS_QUANTITY
HAS_QUANTITY
HAS_QUANTITY
HAS_ATTRIBUTE
HAS_ATTRIBUTE
HAS_ATTRIBUTE
HAS_ATTRIBUTE
HAS_ATTRIBUTE
HAS_ATTRIBUTE
HAS_ATTRIBUTE
HAS_ATTRIBUTE
HAS_ATTRIBUTE
HAS_ATTRIBUTE
HAS_ATTRIBUTE
HAS_ATTRIBUTE
HAS_ATTRIBUTE
HAS_ATTRIBUTE
HAS_ATTRIBUTE
HAS_ATTRIBUTE
HAS_ATTRIBUTE
HAS_ATTRIBUTE
HAS_ATTRIBUTE
HAS_ATTRIBUTE
HAS_ATTRIBUTE
HAS_ATTRIBUTE
HAS_ATTRIBUTE
HAS_ATTRIBUTE
HAS_ATTRIBUTE
HAS_ATTRIBUTE
HAS_ATTRIBUTE
HAS_ATTRIBUTE
HAS_ATTRIBUTE
HAS_ATTRIBUTE
HAS_ATTRIBUTE
HAS_ATTRIBUTE
HAS_ATTRIBUTE
HAS_ATTRIBUTE
HAS_ATTRIBUTE
HAS_ATTRIBUTE
HAS_ATTRIBUTE
HAS_ATTRIBUTE
HAS_ATTRIBUTE
HAS_ATTRIBUTE
HAS_ATTRIBUTE
HAS_ATTRIBUTE
HAS_ATTRIBUTE
HAS_ATTRIBUTE
HAS_TEMPERATURE
HAS_HUMIDITY
HAS_ATTRIBUTE
HAS_ATTRIBUTE
HAS_ATTRIBUTE
HAS_ATTRIBUTE
HAS_LOCATION
HAS_ATTRIBUTE
HAS_ATTRIBUTE
HAS_ATTRIBUTE
HAS_ATTRIBUTE
HAS_ATTRIBUTE
HAS_ATTRIBUTE
HAS_ATTRIBUTE
HAS_ATTRIBUTE
HAS_ATTRIBUTE
HAS_ATTRIBUTE
HAS_ATTRIBUTE
HAS_ATTRIBUTE
HAS_ATTRIBUTE
HAS_ATTRIBUTE
HAS_ATTRIBUTE
HAS_ATTRIBUTE
HAS_ATTRIBUTE
HAS_ATTRIBUTE
HAS_ATTRIBUTE
HAS_ATTRIBUTE
HAS_ATTRIBUTE
HAS_ATTRIBUTE
HAS_ATTRIBUTE
HAS_ATTRIBUTE
HAS_ATTRIBUTE
HAS_ATTRIBUTE
HAS_ATTRIBUTE
HAS_ATTRIBUTE
HAS_ATTRIBUTE
HAS_ATTRIBUTE
HAS_ATTRIBUTE
HAS_NAME
HAS_CODE
HAS_ATTRIBUTE
HAS_ATTRIBUTE
HAS_ATTRIBUTE
HAS_ATTRIBUTE
HAS_ATTRIBUTE
HAS_ATTRIBUTE
HAS_ATTRIBUTE
HAS_ATTRIBUTE
HAS_ATTRIBUTE
HAS_ATTRIBUTE
HAS_ATTRIBUTE
HAS_ATTRIBUTE
HAS_ATTRIBUTE
HAS_ATTRIBUTE
HAS_ATTRIBUTE
HAS_ATTRIBUTE
HAS_ATTRIBUTE
HAS_ATTRIBUTE
HAS_ATTRIBUTE
HAS_ATTRIBUTE
HAS_ATTRIBUTE
HAS_ATTRIBUTE
HAS_ATTRIBUTE
HAS_ATTRIBUTE
HAS_ATTRIBUTE
HAS_ATTRIBUTE
HAS_ATTRIBUTE
HAS_ATTRIBUTE
HAS_ATTRIBUTE
HAS_ATTRIBUTE
HAS_ATTRIBUTE
HAS_ATTRIBUTE
HAS_ATTRIBUTE
HAS_ATTRIBUTE
HAS_ATTRIBUTE
HAS_ATTRIBUTE
HAS_ATTRIBUTE
HAS_ATTRIBUTE
HAS_ATTRIBUTE
HAS_ATTRIBUTE
HAS_ATTRIBUTE
HAS_ATTRIBUTE
HAS_ATTRIBUTE
HAS_ATTRIBUTE
HAS_ATTRIBUTE
HAS_ATTRIBUTE
HAS_ATTRIBUTE
HAS_ATTRIBUTE
HAS_ATTRIBUTE
HAS_ATTRIBUTE
HAS_ATTRIBUTE
HAS_ATTRIBUTE
HAS_ATTRIBUTE
HAS_ATTRIBUTE
HAS_ATTRIBUTE
HAS_ATTRIBUTE
HAS_ATTRIBUTE
HAS_ATTRIBUTE
HAS_ATTRIBUTE
HAS_ATTRIBUTE
HAS_ATTRIBUTE
HAS_ATTRIBUTE
HAS_ATTRIBUTE
HAS_ATTRIBUTE
HAS_ATTRIBUTE
HAS_ATTRIBUTE
HAS_ATTRIBUTE
HAS_ATTRIBUTE
HAS_ATTRIBUTE
HAS_ATTRIBUTE
HAS_ATTRIBUTE
HAS_ATTRIBUTE
HAS_ATTRIBUTE
HAS_ATTRIBUTE
HAS_ATTRIBUTE
HAS_ATTRIBUTE
HAS_ATTRIBUTE
HAS_ATTRIBUTE
HAS_ATTRIBUTE
HAS_ATTRIBUTE
HAS_ATTRIBUTE
HAS_ATTRIBUTE
HAS_ATTRIBUTE
HAS_ATTRIBUTE
HAS_ATTRIBUTE
HAS_ATTRIBUTE
HAS_ATTRIBUTE
HAS_ATTRIBUTE
HAS_ATTRIBUTE
HAS_ATTRIBUTE
HAS_ATTRIBUTE
HAS_ATTRIBUTE
HAS_ATTRIBUTE
HAS_ATTRIBUTE
HAS_ATTRIBUTE
HAS_ATTRIBUTE
HAS_ATTRIBUTE
HAS_ATTRIBUTE
HAS_ATTRIBUTE
HAS_ATTRIBUTE
HAS_ATTRIBUTE
HAS_ATTRIBUTE
HAS_ATTRIBUTE
HAS_ATTRIBUTE
HAS_ATTRIBUTE
HAS_ATTRIBUTE
HAS_ATTRIBUTE
HAS_ATTRIBUTE
HAS_ATTRIBUTE
HAS_ATTRIBUTE
HAS_ATTRIBUTE
HAS_ATTRIBUTE
HAS_ATTRIBUTE
HAS_ATTRIBUTE
HAS_ATTRIBUTE
HAS_ATTRIBUTE
HAS_ATTRIBUTE
HAS_ATTRIBUTE
HAS_ATTRIBUTE
HAS_ATTRIBUTE
HAS_ATTRIBUTE
HAS_ATTRIBUTE
HAS_ATTRIBUTE
HAS_ATTRIBUTE
HAS_ATTRIBUTE
LOCATED_IN
HAS_ATTRIBUTE
HAS_ATTRIBUTE
HAS_ATTRIBUTE
HAS_ATTRIBUTE
HAS_ATTRIBUTE
HAS_ATTRIBUTE
HAS_ATTRIBUTE
HAS_ATTRIBUTE
HAS_ATTRIBUTE
HAS_ATTRIBUTE
HAS_ATTRIBUTE
HAS_ATTRIBUTE
HAS_ATTRIBUTE
HAS_ATTRIBUTE
HAS_ATTRIBUTE
HAS_ATTRIBUTE
HAS_ATTRIBUTE
HAS_ATTRIBUTE
HAS_ATTRIBUTE
HAS_ATTRIBUTE
HAS_ATTRIBUTE
HAS_ATTRIBUTE
HAS_ATTRIBUTE
HAS_ATTRIBUTE
USED_IN
HAS_EQUIPMENT
HAS_ATTRIBUTE
HAS_ATTRIBUTE
HAS_ATTRIBUTE
HAS_ATTRIBUTE
HAS_ATTRIBUTE
HAS_ATTRIBUTE
HAS_ATTRIBUTE
HAS_ATTRIBUTE
HAS_ATTRIBUTE
HAS_ATTRIBUTE
HAS_ATTRIBUTE
HAS_ATTRIBUTE
HAS_ATTRIBUTE
HAS_ATTRIBUTE
HAS_ATTRIBUTE
HAS_ATTRIBUTE
HAS_ATTRIBUTE
HAS_ATTRIBUTE
HAS_ATTRIBUTE
HAS_ATTRIBUTE
HAS_ATTRIBUTE
HAS_ATTRIBUTE
HAS_CODE
HAS_SIZE
HAS_DIMENSION
HAS_HEIGHT
HAS_ATTRIBUTE
HAS_ATTRIBUTE
HAS_ATTRIBUTE
HAS_ATTRIBUTE
HAS_ATTRIBUTE
HAS_STATE
HAS_WEIGHT
HAS_WEIGHT
HAS_WEIGHT
HAS_FUNCTION
HAS_ATTRIBUTE
HAS_ATTRIBUTE
HAS_ATTRIBUTE
HAS_ATTRIBUTE
HAS_ATTRIBUTE
HAS_ATTRIBUTE
HAS_ATTRIBUTE
HAS_ATTRIBUTE
HAS_ATTRIBUTE
HAS_ATTRIBUTE
HAS_ATTRIBUTE
HAS_ATTRIBUTE
HAS_ATTRIBUTE
HAS_QUANTITY
HAS_SPECIFICATION
HAS_QUANTITY
HAS_SPECIFICATION
HAS_QUANTITY
HAS_SPECIFICATION
HAS_QUANTITY
HAS_SPECIFICATION
HAS_QUANTITY
HAS_SPECIFICATION
HAS_QUANTITY
HAS_SPECIFICATION
HAS_QUANTITY
HAS_SPECIFICATION
HAS_QUANTITY
HAS_SPECIFICATION
HAS_QUANTITY
HAS_SPECIFICATION
HAS_SPECIFICATION
HAS_QUANTITY
HAS_SPECIFICATION
HAS_QUANTITY
HAS_SPECIFICATION
HAS_SPECIFICATION
HAS_SPECIFICATION
HAS_SPECIFICATION
HAS_ROOM_CODE
HAS_CATEGORY
HAS_SIZE
HAS_AREA
HAS_HEIGHT
HAS_ATTRIBUTE
HAS_ATTRIBUTE
HAS_ATTRIBUTE
HAS_ATTRIBUTE
HAS_ATTRIBUTE
HAS_ATTRIBUTE
LOCATED_IN
LOCATED_IN
HAS_ATTRIBUTE
LOCATED_BETWEEN
LOCATED_BETWEEN
HAS_ATTRIBUTE
HAS_ATTRIBUTE
HAS_ATTRIBUTE
LOCATED_IN
AVOIDS
AVOIDS
DESIGNED_FOR
HAS_ATTRIBUTE
HAS_ATTRIBUTE
HAS_ATTRIBUTE
HAS_ATTRIBUTE
HAS_ATTRIBUTE
HAS_ATTRIBUTE
HAS_ATTRIBUTE
HAS_ATTRIBUTE
HAS_ATTRIBUTE
HAS_ATTRIBUTE
HAS_ATTRIBUTE
HAS_ATTRIBUTE
HAS_ATTRIBUTE
HAS_ATTRIBUTE
HAS_ATTRIBUTE
HAS_ATTRIBUTE
HAS_ATTRIBUTE
HAS_ATTRIBUTE
HAS_ATTRIBUTE
HAS_ATTRIBUTE
HAS_ATTRIBUTE
HAS_ATTRIBUTE
HAS_ATTRIBUTE
HAS_ATTRIBUTE
HAS_ATTRIBUTE
HAS_ATTRIBUTE
HAS_ATTRIBUTE
HAS_ATTRIBUTE
HAS_ATTRIBUTE
HAS_ATTRIBUTE
HAS_ATTRIBUTE
HAS_ATTRIBUTE
HAS_ATTRIBUTE
HAS_ATTRIBUTE
HAS_ATTRIBUTE
HAS_RANGE
HAS_RANGE
HAS_SPECIFICATION
HAS_SPECIFICATION
HAS_SPECIFICATION
HAS_SPECIFICATION
HAS_SPECIFICATION
HAS_SPECIFICATION
HAS_SPECIFICATION
HAS_SPECIFICATION
HAS_SPECIFICATION
HAS_SPECIFICATION
HAS_QUANTITY
HAS_QUANTITY
HAS_QUANTITY
HAS_QUANTITY
HAS_ATTRIBUTE
HAS_QUANTITY
HAS_ATTRIBUTE
HAS_ATTRIBUTE
HAS_ATTRIBUTE
HAS_ATTRIBUTE
HAS_ATTRIBUTE
HAS_ATTRIBUTE
HAS_ATTRIBUTE
HAS_ATTRIBUTE
HAS_ATTRIBUTE
HAS_ATTRIBUTE
HAS_ATTRIBUTE
HAS_ATTRIBUTE
HAS_ATTRIBUTE
HAS_ATTRIBUTE
HAS_ATTRIBUTE
HAS_SIZE
HAS_AREA
HAS_SIZE
HAS_AREA
HAS_SIZE
HAS_ATTRIBUTE
HAS_ATTRIBUTE
HAS_ATTRIBUTE
HAS_ATTRIBUTE
HAS_ATTRIBUTE
HAS_ATTRIBUTE
HAS_ATTRIBUTE
HAS_ATTRIBUTE
HAS_ATTRIBUTE
HAS_ATTRIBUTE
HAS_ATTRIBUTE
HAS_ATTRIBUTE
HAS_ATTRIBUTE
HAS_SPEC
HAS_SPEC
HAS_SPEC
HAS_SPEC
HAS_SPEC
HAS_SPEC
HAS_SPEC
HAS_SPEC
HAS_SPEC
HAS_SPEC
HAS_SPEC
HAS_SPEC
USED_FOR
HAS_SPEC
HAS_SPEC
HAS_SPEC
HAS_SPEC
USED_FOR
HAS_SPEC
HAS_SPEC
USED_FOR
STORES
MONITORS
INDICATES
USED_FOR
USED_FOR
HAS_ATTRIBUTE
HAS_ATTRIBUTE
HAS_ATTRIBUTE
HAS_ATTRIBUTE
HAS_ATTRIBUTE
HAS_ATTRIBUTE
HAS_ATTRIBUTE
HAS_ATTRIBUTE
HAS_ATTRIBUTE
HAS_ATTRIBUTE
HAS_ATTRIBUTE
HAS_ATTRIBUTE
HAS_ATTRIBUTE
HAS_ATTRIBUTE
HAS_ATTRIBUTE
HAS_ATTRIBUTE
HAS_ATTRIBUTE
HAS_ATTRIBUTE
HAS_ATTRIBUTE
HAS_ATTRIBUTE
HAS_ATTRIBUTE
HAS_ATTRIBUTE
HAS_ATTRIBUTE
HAS_ATTRIBUTE
HAS_ATTRIBUTE
HAS_ATTRIBUTE
HAS_ATTRIBUTE
HAS_ATTRIBUTE
HAS_ATTRIBUTE
HAS_ATTRIBUTE
HAS_ATTRIBUTE
HAS_ATTRIBUTE
HAS_ATTRIBUTE
HAS_ATTRIBUTE
HAS_ATTRIBUTE
HAS_ATTRIBUTE
HAS_ATTRIBUTE
HAS_ATTRIBUTE
HAS_ATTRIBUTE
HAS_ATTRIBUTE
HAS_ATTRIBUTE
HAS_ATTRIBUTE
HAS_ATTRIBUTE
HAS_ATTRIBUTE
HAS_ATTRIBUTE
HAS_ATTRIBUTE
HAS_ATTRIBUTE
HAS_ATTRIBUTE
HAS_ATTRIBUTE
HAS_ATTRIBUTE
HAS_ATTRIBUTE
HAS_ATTRIBUTE
HAS_ATTRIBUTE
HAS_ATTRIBUTE
HAS_ATTRIBUTE
HAS_ATTRIBUTE
HAS_ATTRIBUTE
HAS_ATTRIBUTE
HAS_ATTRIBUTE
HAS_ATTRIBUTE
HAS_ATTRIBUTE
HAS_ATTRIBUTE
HAS_ATTRIBUTE
HAS_ATTRIBUTE
HAS_ATTRIBUTE
HAS_ATTRIBUTE
HAS_ATTRIBUTE
HAS_ATTRIBUTE
HAS_ATTRIBUTE
HAS_ATTRIBUTE
HAS_ATTRIBUTE
HAS_ATTRIBUTE
HAS_ATTRIBUTE
HAS_ATTRIBUTE
HAS_ATTRIBUTE
HAS_ATTRIBUTE
HAS_ATTRIBUTE
HAS_ATTRIBUTE
HAS_ATTRIBUTE
HAS_ATTRIBUTE
HAS_ATTRIBUTE
HAS_ATTRIBUTE
HAS_ATTRIBUTE
HAS_ATTRIBUTE
HAS_ATTRIBUTE
HAS_ATTRIBUTE
HAS_ATTRIBUTE
HAS_ATTRIBUTE
HAS_ATTRIBUTE
HAS_ATTRIBUTE
HAS_ATTRIBUTE
HAS_ATTRIBUTE
CONFORM_TO
HAS_ATTRIBUTE
CONFORM_TO
CONFORM_TO
HAS_ATTRIBUTE
HAS_ATTRIBUTE
HAS_ATTRIBUTE
HAS_ATTRIBUTE
HAS_ATTRIBUTE
HAS_ATTRIBUTE
HAS_ATTRIBUTE
HAS_ATTRIBUTE
HAS_ATTRIBUTE
HAS_ATTRIBUTE
HAS_ATTRIBUTE
HAS_ATTRIBUTE
HAS_ATTRIBUTE
HAS_ATTRIBUTE
HAS_ATTRIBUTE
HAS_ATTRIBUTE
HAS_ATTRIBUTE
HAS_ATTRIBUTE
HAS_ATTRIBUTE
HAS_ATTRIBUTE
HAS_ATTRIBUTE
HAS_ATTRIBUTE
HAS_ATTRIBUTE
HAS_ATTRIBUTE
HAS_ATTRIBUTE
HAS_ATTRIBUTE
HAS_ATTRIBUTE
HAS_ATTRIBUTE
HAS_ATTRIBUTE
HAS_ATTRIBUTE
HAS_ATTRIBUTE
HAS_ATTRIBUTE
HAS_ATTRIBUTE
HAS_ATTRIBUTE
HAS_ATTRIBUTE
HAS_ATTRIBUTE
HAS_ATTRIBUTE
HAS_ATTRIBUTE
HAS_ATTRIBUTE
HAS_SIZE
LOCATED_IN_PAGE
USED_FOR
HAS_SIZE
LOCATED_IN_PAGE
HAS_AREA
HAS_AREA
LOCATED_IN_PAGE
LOCATED_IN_PAGE
HAS_SIZE
HAS_AREA
HAS_TEMPERATURE
HAS_HUMIDITY
HAS_AREA
LOCATED_IN_PAGE
LOCATED_IN_PAGE
HAS_AREA
HAS_TEMPERATURE
HAS_HUMIDITY
HAS_ATTRIBUTE
HAS_ATTRIBUTE
HAS_ATTRIBUTE
HAS_ATTRIBUTE
HAS_ATTRIBUTE
HAS_ATTRIBUTE
HAS_ATTRIBUTE
HAS_ATTRIBUTE
HAS_ATTRIBUTE
HAS_ATTRIBUTE
HAS_ATTRIBUTE
HAS_ATTRIBUTE
HAS_ATTRIBUTE
HAS_ATTRIBUTE
HAS_ATTRIBUTE
HAS_ATTRIBUTE
HAS_ATTRIBUTE
HAS_ATTRIBUTE
HAS_ATTRIBUTE
HAS_ATTRIBUTE
HAS_ATTRIBUTE
HAS_ATTRIBUTE
HAS_ATTRIBUTE
HAS_ATTRIBUTE
HAS_ATTRIBUTE
HAS_ATTRIBUTE
HAS_ATTRIBUTE
HAS_ATTRIBUTE
HAS_ATTRIBUTE
HAS_ATTRIBUTE
HAS_ATTRIBUTE
HAS_ATTRIBUTE
HAS_ATTRIBUTE
HAS_ATTRIBUTE
HAS_ATTRIBUTE
HAS_ATTRIBUTE
HAS_ATTRIBUTE
HAS_ATTRIBUTE
HAS_ATTRIBUTE
HAS_ATTRIBUTE
HAS_ATTRIBUTE
HAS_ATTRIBUTE
HAS_ATTRIBUTE
HAS_ATTRIBUTE
HAS_ATTRIBUTE
HAS_ATTRIBUTE
HAS_ATTRIBUTE
HAS_ATTRIBUTE
HAS_ATTRIBUTE
HAS_ATTRIBUTE
HAS_ATTRIBUTE
HAS_ATTRIBUTE
HAS_ATTRIBUTE
HAS_ATTRIBUTE
HAS_ATTRIBUTE
HAS_ATTRIBUTE
HAS_ATTRIBUTE
HAS_ATTRIBUTE
HAS_ATTRIBUTE
HAS_ATTRIBUTE
HAS_ATTRIBUTE
HAS_ATTRIBUTE
HAS_ATTRIBUTE
HAS_ATTRIBUTE
HAS_ATTRIBUTE
HAS_ATTRIBUTE
HAS_ATTRIBUTE
HAS_ATTRIBUTE
HAS_ATTRIBUTE
HAS_ATTRIBUTE
HAS_ATTRIBUTE
HAS_ATTRIBUTE
HAS_ATTRIBUTE
HAS_ATTRIBUTE
HAS_ATTRIBUTE
HAS_ATTRIBUTE
HAS_ATTRIBUTE
HAS_ATTRIBUTE
HAS_ATTRIBUTE
HAS_ATTRIBUTE
HAS_ATTRIBUTE
HAS_ATTRIBUTE
HAS_ATTRIBUTE
HAS_ATTRIBUTE
HAS_ATTRIBUTE
HAS_ATTRIBUTE
HAS_ATTRIBUTE
HAS_ATTRIBUTE
HAS_ATTRIBUTE
HAS_ATTRIBUTE
HAS_ATTRIBUTE
HAS_ATTRIBUTE
HAS_ATTRIBUTE
HAS_ATTRIBUTE
HAS_ATTRIBUTE
HAS_ATTRIBUTE
HAS_ATTRIBUTE
HAS_ATTRIBUTE
HAS_ATTRIBUTE
HAS_ATTRIBUTE
HAS_ATTRIBUTE
HAS_ATTRIBUTE
HAS_ATTRIBUTE
HAS_ATTRIBUTE
HAS_ATTRIBUTE
HAS_ATTRIBUTE
HAS_ATTRIBUTE
HAS_ATTRIBUTE
HAS_ATTRIBUTE
HAS_ATTRIBUTE
HAS_ATTRIBUTE
HAS_ATTRIBUTE
HAS_ATTRIBUTE
HAS_ATTRIBUTE
HAS_ATTRIBUTE
HAS_ATTRIBUTE
HAS_ATTRIBUTE
HAS_QUANTITY
HAS_QUANTITY
HAS_QUANTITY
HAS_QUANTITY
HAS_QUANTITY
HAS_QUANTITY
HAS_QUANTITY
HAS_SPECIFICATION
HAS_SPECIFICATION
HAS_SPECIFICATION
HAS_SPECIFICATION
HAS_SPECIFICATION
HAS_SPECIFICATION
HAS_SPECIFICATION
HAS_SPECIFICATION
HAS_SPECIFICATION
HAS_SPECIFICATION
HAS_SPECIFICATION
HAS_SPECIFICATION
HAS_SPECIFICATION
HAS_SPECIFICATION
HAS_QUANTITY
HAS_QUANTITY
HAS_QUANTITY
HAS_QUANTITY
HAS_QUANTITY
HAS_QUANTITY
HAS_ATTRIBUTE
HAS_ATTRIBUTE
HAS_ATTRIBUTE
HAS_ATTRIBUTE
HAS_ATTRIBUTE
HAS_ATTRIBUTE
HAS_ATTRIBUTE
HAS_ATTRIBUTE
HAS_ATTRIBUTE
HAS_ATTRIBUTE
HAS_ATTRIBUTE
HAS_ATTRIBUTE
HAS_ATTRIBUTE
HAS_ATTRIBUTE
HAS_ATTRIBUTE
HAS_ATTRIBUTE
HAS_ATTRIBUTE
HAS_ATTRIBUTE
HAS_ATTRIBUTE
HAS_ATTRIBUTE
HAS_ATTRIBUTE
HAS_ATTRIBUTE
HAS_ATTRIBUTE
HAS_ATTRIBUTE
HAS_ATTRIBUTE
HAS_ATTRIBUTE
HAS_QUANTITY
HAS_QUANTITY
HAS_QUANTITY
HAS_QUANTITY
HAS_QUANTITY
HAS_QUANTITY
HAS_OPTIONAL
HAS_DIMENSIONS
HAS_DIMENSIONS
HAS_DIMENSIONS
HAS_DIMENSIONS
HAS_DIMENSIONS
HAS_DIMENSIONS
HAS_QUANTITY
HAS_QUANTITY
HAS_QUANTITY
HAS_DIMENSIONS
HAS_DIMENSIONS
HAS_DIMENSIONS
HAS_DIMENSIONS
HAS_DIMENSIONS
HAS_DIMENSIONS
HAS_DIMENSIONS
HAS_ATTRIBUTE
HAS_FUNCTION
HAS_FUNCTION
HAS_FUNCTION
HAS_FUNCTION
HAS_FUNCTION
HAS_ATTRIBUTE
HAS_ATTRIBUTE
HAS_ATTRIBUTE
HAS_ATTRIBUTE
HAS_ATTRIBUTE
HAS_ATTRIBUTE
HAS_ATTRIBUTE
HAS_ATTRIBUTE
HAS_ATTRIBUTE
HAS_ATTRIBUTE
HAS_ATTRIBUTE
HAS_ATTRIBUTE
HAS_ATTRIBUTE
HAS_ATTRIBUTE
HAS_ATTRIBUTE
HAS_ATTRIBUTE
HAS_ATTRIBUTE
HAS_ATTRIBUTE
HAS_ATTRIBUTE
HAS_ATTRIBUTE
HAS_ATTRIBUTE
HAS_ATTRIBUTE
HAS_ATTRIBUTE
HAS_ATTRIBUTE
HAS_ATTRIBUTE
HAS_ATTRIBUTE
HAS_ATTRIBUTE
HAS_ATTRIBUTE
HAS_ATTRIBUTE
HAS_ATTRIBUTE
HAS_ATTRIBUTE
HAS_ATTRIBUTE
HAS_ATTRIBUTE
HAS_ATTRIBUTE
HAS_ATTRIBUTE
HAS_ATTRIBUTE
HAS_ATTRIBUTE
HAS_ATTRIBUTE
HAS_ATTRIBUTE
HAS_ATTRIBUTE
HAS_ATTRIBUTE
HAS_ATTRIBUTE
HAS_ATTRIBUTE
HAS_ATTRIBUTE
HAS_ATTRIBUTE
HAS_ATTRIBUTE
HAS_ATTRIBUTE
HAS_ATTRIBUTE
HAS_ATTRIBUTE
HAS_ATTRIBUTE
HAS_ATTRIBUTE
HAS_ATTRIBUTE
HAS_ATTRIBUTE
HAS_ATTRIBUTE
HAS_ATTRIBUTE
HAS_ATTRIBUTE
HAS_ATTRIBUTE
HAS_ATTRIBUTE
HAS_ATTRIBUTE
HAS_ATTRIBUTE
HAS_ATTRIBUTE
HAS_ATTRIBUTE
HAS_ATTRIBUTE
HAS_ATTRIBUTE
HAS_ATTRIBUTE
HAS_ATTRIBUTE
HAS_ATTRIBUTE
HAS_ATTRIBUTE
HAS_ATTRIBUTE
HAS_ATTRIBUTE
HAS_ATTRIBUTE
HAS_ATTRIBUTE
HAS_ATTRIBUTE
HAS_ATTRIBUTE
HAS_ATTRIBUTE
HAS_ATTRIBUTE
HAS_ATTRIBUTE
HAS_ATTRIBUTE
HAS_ATTRIBUTE
HAS_ATTRIBUTE
HAS_ATTRIBUTE
HAS_ATTRIBUTE
HAS_ATTRIBUTE
HAS_ATTRIBUTE
HAS_ATTRIBUTE
HAS_ATTRIBUTE
HAS_ATTRIBUTE
HAS_ATTRIBUTE
HAS_ATTRIBUTE
HAS_ATTRIBUTE
HAS_ATTRIBUTE
HAS_ATTRIBUTE
HAS_ATTRIBUTE
HAS_ATTRIBUTE
HAS_ATTRIBUTE
HAS_ATTRIBUTE
HAS_ATTRIBUTE
HAS_ATTRIBUTE
HAS_ATTRIBUTE
HAS_ATTRIBUTE
HAS_ATTRIBUTE
HAS_ATTRIBUTE
HAS_ATTRIBUTE
HAS_ATTRIBUTE
HAS_ATTRIBUTE
HAS_ATTRIBUTE
HAS_ATTRIBUTE
HAS_ATTRIBUTE
PROTECTS
HAS_ATTRIBUTE
HAS_ATTRIBUTE
HAS_ATTRIBUTE
HAS_ATTRIBUTE
HAS_ATTRIBUTE
HAS_ATTRIBUTE
HAS_ATTRIBUTE
HAS_ATTRIBUTE
HAS_ATTRIBUTE
HAS_ATTRIBUTE
HAS_ATTRIBUTE
HAS_ATTRIBUTE
HAS_ATTRIBUTE
HAS_ATTRIBUTE
HAS_ATTRIBUTE
HAS_ATTRIBUTE
HAS_ATTRIBUTE
HAS_ATTRIBUTE
HAS_ATTRIBUTE
HAS_ATTRIBUTE
HAS_ATTRIBUTE
HAS_ATTRIBUTE
HAS_ATTRIBUTE
HAS_ATTRIBUTE
HAS_ATTRIBUTE
HAS_ATTRIBUTE
HAS_ATTRIBUTE
HAS_ATTRIBUTE
HAS_ATTRIBUTE
HAS_ATTRIBUTE
HAS_ATTRIBUTE
HAS_ATTRIBUTE
HAS_ATTRIBUTE
HAS_ATTRIBUTE
HAS_ATTRIBUTE
HAS_ATTRIBUTE
HAS_ATTRIBUTE
HAS_ATTRIBUTE
HAS_ATTRIBUTE
HAS_CODE
HAS_CODE
HAS_CODE
HAS_CODE
HAS_CODE
HAS_CODE
HAS_CODE
HAS_CODE
HAS_CODE
HAS_CODE
HAS_CODE
HAS_CODE
HAS_CODE
HAS_CODE
HAS_CODE
HAS_CODE
HAS_CODE
HAS_CODE
HAS_CODE
HAS_CODE
HAS_CODE
HAS_CODE
HAS_CODE
HAS_CODE
HAS_CODE
HAS_CODE
HAS_CODE
HAS_CODE
HAS_CODE
HAS_CODE
HAS_CODE
HAS_CODE
HAS_CODE
HAS_CODE
DOCUMENTS
DOCUMENTS
DOCUMENTS
DOCUMENTS
DOCUMENTS
DOCUMENTS
DOCUMENTS
DOCUMENTS
DOCUMENTS
DOCUMENTS
DOCUMENTS
DOCUMENTS
DOCUMENTS
DOCUMENTS
DOCUMENTS
DOCUMENTS
DOCUMENTS
DOCUMENTS
DOCUMENTS
DOCUMENTS
DOCUMENTS
DOCUMENTS
DOCUMENTS
DOCUMENTS
DOCUMENTS
DOCUMENTS
DOCUMENTS
DOCUMENTS
DOCUMENTS
DOCUMENTS
DOCUMENTS
DOCUMENTS
DOCUMENTS
DOCUMENTS
DOCUMENTS
LOCATED_IN
LOCATED_IN
LOCATED_IN
LOCATED_IN
LOCATED_IN
LOCATED_IN
LOCATED_IN
LOCATED_IN
LOCATED_IN
LOCATED_IN
LOCATED_IN
LOCATED_IN
LOCATED_IN
LOCATED_IN
LOCATED_IN
LOCATED_IN
LOCATED_IN
LOCATED_IN
LOCATED_IN
LOCATED_IN
LOCATED_IN
LOCATED_IN
LOCATED_IN
LOCATED_IN
LOCATED_IN
LOCATED_IN
LOCATED_IN
LOCATED_IN
LOCATED_IN
LOCATED_IN
LOCATED_IN
HAS_OWNER
HAS_OWNER
HAS_ARCHITECT
HAS_COMPLETION_TIME
HAS_FLOOR_AREA
HAS_BED_COUNT
HAS_ATTRIBUTE
HAS_ATTRIBUTE
HAS_ATTRIBUTE
OPERATES
OWNS
DESIGNED
HAS_ATTRIBUTE
HAS_ATTRIBUTE
HAS_ATTRIBUTE
HAS_ATTRIBUTE
HAS_ATTRIBUTE
HAS_ATTRIBUTE
HAS_ATTRIBUTE
HAS_ATTRIBUTE
HAS_ATTRIBUTE
HAS_ATTRIBUTE
HAS_ATTRIBUTE
HAS_ATTRIBUTE
HAS_ATTRIBUTE
HAS_ATTRIBUTE
HAS_ATTRIBUTE
HAS_ATTRIBUTE
HAS_OWNER
DESIGNED
COMPLETION_DATE_OF
TOTAL_AREA_OF
HAS_CAPACITY_OF
HAS_ARCHITECT
DESIGNED_FOR
LOCATED_IN
HAS
HAS
COMPLETED_IN
CONSISTS_OF
CONSISTS_OF
WORKS_FOR
COLLABORATES_WITH
MEASURES
MEASURES
DESIGNED
LOCATED_IN
DESIGNED_BY
DESIGNED_BY
COMPLETED_IN
HAS_AREA
HAS_CAPACITY
DESIGNED_BY
LOCATED_IN
HAS_MEMBER
SAME_AS
HAS_FUNCTION
ROLE
HAS_EQUIPMENT
UNIT
UNIT
HAS_OWNER
CAN_EXPAND_TO
DESIGNED
HAS
HAS
CAN_EXPAND_TO
HAS_ATTRIBUTE
HAS_ATTRIBUTE
HAS_ATTRIBUTE
DESIGNED
HAS_ATTRIBUTE
HAS_OWNER
COMPLETED_IN
HAS_AREA
HAS_CAPACITY
LOCATED_IN
HAS_ATTRIBUTE
HAS_ATTRIBUTE
LOCATED_IN
HAS_ATTRIBUTE
DESIGNED_BY
OWNED_BY
OWNED_BY
REPLACES
LOCATED_AT
HAS_FUTURE_PLAN
HAS_ATTRIBUTE
HAS_ATTRIBUTE
HAS_ATTRIBUTE
HAS_ATTRIBUTE
HAS_ATTRIBUTE
DESIGNED_BY
DESIGNED_BY
DESIGNED_BY
HAS_ATTRIBUTE
HAS_ATTRIBUTE
HAS_ATTRIBUTE
LOCATED_IN
HAS_ATTRIBUTE
HAS_ATTRIBUTE
HAS_ATTRIBUTE
COLLABORATED_WITH
COLLABORATED_WITH
COLLABORATED_WITH
HAS_ATTRIBUTE
HAS_ATTRIBUTE
HAS
HAS
HAS
HAS
DESIGNED
OWNS
LOCATED_IN
SERVES
EDUCATES
HAS
PROVIDED_BY
HAS_OWNER
MANAGES
COMMISSIONED
HAS_ATTRIBUTE
HAS_ATTRIBUTE
HAS_ATTRIBUTE
DESIGNED
FUNDED
HAS_ATTRIBUTE
HAS_ATTRIBUTE
HAS_ATTRIBUTE
HAS_ATTRIBUTE
HAS_ATTRIBUTE
HAS_ATTRIBUTE
HAS_ATTRIBUTE
HAS_ATTRIBUTE
HAS_ATTRIBUTE
HAS_ATTRIBUTE
HAS_ATTRIBUTE
HAS_ATTRIBUTE
HAS_ATTRIBUTE
HAS_ATTRIBUTE
HAS_ATTRIBUTE
HAS_ATTRIBUTE
HAS_ATTRIBUTE
HAS_ATTRIBUTE
HAS_ATTRIBUTE
HAS_ATTRIBUTE
HAS_ATTRIBUTE
HAS_ATTRIBUTE
HAS_ATTRIBUTE
HAS_ATTRIBUTE
HAS_ATTRIBUTE
HAS_ATTRIBUTE
HAS_ATTRIBUTE
HAS_ATTRIBUTE
HAS_ATTRIBUTE
HAS_ATTRIBUTE
HAS_ATTRIBUTE
HAS_ATTRIBUTE
HAS_ATTRIBUTE
HAS_ATTRIBUTE
HAS_ATTRIBUTE
HAS_ATTRIBUTE
HAS_ATTRIBUTE
HAS_ATTRIBUTE
HAS_ATTRIBUTE
HAS_ATTRIBUTE
HAS_ATTRIBUTE
HAS_ATTRIBUTE
HAS_ATTRIBUTE
HAS_ATTRIBUTE
HAS_ATTRIBUTE
HAS_ATTRIBUTE
HAS_ATTRIBUTE
HAS_ATTRIBUTE
HAS_ATTRIBUTE
HAS_ATTRIBUTE
HAS_ATTRIBUTE
HAS_ATTRIBUTE
HAS_ATTRIBUTE
HAS_ATTRIBUTE
HAS_ATTRIBUTE
HAS_ATTRIBUTE
HAS_ATTRIBUTE
HAS_ATTRIBUTE
HAS_ATTRIBUTE
HAS_ATTRIBUTE
DESIGNED
DESIGNED
HAS_CAPACITY
HAS_CAPACITY
OWNS
OWNS
OWNS
HAS_ATTRIBUTE
HAS_ATTRIBUTE
HAS_ATTRIBUTE
HAS_ATTRIBUTE
HAS_ATTRIBUTE
HAS_ATTRIBUTE
IS_OWNER_OF
DESIGNED
HAS_CAPACITY
HAS_AREA
COMPLETED_IN
SPECIALIZES_IN
LOCATED_IN
LOCATED_IN
HAS_CLIENT
HAS_STYLE
HAS_PROJECT
LEADS
HAS_FACILITY
HAS_DEPARTMENT
HAS_EXPERTISE
HAS_NATIONALITY
HAS_SIZE
HAS_TYPE
DESIGNED
DESIGNED
HAS_ATTRIBUTE
HAS_ATTRIBUTE
HAS_ATTRIBUTE
HAS_ATTRIBUTE
HAS_ATTRIBUTE
HAS_ATTRIBUTE
HAS_ATTRIBUTE
HAS_ATTRIBUTE
HAS_ATTRIBUTE
HAS_ATTRIBUTE
HAS_ATTRIBUTE
HAS_ATTRIBUTE
HAS_ATTRIBUTE
HAS_ATTRIBUTE
HAS_ATTRIBUTE
HAS_ATTRIBUTE
HAS_ATTRIBUTE
HAS_ATTRIBUTE
DESIGNED
HAS_ATTRIBUTE
HAS_ATTRIBUTE
HAS_ATTRIBUTE
HAS_ATTRIBUTE
HAS_OWNER
LOCATED_IN
HAS_SHAPE
HAS_HEIGHT
HAS_FUNCTION
HAS_ROLE
HAS_ATTRIBUTE
HAS_ATTRIBUTE
HAS_ATTRIBUTE
HAS_ATTRIBUTE
HAS_ATTRIBUTE
HAS_ATTRIBUTE
HAS_ATTRIBUTE
HAS_ATTRIBUTE
COLLABORATED_WITH
OWNS
COLLABORATES_WITH
HAS_CLIENT
COMMISSIONED
HAS_SIZE
COMPLETED_IN
DESIGNED
OWNS
HAS_ATTRIBUTE
HAS_ATTRIBUTE
HAS_ATTRIBUTE
PUBLISHED_BY
AUTHORED_BY
HAS_ISBN
HAS_CLASSIFICATION
AUTHORED
PUBLISHED
CLASSIFIES
HAS_PUBLICATION_DATE
HAS_VOLUME
HAS_CHAPTER
HAS_CHAPTER
HAS_ATTRIBUTE
HAS_ATTRIBUTE
LOCATED_IN
HAS_POSTAL_CODE
OPERATED_BY
COMPLETED_IN
HAS_QUANTITY
HAS_QUANTITY
HAS_QUANTITY
HAS_PUBLICATION_PLACE
HAS_CLASSIFICATION_NUMBER
HAS_SUBJECT
HAS_CIP_CATEGORY
HAS_AUTHOR_CATEGORY
HAS_CONTENT_CATEGORY
PUBLISHED_BY
HAS_ISBN
HAS_PRICE
HAS_PAGE_COUNT
HAS_FORMAT
AUTHORED
PLANNED
EDITED
EDITED
EDITED
DISTRIBUTED
PRINTED
PUBLISHED_IN
HAS_DIMENSIONS
HAS_SHEETS
HELD_IN
HELD_ON
HAS_VOLUME
HAS_MOTTO
FOUNDED_ON
HAS_EXPERTISE_IN
STUDIED
FOCUSES_ON
ENHANCES
CONTRIBUTES_TO
ADDRESSES
RESPONDS_TO
DEVELOPS
ALIGNS_WITH
HAS_EXPERIENCE_IN
FACILITATES
APPLIES_TO
GENERATES
DEPENDS_ON
DETERMINES
DETERMINES
DETERMINES
DETERMINES
DETERMINES
DETERMINES
COMBINED_INTO
BASED_ON
BASED_ON
COMBINED_INTO
EXPRESSES
EXPRESSES
EXPRESSES
USED_IN
EXPRESSES
BUILT_FROM
DESIGNED_FROM
APPLIED_TO
APPLIED_TO
EXPRESSES
EXPRESSES
BASED_ON
EXPRESSES
EXPRESSES
EXPRESSES
INFLUENCES
PROVIDED_BY
PROVIDED_BY
PRECEDES
PRECEDES
EVALUATES
EVALUATES
INFLUENCED_BY
INFLUENCED_BY
LOCATED_IN
PART_OF
USED_IN
USED_IN
USED_IN
BASED_ON
TARGETS
INVOLVES
HAS
HAS
HAS_QUANTITY
HAS_QUANTITY
FORMAT
DETERMINES
RECORDS
DISTINGUISHED_FROM
DISTINGUISHED_FROM
DEFINED_BY
DEFINED_BY
DEFINED_BY
DISTINGUISHED_FROM
FOCUSES_ON
DIVIDED_INTO
DIVIDED_INTO
DIVIDED_INTO
DIVIDED_INTO
DIVIDED_INTO
DIVIDED_INTO
DIVIDED_INTO
DIVIDED_INTO
DIVIDED_INTO
DIVIDED_INTO
DIVIDED_INTO
DIVIDED_INTO
DIVIDED_INTO
DEVELOPS
INTEGRATES
INTEGRATES
INTEGRATES
INTEGRATES
INTEGRATES
BASED_ON
ACHIEVES
HAS_ATTRIBUTE
HAS_ATTRIBUTE
HAS_ATTRIBUTE
HAS_ATTRIBUTE
HAS_ATTRIBUTE
HAS_ATTRIBUTE
HAS_ATTRIBUTE
HAS_ATTRIBUTE
PRECEDES
HAS_PROPERTY
HAS_PROPERTY
HAS_MISSION
ENSURES
ASSISTS
ASSISTS
PARTICIPATES_IN
OPTIMIZES
CONFIRMS
PREPARES
FOLLOWS
FOLLOWS
ASSISTS
HELPS_FORMULATE
HELPS_FORMULATE
USED_FOR
USED_FOR
BASED_ON
FORMS
USED_FOR
ASSISTS_IN
ORGANIZED_BY
ANALYZES
COLLABORATES_WITH
COLLABORATES_WITH
COLLECTS
ANALYZES
DETERMINES
HAS
PERFORMS
FOLLOWS
FOLLOWS
FOLLOWS
FOLLOWS
FOLLOWS
FOLLOWS
ANALYZES
DETERMINES
COLLECTS
RESEARCHES
ASSISTS
PLANS
WORKS_WITH
PREPARES
PREPARES
PREPARES
ADJUSTS
BASED_ON
ADAPTED_TO
EVALUATES
EVALUATES
ASSISTS
EVALUATES
EVALUATES
BASED_ON
BASED_ON
ASSISTS
APPROVES
APPROVES
DEPENDS_ON
DEPENDS_ON
DEPENDS_ON
COLLABORATES_WITH
APPROVES
BASED_ON
COLLABORATES_WITH
DEFINES
INFLUENCES
INFLUENCES
INFLUENCES
INFLUENCES
INFLUENCES
INFLUENCES
INVOLVES
SPECIFIES
WORKS_WITH
WORKS_WITH
COLLABORATES_WITH
COLLABORATES_WITH
COLLABORATES_WITH
INFLUENCES
INFLUENCES
INFLUENCES
INFLUENCES
INFLUENCES
INFLUENCES
PROVIDES_INPUT_FOR
WORKS_WITH
WORKS_WITH
WORKS_WITH
COLLABORATES_WITH
COLLABORATES_WITH
DEFINES_NEEDS_FOR
INFLUENCES
INFLUENCES
INFLUENCES
INFLUENCES
INFLUENCES
INFLUENCES
PROVIDES_INPUT_FOR
WORKS_WITH
WORKS_WITH
WORKS_WITH
COLLABORATES_WITH
COLLABORATES_WITH
COLLABORATES_WITH
IMPLEMENTS
IMPLEMENTS
IMPLEMENTS
IMPLEMENTS
IMPLEMENTS
IMPLEMENTS
WORKS_WITH
WORKS_WITH
WORKS_WITH
INFLUENCES
INFLUENCES
INFLUENCES
INFLUENCES
INFLUENCES
INFLUENCES
COMPLEMENTS
COMPLEMENTS
EVALUATES
EVALUATES
EVALUATES
EVALUATES
HAS_ATTRIBUTE
HAS_ATTRIBUTE
HAS_ATTRIBUTE
HAS_ATTRIBUTE
HAS_ATTRIBUTE
HAS_ATTRIBUTE
HAS_ATTRIBUTE
HAS_ATTRIBUTE
HAS_ATTRIBUTE
HAS_ATTRIBUTE
HAS_ATTRIBUTE
HAS_STRUCTURE
IS_EXAMPLE_OF
HAS_ATTRIBUTE
HAS_ATTRIBUTE
HAS_ATTRIBUTE
HAS_ATTRIBUTE
HAS_ATTRIBUTE
HAS_ATTRIBUTE
HAS_ATTRIBUTE
BASED_ON
REPRESENTS
REPRESENTS
REPRESENTS
REPRESENTS
HAS_ATTRIBUTE
HAS_ATTRIBUTE
HAS_ATTRIBUTE
HAS_ROOM_CODE
HAS_NAME
HAS_ROOM
DESCRIBES
HAS_ATTRIBUTE
HAS_ATTRIBUTE
HAS_ATTRIBUTE
HAS_ATTRIBUTE
HAS_ATTRIBUTE
HAS_ATTRIBUTE
HAS_ATTRIBUTE
HAS_ATTRIBUTE
HAS_ATTRIBUTE
HAS_ATTRIBUTE
RECEIVES_IN
LOCATED_NEAR
HAS_ROOM_CODE
HAS_ATTRIBUTE
HAS_ATTRIBUTE
HAS_ATTRIBUTE
HAS_ATTRIBUTE
HAS_ATTRIBUTE
HAS_ATTRIBUTE
HAS_ATTRIBUTE
HAS_ATTRIBUTE
HAS_ATTRIBUTE
HAS_ATTRIBUTE
HAS_ATTRIBUTE
HAS_ATTRIBUTE
HAS_ATTRIBUTE
HAS_ATTRIBUTE
HAS_ATTRIBUTE
HAS_ATTRIBUTE
HAS_ATTRIBUTE
HAS_ATTRIBUTE
HAS_ATTRIBUTE
HAS_ATTRIBUTE
HAS_ATTRIBUTE
HAS_ATTRIBUTE
HAS_ATTRIBUTE
HAS_CODE
HAS_ATTRIBUTE
HAS_ATTRIBUTE
HAS_ATTRIBUTE
HAS_ATTRIBUTE
HAS_ATTRIBUTE
HAS_ATTRIBUTE
HAS_ROOM_CODE
HAS_ROOM_CODE
FOLLOWS_MODEL
EMPLOYS_METHOD
EMPLOYS_METHOD
EMPLOYS_METHOD
EQUIPPED_WITH
EQUIPPED_WITH
HAS_SIZE
HAS_AREA
HAS_HEIGHT
HAS_PURPOSE
HAS_APPROACH
HAS_ATTRIBUTE
HAS_CODE
HAS_ATTRIBUTE
HAS_ATTRIBUTE
HAS_ATTRIBUTE
HAS_ATTRIBUTE
HAS_NAME
HAS_ATTRIBUTE
HAS_ATTRIBUTE
HAS_ROOM_CODE
HAS_ATTRIBUTE
HAS_ATTRIBUTE
IMPROVES
HAS_ROOM_CODE
HAS_ATTRIBUTE
HAS_ATTRIBUTE
HAS_ATTRIBUTE
HAS_ATTRIBUTE
HAS_ATTRIBUTE
HAS_ROOM_CODE
PERFORMS
PERFORMS
PERFORMS
HAS_ATTRIBUTE
HAS_ATTRIBUTE
HAS_ATTRIBUTE
HAS_ATTRIBUTE
HAS_ATTRIBUTE
HAS_ATTRIBUTE
HAS_ATTRIBUTE
HAS_ATTRIBUTE
HAS_ATTRIBUTE
HAS_ATTRIBUTE
HAS_ATTRIBUTE
HAS_ATTRIBUTE
HAS_ATTRIBUTE
HAS_ATTRIBUTE
HAS_ATTRIBUTE
HAS_ATTRIBUTE
HAS_ATTRIBUTE
HAS_ATTRIBUTE
HAS_ATTRIBUTE
HAS_ATTRIBUTE
HAS_ATTRIBUTE
HAS_ATTRIBUTE
HAS_ATTRIBUTE
HAS_ATTRIBUTE
HAS_ATTRIBUTE
HAS_ATTRIBUTE
HAS_ATTRIBUTE
HAS_ATTRIBUTE
HAS_ATTRIBUTE
HAS_ATTRIBUTE
HAS_ATTRIBUTE
HAS_ATTRIBUTE
HAS_ATTRIBUTE
HAS_ATTRIBUTE
HAS_ATTRIBUTE
HAS_ATTRIBUTE
HAS_ATTRIBUTE
HAS_ATTRIBUTE
HAS_ATTRIBUTE
HAS_ATTRIBUTE
HAS_ATTRIBUTE
HAS_ATTRIBUTE
HAS_ATTRIBUTE
HAS_ATTRIBUTE
HAS_ATTRIBUTE
HAS_ATTRIBUTE
HAS_ATTRIBUTE
HAS_ATTRIBUTE
HAS_ATTRIBUTE
HAS_ATTRIBUTE
HAS_ATTRIBUTE
HAS_ATTRIBUTE
HAS_ATTRIBUTE
HAS_ATTRIBUTE
HAS_ATTRIBUTE
HAS_ATTRIBUTE
HAS_ATTRIBUTE
HAS_ATTRIBUTE
HAS_ATTRIBUTE
HAS_ATTRIBUTE
HAS_ATTRIBUTE
HAS_ATTRIBUTE
HAS_ATTRIBUTE
HAS_ATTRIBUTE
HAS_ATTRIBUTE
HAS_ATTRIBUTE
HAS_ATTRIBUTE
HAS_ATTRIBUTE
HAS_ATTRIBUTE
DESCRIBES
HAS_ATTRIBUTE
HAS_ATTRIBUTE
HAS_ATTRIBUTE
HAS_ATTRIBUTE
HAS_ATTRIBUTE
HAS_ATTRIBUTE
HAS_ATTRIBUTE
HAS_ATTRIBUTE
HAS_ATTRIBUTE
HAS_ATTRIBUTE
PERFORMS
PERFORMS
PERFORMS
PERFORMS
PERFORMS
PERFORMS
PERFORMS
HAS_ROOM_CODE
DESCRIBES
HAS_ATTRIBUTE
HAS_ATTRIBUTE
HAS_ATTRIBUTE
HAS_ATTRIBUTE
HAS_ATTRIBUTE
HAS_ROOM_CODE
LOCATED_IN
HAS_EQUIPMENT_COUNT
HAS_TEST_COUNT
USES_SCALE
HAS_SPECIFICATION
HAS_POWER
HAS_QUANTITY
HAS_TYPE
HAS_INSTALLATION
HAS_CLEANING_REQUIREMENT
LOCATED_IN
LOCATED_IN
HAS_ATTRIBUTE
HAS_ATTRIBUTE
HAS_ATTRIBUTE
HAS_ATTRIBUTE
HAS_SIZE
BASED_ON
ANALYZES
GENERATES
MEASURES
MEASURES
MEASURES
MEASURES
MEASURES
MEASURES
ANALYZES
GENERATES
TARGETS
TARGETS
HAS_ATTRIBUTE
HAS_ATTRIBUTE
HAS_ATTRIBUTE
HAS_ATTRIBUTE
HAS_ATTRIBUTE
HAS_ATTRIBUTE
HAS_ATTRIBUTE
HAS_ATTRIBUTE
HAS_NAME
EXPLAINS
EXPLAINS
EXPLAINS
EXPLAINS
EXPLAINS
ORGANIZES
ORGANIZES
ORGANIZES
ORGANIZES
ORGANIZES
ORGANIZES
EVALUATES
COLLECTS
ANALYZES
DESCRIBED_IN
LOCATED_IN
LOCATED_IN
GENERATED_BY
HAS_ATTRIBUTE
HAS_ATTRIBUTE
HAS_ATTRIBUTE
HAS_ATTRIBUTE
RECEIVES
RECEIVES
RECEIVES
RECEIVES
RECEIVES
HAS_ROOM_CODE
HAS_CONDITION
ISOLATED_FROM
HAS_FUNCTION
HAS_FUNCTION
HAS_FURNITURE
HAS_FURNITURE
HAS_ATTRIBUTE
HAS_ATTRIBUTE
HAS_ATTRIBUTE
HAS_ATTRIBUTE
HAS_ATTRIBUTE
HAS_ATTRIBUTE
HAS_ATTRIBUTE
HAS_ATTRIBUTE
HAS_ATTRIBUTE
HAS_ATTRIBUTE
HAS_ATTRIBUTE
HAS_ATTRIBUTE
HAS_ATTRIBUTE
HAS_ATTRIBUTE
HAS_ATTRIBUTE
HAS_ATTRIBUTE
HAS_ATTRIBUTE
HAS_ATTRIBUTE
HAS_ATTRIBUTE
HAS_ATTRIBUTE
HAS_ATTRIBUTE
HAS_ATTRIBUTE
HAS_ATTRIBUTE
HAS_ATTRIBUTE
HAS_ATTRIBUTE
HAS_ATTRIBUTE
REDUCES
REDUCES
REDUCES
REDUCES
HAS_ATTRIBUTE
HAS_ATTRIBUTE
HAS_ATTRIBUTE
HAS_ATTRIBUTE
HAS_ATTRIBUTE
PROTECTS
PRODUCES
PREVENTS
DESIGNED_FOR
HAS_ATTRIBUTE
HAS_ATTRIBUTE
LOCATED_IN
HAS_CODE
PROTECTS
PREVENTS
USED_BY
ENABLES
USED_BY
COLLECTS
RECEIVES
DESIGNED_FOR
TREATED_IN
HAS_ATTRIBUTE
HAS_ATTRIBUTE
HAS_SIZE
HAS_HEIGHT
HAS_SIZE
HAS_ATTRIBUTE
HAS_FUNCTION
HAS_ATTRIBUTE
HAS_ATTRIBUTE
HELPS
AIMS_TO
HELPS
AIMS_TO
HELPS
HAS_SPECIFICATION
HAS_SPECIFICATION
HAS_SPECIFICATION
HAS_SPECIFICATION
HAS_SPECIFICATION
HAS_SPECIFICATION
HAS_ATTRIBUTE
HAS_ATTRIBUTE
HAS_ATTRIBUTE
HAS_ATTRIBUTE
HAS_ATTRIBUTE
HAS_ATTRIBUTE
HAS_ATTRIBUTE
HAS_ATTRIBUTE
HAS_ATTRIBUTE
HAS_SPECIFICATION
HAS_SPECIFICATION
HAS_SPECIFICATION
HAS_SPECIFICATION
HAS_SPECIFICATION
HAS_SPECIFICATION
HAS_SPECIFICATION
HAS_SPECIFICATION
HAS_SPECIFICATION
HAS_SPECIFICATION
HAS_SPECIFICATION
HAS_SPECIFICATION
HAS_SPECIFICATION
HAS_SPECIFICATION
HAS_SPECIFICATION
HAS_SPECIFICATION
HAS_SPECIFICATION
HAS_SPECIFICATION
HAS_SPECIFICATION
HAS_SPECIFICATION
REDUCES
AFFECTS
LOCATED_ALONG
CONSISTS_OF
ENSURES
HAS_VALUE
HAS_VALUE
HAS_VALUE
HAS_EQUIPMENT
HAS_EQUIPMENT
HAS_EQUIPMENT
HAS_EQUIPMENT
HAS_EQUIPMENT
FOLLOWS
HAS_ATTRIBUTE
HAS_ATTRIBUTE
HAS_ATTRIBUTE
HAS_ATTRIBUTE
HAS_CODE
HAS_EQUIPMENT
HAS_EQUIPMENT
HAS_EQUIPMENT
HAS_EQUIPMENT
HAS_EQUIPMENT
DESCRIBES
PROTECTS
HAS_ROOM_CODE
HAS_SPACE_CATEGORY
HAS_CLASSIFICATION_CODE
HAS_SIZE
HAS_AREA
HAS_HEIGHT
HAS_CODE
HAS_CODE
HAS_PAGE
HAS_FUNCTION
HAS_CATEGORY
HAS_SUBCATEGORY
HAS_CATEGORY
HAS_ATTRIBUTE
HAS_ATTRIBUTE
HAS_ATTRIBUTE
HAS_ATTRIBUTE
HAS_ATTRIBUTE
HAS_ROOM_CODE
HAS_ATTRIBUTE
HAS_ATTRIBUTE
HAS_ATTRIBUTE
HAS_ATTRIBUTE
HAS_ATTRIBUTE
HAS_ATTRIBUTE
HAS_ATTRIBUTE
INTRODUCES_TO
MARKED_WITH
ANALYZES
AFFECTS
ANALYZES
INDICATES
HAS_ROOM_CODE
HAS_NAME
HAS_ATTRIBUTE
HAS_ATTRIBUTE
HAS_ATTRIBUTE
HAS_ATTRIBUTE
HAS_ATTRIBUTE
HAS_ATTRIBUTE
HAS_ATTRIBUTE
HAS_ATTRIBUTE
HAS_ATTRIBUTE
HAS_ATTRIBUTE
HAS_ATTRIBUTE
HAS_ATTRIBUTE
HAS_ATTRIBUTE
HAS_ATTRIBUTE
HAS_ATTRIBUTE
HAS_ATTRIBUTE
HAS_ATTRIBUTE
HAS_ATTRIBUTE
HAS_ATTRIBUTE
HAS_ATTRIBUTE
HAS_ATTRIBUTE
HAS_ATTRIBUTE
HAS_ATTRIBUTE
HAS_ATTRIBUTE
HAS_ATTRIBUTE
HAS_ATTRIBUTE
HAS_ATTRIBUTE
HAS_ATTRIBUTE
HAS_ATTRIBUTE
HAS_ATTRIBUTE
HAS_ATTRIBUTE
HAS_ATTRIBUTE
HAS_ATTRIBUTE
HAS_ATTRIBUTE
HAS_ATTRIBUTE
HAS_ATTRIBUTE
HAS_ATTRIBUTE
HAS_ATTRIBUTE
HAS_ATTRIBUTE
HAS_ATTRIBUTE
HAS_ATTRIBUTE
HAS_ATTRIBUTE
HAS_ATTRIBUTE
HAS_ATTRIBUTE
HAS_ATTRIBUTE
HAS_ATTRIBUTE
HAS_ATTRIBUTE
RECEIVES
HAS_CODE
HAS_CODE
USED_FOR
USED_FOR
USED_FOR
USED_FOR
HAS_ATTRIBUTE
HAS_ATTRIBUTE
HAS_ATTRIBUTE
HAS_ATTRIBUTE
HAS_ATTRIBUTE
HAS_ATTRIBUTE
HAS_ATTRIBUTE
HAS_ATTRIBUTE
HAS_CODE
IDENTIFIES
HAS_ATTRIBUTE
HAS_ATTRIBUTE
HAS_ATTRIBUTE
HAS_ATTRIBUTE
HAS_ATTRIBUTE
HAS_ATTRIBUTE
HAS_ATTRIBUTE
HAS_ATTRIBUTE
HAS_ATTRIBUTE
HAS_ATTRIBUTE
HAS_ATTRIBUTE
HAS_ATTRIBUTE
HAS_ATTRIBUTE
HAS_ATTRIBUTE
HAS_ATTRIBUTE
HAS_ATTRIBUTE
HAS_ATTRIBUTE
HAS_ATTRIBUTE
HAS_ATTRIBUTE
HAS_ATTRIBUTE
HAS_ATTRIBUTE
HAS_ATTRIBUTE
HAS_ATTRIBUTE
HAS_ATTRIBUTE
HAS_ATTRIBUTE
HAS_ATTRIBUTE
HAS_ATTRIBUTE
HAS_ATTRIBUTE
HAS_ATTRIBUTE
HAS_SIZE
PERFORMS
CREATES
INVOLVES
INVOLVES
CREATES
HAS_SPECIFICATION
HAS_SPECIFICATION
HAS_SPECIFICATION
HAS_SPECIFICATION
HAS_SPECIFICATION
HAS_SPECIFICATION
HAS_SPECIFICATION
HAS_SPECIFICATION
HAS_SPECIFICATION
HAS_SPECIFICATION
HAS_SPECIFICATION
HAS_SPECIFICATION
HAS_SPECIFICATION
HAS_CODE
HAS_SIZE
HAS_DIMENSION
HAS_HEIGHT
HAS_CAPACITY
HAS_ATTRIBUTE
HAS_ATTRIBUTE
HAS_ATTRIBUTE
HAS_ATTRIBUTE
HAS_CODE
HAS_ROOM_CODE
HAS_ATTRIBUTE
HAS_ATTRIBUTE
HAS_ATTRIBUTE
HAS_ROOM_CODE
HAS_DIMENSION
REDUCES
PROMOTES
COMPARED_TO
PROMOTES
IMPROVES
ENHANCES
COMPARED_TO
HAS
HAS
HAS
HAS
HAS
HAS
HAS
HAS
HAS
HAS
HAS
HAS_ROOM_CODE
HAS_NAME
HAS_EQUIPMENT
LOCATED_IN
HAS_CODE
DESIGNED_AS
FACILITATES
FACILITATES
ENSURES
ENSURES
HAS_ATTRIBUTE
HAS_ATTRIBUTE
HAS_ATTRIBUTE
HAS_ATTRIBUTE
HAS_ATTRIBUTE
HAS_ATTRIBUTE
HAS_ATTRIBUTE
HAS_ATTRIBUTE
HAS_ATTRIBUTE
HAS_ATTRIBUTE
HAS_ATTRIBUTE
HAS_ATTRIBUTE
HAS_CODE
HAS_SIZE
HAS_AREA
HAS_HEIGHT
HAS_LAYOUT
HAS_EQUIPMENT
SHOWS
SHOWS
SHOWS
SHOWS
SHOWS
HAS_CODE
HAS_CODE
HAS_ATTRIBUTE
HAS_CODE
HAS_ATTRIBUTE
HAS_ATTRIBUTE
PROCESSES
GENERATED_BY
GENERATED_BY
HAS_ROOM_CODE
HAS_SIZE
HAS_AREA
TREATS
WORKS_WITH
TARGETS
HAS_ROOM_NAME
HAS_SPACE_CATEGORY
HAS_BEHAVIOR
HAS_DESCRIPTION
HAS_CONTENT
HAS_TARGET_GROUP
HAS_CODE
HAS_SIZE
HAS_DIMENSION
HAS_AREA
HAS_HEIGHT
TARGETS
INVOLVES
HAS_ATTRIBUTE
HAS_ATTRIBUTE
DESCRIBED_BY
AIMS_TO
HAS_ROOM_CODE
HAS_ROOM_CODE
HAS_ROOM_CODE
HAS_ATTRIBUTE
HAS_ATTRIBUTE
HAS_ATTRIBUTE
AVOIDS
AVOIDS
CONTROLS
ADJUSTS
RECEIVES
HAS_ATTRIBUTE
HAS_ATTRIBUTE
DESCRIBED_AS
MAINLY_USED_FOR
MAINLY_USED_FOR
GENERATES
PERFORMS
PERFORMS
HAS_ATTRIBUTE
HAS_ATTRIBUTE
HAS_ATTRIBUTE
HAS_ATTRIBUTE
HAS_ATTRIBUTE
HAS_ATTRIBUTE
HAS_ATTRIBUTE
HAS_ATTRIBUTE
HAS_ATTRIBUTE
HAS_ATTRIBUTE
HAS_ATTRIBUTE
HAS_ATTRIBUTE
HAS_ROOM_CODE
HAS_SPECIFICATION
HAS_SIZE
HAS_SIZE
HAS_AREA
HAS_DOOR_SIZE
HAS_HEIGHT
HAS_SIZE
HAS_QUANTITY
HAS_COMPONENT
HAS_PAGE_REFERENCE
HAS_EQUIPMENT
HAS_EQUIPMENT_FEATURE
HAS_EQUIPMENT_FEATURE
HAS_CATEGORY
INVOLVES
INVOLVES
HAS_ROOM_CODE
CLASSIFIED_AS
HAS_ATTRIBUTE
HAS_ATTRIBUTE
HAS_ATTRIBUTE
HAS_ATTRIBUTE
MEASURES
MEASURES
MEASURES
MEASURES
MEASURES
MEASURES
MEASURES
CALCULATES
REFLECTS
DIAGNOSES
MEASURES
MEASURES
MEASURES
PASSES_THROUGH
PASSES_THROUGH
PASSES_THROUGH
HAS_ATTRIBUTE
HAS_ATTRIBUTE
HAS_ATTRIBUTE
SELECTS
AIMS_TO
SELECTS_BASED_ON
SELECTS_BASED_ON
SELECTS_BASED_ON
SELECTS_BASED_ON
SELECTS_BASED_ON
HAS_PURPOSE
AIMS_TO
HAS_PURPOSE
HAS_ATTRIBUTE
HAS_ATTRIBUTE
HAS_ATTRIBUTE
HAS_ATTRIBUTE
HAS_ATTRIBUTE
HAS_ATTRIBUTE
HAS_ATTRIBUTE
HAS_ATTRIBUTE
HAS_ATTRIBUTE
TREATS
TREATS
TREATS
TREATS
PREVENTS
HAS_ATTRIBUTE
HAS_ATTRIBUTE
HAS_ATTRIBUTE
HAS_ATTRIBUTE
HAS_ROOM_CODE
DESCRIBED_AS
BALANCES
BALANCES
APPLIES_TO
APPLIES_TO
APPLIES_TO
APPLIES_TO
APPLIES_TO
APPLIES_TO
APPLIES_TO
APPLIES_TO
STORED_IN
PROCESSED_IN
PRINTED_IN
PERFORMS
CONFORMS_TO
TRANSMITTED_TO
USED_FOR
HAS_FUNCTIONAL_DEPENDENCY
IS_PRODUCT_OF
IDENTIFIED_AS
HAS_ATTRIBUTE
HAS_ATTRIBUTE
HAS_ATTRIBUTE
HAS_ATTRIBUTE
HAS_ATTRIBUTE
HAS_ATTRIBUTE
HAS_ATTRIBUTE
HAS_ATTRIBUTE
HAS_ATTRIBUTE
HAS_ATTRIBUTE
HAS_ATTRIBUTE
HAS_ATTRIBUTE
HAS_ATTRIBUTE
HAS_ATTRIBUTE
HAS_ATTRIBUTE
HAS_ATTRIBUTE
HAS_ATTRIBUTE
HAS_ATTRIBUTE
PRECEDES
PRECEDES
IS_PART_OF
HAS_CODE
HAS_EQUIPMENT
HAS_EQUIPMENT
HAS_EQUIPMENT
HAS_EQUIPMENT
HAS_EQUIPMENT
USED_IN
DESCRIBES
HAS_ATTRIBUTE
HAS_ATTRIBUTE
HAS_ATTRIBUTE
HAS_ATTRIBUTE
HAS_ATTRIBUTE
HAS_SIZE
HAS_SIZE
HAS_HEIGHT
HAS_CODE
HAS_ATTRIBUTE
HAS_ATTRIBUTE
HAS_ATTRIBUTE
HAS_ATTRIBUTE
CONFIGURED_AS
HAS_ATTRIBUTE
HAS_ATTRIBUTE
HAS_ATTRIBUTE
HAS_ATTRIBUTE
HAS_ATTRIBUTE
HAS_ATTRIBUTE
HAS_ATTRIBUTE
HAS_ATTRIBUTE
HAS_ATTRIBUTE
RECEIVES
AVOIDS
DESIGNED_FOR
HAS_ATTRIBUTE
HAS_ATTRIBUTE
HAS_ATTRIBUTE
HAS_ATTRIBUTE
HAS_ATTRIBUTE
HAS_ATTRIBUTE
HAS_ATTRIBUTE
HAS_ATTRIBUTE
HAS_ATTRIBUTE
HAS_ATTRIBUTE
HAS_ATTRIBUTE
HAS_ATTRIBUTE
HAS_ATTRIBUTE
HAS_ATTRIBUTE
HAS_ATTRIBUTE
HAS_ATTRIBUTE
HAS_ATTRIBUTE
HAS_ATTRIBUTE
HAS_ATTRIBUTE
HAS_ATTRIBUTE
HAS_ATTRIBUTE
HAS_ATTRIBUTE
HAS_ROOM_CODE
HAS_SPECIFICATION
HAS_DIMENSION
HAS_AREA
HAS_HEIGHT
HAS_SIZE
HAS_SIZE
HAS_SIZE
HAS_ATTRIBUTE
HAS_ATTRIBUTE
HAS_ATTRIBUTE
HAS_ATTRIBUTE
HAS_ATTRIBUTE
HAS_ATTRIBUTE
HAS_ATTRIBUTE
HAS_ATTRIBUTE
STORED_IN
HAS_FUNCTION
HAS_FUNCTION
LOCATED_IN
PROCESSED_BY
HAS_VALUE
HAS_VALUE
HAS_ATTRIBUTE
HAS_ATTRIBUTE
HAS_FUNCTION
LOCATED_IN
HAS_FUNCTION
HAS_FUNCTION
HAS_FUNCTION
HAS_FUNCTION
HAS_FUNCTION
DEFINES
DEFINES
DEFINES
DEFINES
DEFINES
DEFINES
APPLIES_TO
APPLIES_TO
APPLIES_TO
HAS_ROOM_CODE
HAS_ATTRIBUTE
HAS_ATTRIBUTE
LOCATED_IN
HAS_ATTRIBUTE
HAS_ATTRIBUTE
HAS_ATTRIBUTE
HAS_ATTRIBUTE
HAS_CODE
HAS_CODE
PRODUCES
USED_IN
USED_IN
RECEIVES
UNDERGOES
PRODUCES
PRODUCES
USED_IN
OBSERVES
OBSERVES
OBSERVES
OBSERVES
HAS
HAS_ATTRIBUTE
HAS_ATTRIBUTE
HAS_ATTRIBUTE
HAS_ATTRIBUTE
HAS_ATTRIBUTE
HAS_ATTRIBUTE
HAS_ATTRIBUTE
HAS_ATTRIBUTE
HAS_ATTRIBUTE
HAS_ATTRIBUTE
HAS_ATTRIBUTE
HAS_ATTRIBUTE
HAS_ATTRIBUTE
HAS_ATTRIBUTE
HAS_ATTRIBUTE
HAS_ATTRIBUTE
HAS_ATTRIBUTE
HAS_ATTRIBUTE
HAS_ATTRIBUTE
HAS_ATTRIBUTE
HAS_ATTRIBUTE
HAS_ATTRIBUTE
HAS_ATTRIBUTE
HAS_ATTRIBUTE
HAS_ATTRIBUTE
HAS_ATTRIBUTE
HAS_ATTRIBUTE
HAS_ATTRIBUTE
HAS_ATTRIBUTE
HAS_ATTRIBUTE
HAS_ATTRIBUTE
HAS_ATTRIBUTE
HAS_CODE
HAS_CODE
HAS_ATTRIBUTE
HAS_ATTRIBUTE
HAS_ATTRIBUTE
HAS_ATTRIBUTE
HAS_ATTRIBUTE
HAS_ATTRIBUTE
HAS_ATTRIBUTE
HAS_ATTRIBUTE
HAS_ATTRIBUTE
HAS_ATTRIBUTE
HAS_ATTRIBUTE
HAS_ATTRIBUTE
HAS_ATTRIBUTE
ANALYZES
ANALYZES
ANALYZES
DETERMINES
DETERMINES
DETERMINES
IS_BEST_FOR
HAS_CODE
HAS_ROOM_CODE
HAS_DIMENSIONS
HAS_QUANTITY
HAS_DIMENSIONS
HAS_WEIGHT
HAS_QUANTITY
HAS_DIMENSIONS
HAS_WEIGHT
HAS_POWER
HAS_QUANTITY
HAS_ATTRIBUTE
HAS_ATTRIBUTE
HAS_ATTRIBUTE
HAS_ATTRIBUTE
HAS_ATTRIBUTE
HAS_ATTRIBUTE
HAS_ATTRIBUTE
HAS_ATTRIBUTE
HAS_ROOM_CODE
HAS_PAGE_REFERENCE
HAS_SPECIMEN_TYPE
HAS_ATTRIBUTE
HAS_ATTRIBUTE
HAS_CODE
HAS_SIZE
HAS_PAGE
HAS_FEATURE
HAS_FEATURE
HAS_ATTRIBUTE
HAS_ATTRIBUTE
HAS_RESPONSIBILITY
HAS_RESPONSIBILITY
HAS_RESPONSIBILITY
LOCATED_IN
HAS_ROOM_CODE
HAS_CLEANLINESS_REQUIREMENT
HAS_DIMENSION
HAS_ATTRIBUTE
HAS_ATTRIBUTE
HAS_FUNCTION
HAS_ATTRIBUTE
HAS_ATTRIBUTE
HAS_ATTRIBUTE
HAS_CODE
HAS_ATTRIBUTE
HAS_ATTRIBUTE
HAS_ATTRIBUTE
HAS_ATTRIBUTE
HAS_ATTRIBUTE
HAS_ATTRIBUTE
HAS_ATTRIBUTE
HAS_ATTRIBUTE
HAS_ATTRIBUTE
REDUCES
USED_FOR
HAS_ATTRIBUTE
OPTIONALLY_USES
RECOMMENDS
HAS_SPECIFICATION
HAS_CODE
HAS_AREA
HAS_HEIGHT
HAS_ATTRIBUTE
HAS_ATTRIBUTE
HAS_ATTRIBUTE
HAS_ATTRIBUTE
HAS_ATTRIBUTE
HAS_SPECIFICATION
HAS_ROOM_CODE
HAS_SPECIFICATION
HAS_SPECIFICATION
HAS_SPECIFICATION
HAS_ATTRIBUTE
HAS_CODE
HAS_ATTRIBUTE
HAS_ATTRIBUTE
HAS_ATTRIBUTE
HAS_ATTRIBUTE
HAS_ATTRIBUTE
LOCATED_IN
HAS_AREA
HAS_DIMENSION
HAS_HEIGHT
HAS_QUANTITY
CONSISTS_OF
CONSISTS_OF
HAS_ADJUSTABLE
USED_BY
HAS_PURPOSE
HAS_FEATURE
HAS_ATTRIBUTE
HAS_ATTRIBUTE
HAS_ATTRIBUTE
HAS_ATTRIBUTE
HAS_ATTRIBUTE
HAS_ATTRIBUTE
HAS_ATTRIBUTE
HAS_ATTRIBUTE
HAS_ATTRIBUTE
HAS_ATTRIBUTE
HAS_ATTRIBUTE
HAS_ATTRIBUTE
HAS_ATTRIBUTE
HAS_ATTRIBUTE
HAS_ATTRIBUTE
HAS_ATTRIBUTE
HAS_ATTRIBUTE
HAS_ATTRIBUTE
HAS_ATTRIBUTE
HAS_ATTRIBUTE
HAS_ATTRIBUTE
HAS_ATTRIBUTE
HAS_SIZE
HAS_SPECIFICATION
HAS_SPECIFICATION
HAS_SPECIFICATION
HAS_SPECIFICATION
HAS_SIZE
HAS_SIZE
HAS_SIZE
HAS_ATTRIBUTE
HAS_ATTRIBUTE
HAS_SPECIFICATION
HAS_ATTRIBUTE
HAS_ATTRIBUTE
HAS_ATTRIBUTE
DESIGNED_FOR
FACILITATES
DESIGNED_FOR
DESIGNED_FOR
HAS_CODE
HAS_ATTRIBUTE
HAS_ATTRIBUTE
HAS_ATTRIBUTE
USED_BY
CAN_BE
HAS_ROOM_CODE
DIFFERENT_FROM
SIZE_DEPENDS_ON
PROTECTS
PROTECTS
HAS_CODE
HAS_SIZE
HAS_DIMENSION
HAS_HEIGHT
HAS_QUANTITY
HAS_SPECIFICATION
HAS_LENGTH
HAS_QUANTITY
HAS_ATTRIBUTE
HAS_ATTRIBUTE
HAS_ATTRIBUTE
HAS_ATTRIBUTE
HAS_ATTRIBUTE
HAS_ATTRIBUTE
HAS_FEATURE
HAS_ATTRIBUTE
HAS_ATTRIBUTE
HAS_ATTRIBUTE
HAS_ATTRIBUTE
HAS_ATTRIBUTE
HAS_ATTRIBUTE
HAS_CODE
HAS_ATTRIBUTE
HAS_ATTRIBUTE
HAS_ATTRIBUTE
HAS_ATTRIBUTE
HAS_ATTRIBUTE
HAS_ATTRIBUTE
HAS_ATTRIBUTE
HAS_ATTRIBUTE
HAS_ATTRIBUTE
HAS_ATTRIBUTE
HAS_ATTRIBUTE
HAS_ATTRIBUTE
HAS_ATTRIBUTE
USED_IN
HAS_SIZE
HAS_AREA
HAS_HEIGHT
CAN_HAVE
HAS_QUANTITY
HAS_QUANTITY
HAS_SIZE
HAS_SPEC
HAS_SPEC
HAS_FUNCTION
HAS_CODE
HAS_ATTRIBUTE
HAS_ATTRIBUTE
HAS_ATTRIBUTE
HAS_ATTRIBUTE
HAS_ATTRIBUTE
HAS_ROOM_CODE
HAS_EQUIPMENT
DESCRIBES
HAS_ATTRIBUTE
HAS_ATTRIBUTE
HAS_ATTRIBUTE
HAS_ATTRIBUTE
HAS_ATTRIBUTE
HAS_ATTRIBUTE
HAS_ATTRIBUTE
HAS_ATTRIBUTE
HAS_ATTRIBUTE
HAS_ATTRIBUTE
HAS_ATTRIBUTE
HAS_ATTRIBUTE
HAS_ATTRIBUTE
HAS_ATTRIBUTE
HAS_ATTRIBUTE
HAS_ATTRIBUTE
HAS_ATTRIBUTE
HAS_ATTRIBUTE
HAS_ATTRIBUTE
HAS_ATTRIBUTE
HAS_ATTRIBUTE
HAS_ATTRIBUTE
HAS_ATTRIBUTE
HAS_ATTRIBUTE
REDUCES
REDUCES
REDUCES
DETERMINES
DETERMINES
INFLUENCES
INFLUENCES
INFLUENCES
INFLUENCES
REDUCES
REDUCES
DETERMINES
DETERMINES
DETERMINES
DETERMINES
DETERMINES
HAS_ROOM_CODE
HAS_SPACE_CATEGORY
APPLIES_TO
HAS_ATTRIBUTE
HAS_ATTRIBUTE
HAS_NAME
LOCATED_IN
LOCATED_IN
HAS_ATTRIBUTE
HAS_ATTRIBUTE
HAS_ATTRIBUTE
HAS_ATTRIBUTE
HAS_ATTRIBUTE
HAS_ATTRIBUTE
HAS_ATTRIBUTE
HAS_ATTRIBUTE
HAS_ATTRIBUTE
HAS_ATTRIBUTE
HAS_ATTRIBUTE
HAS_ATTRIBUTE
HAS_ATTRIBUTE
HAS_ATTRIBUTE
HAS_ATTRIBUTE
HAS_ATTRIBUTE
HAS_ATTRIBUTE
HAS_ATTRIBUTE
HAS_ATTRIBUTE
HAS_ATTRIBUTE
HAS_ATTRIBUTE
HAS_ATTRIBUTE
HAS_CODE
HAS_AREA
HAS_DIMENSION
HAS_DIMENSION
HAS_AREA
HAS_AREA
HAS_HEIGHT
HAS_FACILITY
CONTROLS
CONTROLS
ADJUSTS
ADJUSTS
CONTROLS
HAS_SPEC
HAS_SIZE
HAS_AREA
HAS_HEIGHT
HAS_CODE
HAS_AREA
LOCATED_IN_PAGE
USED_FOR
HAS_HEIGHT
HAS_DIMENSION
HAS_DIMENSION
HAS_AREA
HAS_AREA
HAS_ATTRIBUTE
HAS_CODE
HAS_EQUIPMENT
HAS_VALUE
HAS_VALUE
HAS_ATTRIBUTE
HAS_ATTRIBUTE
HAS_ATTRIBUTE
HAS_ATTRIBUTE
HAS_ATTRIBUTE
HAS_ATTRIBUTE
HAS_ATTRIBUTE
HAS_ATTRIBUTE
HAS_ATTRIBUTE
HAS_ATTRIBUTE
HAS_ATTRIBUTE
HAS_ATTRIBUTE
HAS_ATTRIBUTE
HAS_ATTRIBUTE
HAS_ATTRIBUTE
HAS_ATTRIBUTE
HAS_ATTRIBUTE
HAS_ATTRIBUTE
HAS_ATTRIBUTE
HAS_ATTRIBUTE
HAS_ATTRIBUTE
HAS_ATTRIBUTE
HAS_ATTRIBUTE
HAS_ATTRIBUTE
HAS_ATTRIBUTE
HAS_ATTRIBUTE
HAS_ATTRIBUTE
HAS_ATTRIBUTE
HAS_ATTRIBUTE
HAS_ATTRIBUTE
HAS_ATTRIBUTE
HAS_ATTRIBUTE
HAS_ATTRIBUTE
HAS_ATTRIBUTE
HAS_ATTRIBUTE
HAS_ATTRIBUTE
HAS_ATTRIBUTE
HAS_ATTRIBUTE
HAS_ATTRIBUTE
HAS_ATTRIBUTE
HAS_ATTRIBUTE
HAS_ATTRIBUTE
HAS_ATTRIBUTE
HAS_ATTRIBUTE
HAS_ATTRIBUTE
HAS_ATTRIBUTE
HAS_ATTRIBUTE
HAS_ATTRIBUTE
HAS_ATTRIBUTE
HAS_ATTRIBUTE
HAS_ATTRIBUTE
HAS_ATTRIBUTE
HAS_ATTRIBUTE
HAS_ATTRIBUTE
HAS_ATTRIBUTE
HAS_ATTRIBUTE
HAS_ATTRIBUTE
HAS_ATTRIBUTE
HAS_ATTRIBUTE
HAS_ATTRIBUTE
HAS_ATTRIBUTE
HAS_ATTRIBUTE
HAS_ATTRIBUTE
HAS_ATTRIBUTE
HAS_ATTRIBUTE
HAS_ATTRIBUTE
HAS_ATTRIBUTE
HAS_ATTRIBUTE
HAS_ATTRIBUTE
HAS_ATTRIBUTE
HAS_ATTRIBUTE
HAS_ATTRIBUTE
HAS_ATTRIBUTE
HAS_ATTRIBUTE
HAS_ATTRIBUTE
HAS_ATTRIBUTE
HAS_ATTRIBUTE
HAS_ATTRIBUTE
HAS_ATTRIBUTE
HAS_ATTRIBUTE
HAS_ATTRIBUTE
HAS_ATTRIBUTE
HAS_ATTRIBUTE
HAS_ATTRIBUTE
HAS_ATTRIBUTE
HAS_ATTRIBUTE
HAS_ATTRIBUTE
HAS_ATTRIBUTE
HAS_ATTRIBUTE
HAS_ATTRIBUTE
HAS_ATTRIBUTE
HAS_ATTRIBUTE
HAS_ATTRIBUTE
HAS_ATTRIBUTE
HAS_ATTRIBUTE
HAS_ATTRIBUTE
HAS_ATTRIBUTE
HAS_ATTRIBUTE
HAS_ATTRIBUTE
HAS_ATTRIBUTE
HAS_ATTRIBUTE
HAS_ATTRIBUTE
HAS_ATTRIBUTE
HAS_ATTRIBUTE
HAS_ATTRIBUTE
HAS_ATTRIBUTE
PUBLISHED_BY
HAS_ISBN
FUNDED_BY
FUNDED_BY
HAS_PROJECT_NUMBER
HAS_PROJECT_NUMBER
LOCATED_IN
PUBLISHED_BY
HAS_ISBN
PART_OF
LOCATED_IN
HAS_PUBLICATION_DATE
HAS_ORIGINAL_LANGUAGE
HAS_ORIGINAL_PUBLICATION_DATE
HAS_TOPIC
TRANSLATED
HAS_ADDRESS
LOCATED_IN
HAS_PUBLICATION_DATE
HAS_PROJECT_NAME
HAS_EXPERTISE
HAS_EXPERTISE
HAS_DEGREE
HAS_PROFESSIONAL_EXPERIENCE
WORKS_AT
WORKS_AT
AFFILIATED_WITH
AFFILIATED_WITH
AFFILIATED_WITH
HAS_ACADEMIC_TITLE
HAS_ACADEMIC_TITLE
HAS_CIP_NUMBER
HAS_CLASSIFICATION_NUMBER
HAS_RIGHTS
HAS_RIGHTS
HAS_TRANSLATION_RIGHTS
HAS_ORIGINAL_RIGHTS
HAS_ROLE
HAS_ROLE
HAS_ROLE
HAS_ROLE
HAS_ROLE
HAS_ROLE
TRANSLATED_BY
DISTRIBUTED_BY
DISTRIBUTED_BY
PUBLISHES
COMPLETES
HOSTS
COMPLETES
LEARNS
FINDS
AUTHORED
HOSTED
EVOLVED_FROM
EVOLVED_TO
FOCUS_SHIFT
COVERS
COVERS
TARGET_AUDIENCE
TARGET_AUDIENCE
TARGET_AUDIENCE
TARGET_AUDIENCE
TARGET_AUDIENCE
TARGET_AUDIENCE
INVOLVES
INVOLVES
INVOLVES
HAS_DEGREE_FROM
HAS_DEGREE_FROM
HELPED_WITH
CONTRIBUTED_TO
ROLE
GAINED
AFFECTED_BY
AFFECTED_BY
TARGETS
TARGETS
TARGETS
TARGETS
TARGETS
COMPOSED_OF
FOCUSES_ON
FOCUSES_ON
DEPENDS_ON
DEPENDS_ON
CHARACTERIZED_BY
CHARACTERIZED_BY
IDENTIFIES
IDENTIFIES
LINKED_TO
LINKED_TO
LINKED_TO
HELPED_WITH
CONTRIBUTED
TARGETS
TARGETS
TARGETS
TARGETS
TARGETS
HAS_ATTRIBUTE
HAS_ATTRIBUTE
HAS_ATTRIBUTE
HAS_ATTRIBUTE
HAS_ATTRIBUTE
HAS_ATTRIBUTE
HAS_ATTRIBUTE
HAS_ATTRIBUTE
HAS_ATTRIBUTE
HAS_ATTRIBUTE
HAS_ATTRIBUTE
HAS_ATTRIBUTE
HAS_ATTRIBUTE
HAS_ATTRIBUTE
HAS_ATTRIBUTE
HAS_ATTRIBUTE
HAS_ATTRIBUTE
HAS_ATTRIBUTE
HAS_ATTRIBUTE
HAS_ATTRIBUTE
HAS_ATTRIBUTE
HAS_ATTRIBUTE
HAS_ATTRIBUTE
HAS_ATTRIBUTE
HAS_ATTRIBUTE
HAS_ATTRIBUTE
DESIGNED_BY
DESIGNED_BY
DESIGNED_BY
DESIGNED_BY
DESIGNED_BY
DESIGNED_BY
DESIGNED_BY
DESIGNED_BY
DESIGNED_BY
DESIGNED_BY
DESIGNED_BY
DESIGNED_BY
DESIGNED_BY
DESIGNED_BY
DESIGNED_BY
DESIGNED_BY
DESIGNED_BY
DESIGNED_BY
DESIGNED_BY
DESIGNED_BY
DESIGNED_BY
DESIGNED_BY
DESIGNED_BY
DESIGNED_BY
DESIGNED_BY
DESIGNED_BY
INTEGRATES
REPLACES
COMPLETED_IN
LOCATED_IN
COMPLETED_IN
COMPLETED_IN
HEIGHT_LIMIT
LOCATED_IN
COMPLETED_IN
COMPLETED_IN
PART_OF
COMPLETED_IN
COMPLETED_IN
REPLACES
COMPLETED_IN
COMPLETED_IN
LOCATED_ON
LOCATED_IN
FOCUSES_ON
INTEGRATES
THEME
HAS_ATTRIBUTE
HAS_ATTRIBUTE
HAS_ATTRIBUTE
HAS_ATTRIBUTE
HAS_ATTRIBUTE
HAS_ATTRIBUTE
HAS_ATTRIBUTE
HAS_ATTRIBUTE
HAS_ATTRIBUTE
HAS_ATTRIBUTE
HAS_ATTRIBUTE
HAS_ATTRIBUTE
HAS_ATTRIBUTE
HAS_ATTRIBUTE
HAS_ATTRIBUTE
HAS_ATTRIBUTE
HAS_ATTRIBUTE
HAS_ATTRIBUTE
HAS_ATTRIBUTE
HAS_ATTRIBUTE
HAS_ATTRIBUTE
HAS_ATTRIBUTE
HAS_ATTRIBUTE
HAS_ATTRIBUTE
LOCATED_IN
DESIGNED_BY
LOCATED_IN
DESIGNED_BY
LOCATED_IN
DESIGNED_BY
LOCATED_IN
DESIGNED_BY
LOCATED_IN
DESIGNED_BY
LOCATED_IN
DESIGNED_BY
DESIGNED_BY
LOCATED_IN
DESIGNED_BY
DESIGNED_BY
LOCATED_IN
DESIGNED_BY
DESIGNED_BY
LOCATED_IN
DESIGNED_BY
LOCATED_IN
DESIGNED_BY
LOCATED_IN
DESIGNED_BY
LOCATED_IN
DESIGNED_BY
LOCATED_IN
DESIGNED_BY
LOCATED_IN
DESIGNED_BY
LOCATED_IN
DESIGNED_BY
LOCATED_IN
DESIGNED_BY
LOCATED_IN
DESIGNED_BY
LOCATED_IN
DESIGNED_BY
LOCATED_IN
DESIGNED_BY
CONSIDERS
ADAPTS_TO
SERVES
SERVES
DESIGNED_BY
DESIGNED_BY
HAS_IMPACT_ON
HAS_IMPACT_ON
INTEGRATES
INTEGRATES
INTEGRATES
INTEGRATES
EXPLORES
REFLECTS
HAS_IMPACT_ON
HAS_IMPACT_ON
HAS_IMPACT_ON
HAS_IMPACT_ON
HAS_IMPACT_ON
HAS_IMPACT_ON
HAS_IMPACT_ON
HAS_IMPACT_ON
HAS_IMPACT_ON
LOCATED_IN
LOCATED_IN
FOCUSES_ON
ASSISTS
CHANGES
EXCLUDED_FROM
FOCUSES_ON
ENABLES
DEMONSTRATES
EXCLUDES
DIVIDED_INTO
DIVIDED_INTO
FOCUSES_ON
AFFECTS
ADDRESSES
ADDRESSES
INVOLVES
FACILITATES
INVOLVES
ILLUSTRATES
CONSISTS_OF
CATERS_TO
CATERS_TO
RESTRICTS
ADDRESSES
ADDRESSES
INVOLVES
DEMONSTRATES
RESTRICTS
INTERACTS_WITH
PLAYS_ROLE
PLAYS_ROLE
PLAYS_ROLE
IMAGINES
IMAGINES
IS_PART_OF
IS_PART_OF
IMPACTS
INFLUENCES
COLLABORATES_WITH
COLLABORATES_WITH
AFFECTS
AFFECTS
DEMONSTRATES
HAS_FUNCTION
HAS_FUNCTION
HAS_FUNCTION
INVOLVES
DESIGNS
DESIGNS
CREATES
CREATES
EVOLVES_FROM
HAS_ATTRIBUTE
HAS_ATTRIBUTE
CONSISTS_OF
WORKS_IN
RECEIVES_CARE_IN
ACCESSES
DEFINES
CHALLENGES
AFFECTS
EXPLORES
INFLUENCES
CHALLENGES
INFLUENCES
PROMOTES
AFFECTS
REPRESENTS
INVOLVES
ADOPTS
PROMOTES
REPRESENTS
AFFECTS
EXPLORES
PROPOSED
LIVED_IN
PROPOSED
PROPOSED_IN
EMERGED_IN
HAS_ATTRIBUTE
HAS_ATTRIBUTE
HAS_ATTRIBUTE
HAS_ATTRIBUTE
HAS_ATTRIBUTE
HAS_ATTRIBUTE
HAS_ATTRIBUTE
HAS_ATTRIBUTE
HAS_ATTRIBUTE
HAS_ATTRIBUTE
HAS_ATTRIBUTE
HAS_ATTRIBUTE
HAS_ATTRIBUTE
HAS_ATTRIBUTE
HAS_ATTRIBUTE
HAS_ATTRIBUTE
HINDERS
HINDERS
PROMOTES
LOCATED_IN
LOCATED_IN
EXPANDED_IN
DESIGNED_BY
PARTNER_OF
INTEGRATED_INTO
TARGETS
INFLUENCED_BY
CONTROLLED_BY
TRANSFERRED_TO
HAS_RIGHT_TO
CAN_CHOOSE
CAN_CHOOSE
RESPONSIBLE_FOR
PLAYS_ROLE_IN
AUTHOR_OF
PROPOSES
REDUCES
FACILITATES
ORGANIZES
QUESTIONS
IMPROVES
TRANSFORMS_INTO
DESIGNED_BY
INFLUENCED_BY
HAS_RIGHT_TO
HAS_RIGHT_TO
IMPROVED_BY
TRANSFORMED_INTO
RESISTS
PROMOTES
HAS_ATTRIBUTE
HAS_ATTRIBUTE
INFLUENCES
HAS_RIGHT_TO
MANAGES
REDUCES
ORGANIZES
RESISTS
PROMOTES
IMPROVES
CREATED
CREATED
DEPICTS
PAYS
HAS_ATTRIBUTE
HAS_ATTRIBUTE
HAS_ATTRIBUTE
HAS_ATTRIBUTE
HAS_ATTRIBUTE
HAS_ATTRIBUTE
HAS_ATTRIBUTE
HAS_ATTRIBUTE
HAS_ATTRIBUTE
HAS_ATTRIBUTE
HAS_ATTRIBUTE
HAS_ATTRIBUTE
HAS_ATTRIBUTE
HAS_ATTRIBUTE
HAS_ATTRIBUTE
HAS_ATTRIBUTE
HAS_ATTRIBUTE
HAS_ATTRIBUTE
HAS_ATTRIBUTE
HAS_ATTRIBUTE
HAS_ATTRIBUTE
HAS_ATTRIBUTE
HAS_ATTRIBUTE
HAS_ATTRIBUTE
HAS_ATTRIBUTE
HAS_ATTRIBUTE
HAS_ATTRIBUTE
HAS_ATTRIBUTE
HAS_ATTRIBUTE
HAS_ATTRIBUTE
HAS_ATTRIBUTE
HAS_ATTRIBUTE
HAS_ATTRIBUTE
HAS_ATTRIBUTE
HAS_ATTRIBUTE
HAS_ATTRIBUTE
HAS_ATTRIBUTE
HAS_ATTRIBUTE
HAS_ATTRIBUTE
HAS_ATTRIBUTE
HAS_ATTRIBUTE
HAS_ATTRIBUTE
HAS_ATTRIBUTE
LOCATED_IN
HAS_PART
HAS_PART
HAS_PART
HAS_PART
HAS_PART
HAS_PART
HAS_PART
HAS_PART
HAS_PART
HAS_PART
HAS_PART
HAS_PART
HAS_PART
HAS_PART
HAS_PART
HAS_PART
HAS_PART
HAS_PART
HAS_PART
HAS_PART
HAS_PART
HAS_PART
HAS_PART
HAS_PART
HAS_PART
HAS_PART
HAS_PART
HAS_PART
HAS_PART
HAS_PART
HAS_PART
HAS_PART
HAS_PART
HAS_PART
HAS_PART
HAS_PART
HAS_PART
HAS_PART
HAS_PART
HAS_PART
HAS_PART
HAS_PART
HAS_PART
HAS_PART
HAS_PART
HAS_PART
HAS_PART
HAS_PART
HAS_PART
HAS_PART
HAS_PART
HAS_PART
HAS_PART
HAS_PART
HAS_PART
HAS_PART
HAS_PART
HAS_PART
HAS_PART
HAS_PART
INFLUENCES
INFLUENCES
INFLUENCES
AFFECTS
INFLUENCES
IMPROVES
IMPROVES
IMPROVES
COMBINES
INFLUENCES
AFFECTS
INFLUENCES
INFLUENCES
MORE_EFFECTIVE_THAN
MORE_EFFECTIVE_THAN
FORCES
INFLUENCES
PAYS
DEVELOPED
IMPROVED
PREVENTED
OCCURRED_IN
AFFECTS
AFFECTS
AFFECTS
AFFECTS
AFFECTS
AFFECTS
AFFECTS
AFFECTS
PAYS
CONSIDERS
DEPENDS_ON
DEPENDS_ON
DEPENDS_ON
IDENTIFIES
IDENTIFIES
DESIGNED_FOR
CONSIDERS
CHANGES
AFFECTS
INCREASES
LIMITS
AFFECTS
INCREASES
REDUCES
PROMOTES
IMPROVES
INCREASES_WITH
ENABLES
ENABLES
ENABLES
ENABLES
REDUCES
IMPROVES
REDUCES
DESIGNS
DESIGNS
PROMOTES
REDUCES
IMPROVES
IMPROVES
REDUCES
PROMOTES
PROMOTES
REDUCES
REDUCES
IMPROVES
PROMOTES
REDUCES
REDUCES
REDUCES
REDUCES
PROMOTES
REDUCES
FOCUSES_ON
VARIES_IN
ADAPTS_TO
AIMS_TO
INVOLVES
ENABLES
VS
AFFECTS
AFFECTS
AFFECTS
SUITABLE_FOR
SUITABLE_FOR
COMBINED_WITH
COMBINED_WITH
IMPROVES
POSES_RISK_TO
CONCENTRATES
FACILITATES
REDUCES
REDUCES
EXPANDS
ENABLES
IMPROVES
FOCUSES_ON
PREDICTS
PROPOSES
PROPOSES
REDUCES
INCREASES
REDUCES
ENABLES
ENABLES
EXPANDS
CLOSER_TO
DIFFERENT_FROM
FOCUSES_ON
PREDICTS
REDUCES
ENABLES
ENABLES
BECOMES_POPULAR_IF
BECOMES
RELEASED
HAS_ATTRIBUTE
HAS_ATTRIBUTE
HAS_ATTRIBUTE
HAS_ATTRIBUTE
HAS_ATTRIBUTE
HAS_ATTRIBUTE
HAS_ATTRIBUTE
HAS_ATTRIBUTE
HAS_ATTRIBUTE
HAS_ATTRIBUTE
HAS_ATTRIBUTE
HAS_ATTRIBUTE
HAS_ATTRIBUTE
HAS_ATTRIBUTE
HAS_ATTRIBUTE
HAS_ATTRIBUTE
HAS_ATTRIBUTE
HAS_ATTRIBUTE
HAS_ATTRIBUTE
HAS_ATTRIBUTE
HAS_ATTRIBUTE
HAS_ATTRIBUTE
HAS_ATTRIBUTE
HAS_ATTRIBUTE
COMPARED_WITH
COMPARED_WITH
COMPARED_WITH
INFLUENCES
INFLUENCES
INFLUENCES
INFLUENCES
INFLUENCES
COMPARED_WITH
HAS_ATTRIBUTE
HAS_ATTRIBUTE
HAS_ATTRIBUTE
HAS_ATTRIBUTE
HAS_ATTRIBUTE
HAS_ATTRIBUTE
HAS_ATTRIBUTE
HAS_ATTRIBUTE
HAS_ATTRIBUTE
HAS_ATTRIBUTE
HAS_ATTRIBUTE
HAS_ATTRIBUTE
HAS_ATTRIBUTE
HAS_ATTRIBUTE
HAS_ATTRIBUTE
COMPARED_WITH
COMPARED_WITH
COMPARED_WITH
COMPARED_WITH
COMPARED_WITH
COMPARED_WITH
COMPARED_WITH
COMPARED_WITH
AFFECTS
SUPPLEMENTS
CONFLICTS_WITH
SIMILAR_TO
SIMILAR_TO
LIMITED_TO
SIMILAR_TO
CAN_BE
CAN_BE
ENABLES
CAN_BE
CAN_BE
AFFECTS
INFLUENCES
DEVELOPS_FROM
INVOLVES
CONSISTS_OF
CONSISTS_OF
COMPARABLE_TO
CAN_BE
CAN_BE
AFFECTS
AFFECTS
HAS_ATTRIBUTE
HAS_ATTRIBUTE
IMPROVES
REDUCES
REDUCES
IMPROVES
REDUCES
REDUCES
REDUCES
REDUCES
IMPROVES
REDUCES
IMPROVES
REDUCES
IMPROVES
IMPROVES
IMPROVES
ISOLATED_FROM
INFLUENCES
PRIORITIZES
HAS_ROLE
DEFINES
ENHANCES
INCREASES
HAS_FEATURE
HAS_FEATURE
MANAGES
HAS_POTENTIAL_RISK
HAS_TRADITION
INCREASINGLY_AVOIDS
CONSIDERS
CONSIDERS
MAY_NEED
DESIGNED_FOR
FOSTERS
CONSIDERS
MANAGES
AVOIDS
HAS_TRADITION
DESIGNED_FOR
ISOLATED_FROM
ISOLATED_FROM
HAS_ATTRIBUTE
HAS_ATTRIBUTE
HAS_ATTRIBUTE
NOT_CONSIDERED_AS
CONSIDERS
MANAGED_BY
RESPONSIBLE_FOR
RESPONSIBLE_FOR
LOCATED_IN
DESIGNED_BY
BUILT_IN
APPLIED_TO
PART_OF
HAS_ATTRIBUTE
HAS_ATTRIBUTE
HAS_ATTRIBUTE
HAS_ATTRIBUTE
HAS_ATTRIBUTE
HAS_ATTRIBUTE
CONSIDERS
CONSIDERS
CONSIDERS
CONSIDERS
CONSIDERS
CONSIDERS
CONSIDERS
AFFECTS
AFFECTS
ELIMINATES
INCREASES
HAS_ATTRIBUTE
HAS_ATTRIBUTE
HAS_ATTRIBUTE
HAS_ATTRIBUTE
AFFECTS
AFFECTS
HAS_ATTRIBUTE
HAS_ATTRIBUTE
HAS_ATTRIBUTE
HAS_ATTRIBUTE
HAS_ATTRIBUTE
HAS_ATTRIBUTE
HAS_ATTRIBUTE
HAS_ATTRIBUTE
LOCATED_IN
LOCATED_IN
LOCATED_NEAR
HAS_ATTRIBUTE
HAS_ATTRIBUTE
HAS_ATTRIBUTE
WORKS_IN
HAS_ATTRIBUTE
COLLABORATES_WITH
COLLABORATES_WITH
HAS_ATTRIBUTE
HAS_ATTRIBUTE
PREFERS
DISLIKES
MAKES_DECISIONS
COMBINES
COMBINES
INCREASES
INCREASES
DELAYS
DELAYS
AFFECTS
COMBINES
COMBINES
INTEGRATES
INTEGRATES
MONITORS
ACCOMMODATES
ACCOMMODATES
ACCOMMODATES
ACCOMMODATES
INCREASES
INCREASES
INCREASES
AFFECTS
AFFECTS
INTEGRATES_WITH
INFLUENCES
WITNESSES
SEPARATED_FROM
REDUCES
HAS_CAPABILITY
MINIMIZES
INVOLVES
BENEFITS_FROM
MINIMIZES
LOCATED_IN
ADDRESSES
EVOLVES_TO
CONSIDERS
AFFECTS
INFLUENCES
INFLUENCES
INFLUENCES
LOCATED_BETWEEN
DESIGNED_FOR
EVOLVES_FROM
EVOLVES_FROM
MUST_CONSIDER
MUST_CONSIDER
MUST_CONSIDER
MUST_CONSIDER
MUST_CONSIDER
MUST_CONSIDER
AFFECTS
LOCATED_IN
ALLOWS
SHARES
USED_BY
HAS_DISADVANTAGE
HAS_DISADVANTAGE
HAS_DISADVANTAGE
LOCATED_IN
DESIGNED_BY
BUILT_IN
AFFECTS
AFFECTS
AFFECTS
AFFECTS
AFFILIATED_WITH
AFFILIATED_WITH
DEFINES
AFFILIATED_WITH
SPECIALIZES_IN
FOCUSES_ON
FOCUSES_ON
PLAYED_ROLE_IN
AFFECTS
AFFECTS
AFFECTS
AFFECTS
FOCUSES_ON
FOCUSES_ON
INFLUENCED_BY
INFLUENCED_BY
USED_FOR
USED_IN
IDENTIFIES
HIGHLIGHTS
DESIGNED_TO
AIMS_TO
INFLUENCED_BY
INFLUENCED_BY
INFLUENCED_BY
INFLUENCED_BY
CONTRIBUTES_TO
DETERMINED_BY
VIEWED_AS
EVALUATES
AVOIDS
AVOIDS
AVOIDS
AVOIDS
PREFERS
PREFERS
LOCATED_AT
IMPROVES
REDUCES
REDUCES
DISTRACTS
DISTRACTS
DISTRACTS
PREVENTS
RECOGNIZES
REPLACES
PUBLISHES_IN
PUBLISHES_IN
PUBLISHES_IN
AVOIDS
REDUCES
HAS
BASED_ON
AIMS
IS
PUBLISHES_IN
PUBLISHES_IN
PUBLISHES_IN
PUBLISHES_IN
BASED_ON
AIMS
AIMS
AIMS
LOCATED_AT
AVOIDS
AVOIDS
AVOIDS
PUBLISHES_IN
COMBINES
COMBINES
IS_CONTROVERSIAL_IN
TARGETS
EXPLAINS
ADDRESSES
URGES
DESIGNED_BY
HELPS
HAS_LITTLE_EXPERIENCE_IN
CONSISTS_OF
FEELS_UNCOMFORTABLE_WITH
UNSURE_ABOUT
ANALYZED_BY
POINTS_OUT
CAN_BE_CONTROLLED_MORE_THAN
AFFECTS
LACKS_DEPTH_IN
CAN_BE_DESCRIBED_BY
CANNOT_BE_BASED_ON
CAN_BE_INFORMED_BY
HAS
NEEDS_TO_ADAPT_TO
HAS_CORE_BUSINESS_IN
HAS_RULES_THAT
IMPROVES
CAN_INCLUDE
CAN_INCLUDE
MAY_VIEW_THEMSELVES_AS
ADVOCATES_BELIEVE
HAS_MANY_FACTORS
AIMS_TO_EMPOWER
AFFECTS
INFLUENCES
INVOLVES
INTEGRATES
INTEGRATES
RELIES_ON
PROMOTES
ADAPTS_TO
CHALLENGES
BUILT_IN
PROPOSED_IN
PUBLISHED_IN
PUBLISHED_IN
LOCATED_IN
TRANSFERS
MAY_HINDER
ORIGINATED_IN
EMPOWERS
LOCATED_IN
SERVES
SERVES
LOCATED_IN
DESIGNED_BY
DEFEATED
FOCUSES_ON
HAS_HISTORY
HAS_TYPE
REPLACES
EXPANDS
DESIGNED_BY
DESIGNED_BY
DESIGNED_BY
DESIGNED_BY
DESIGNED_BY
BUILT_IN
BUILT_IN
BUILT_IN
BUILT_IN
BUILT_IN
BUILT_IN
LOCATED_IN
LOCATED_IN
LOCATED_IN
LOCATED_IN
LOCATED_IN
BUILT_BY
BUILT_BY
BUILT_BY
BUILT_BY
BUILT_BY
BUILT_BY
BUILT_BY
BUILT_BY
HAS_ATTRIBUTE
HAS_ATTRIBUTE
HAS_ATTRIBUTE
HAS_ATTRIBUTE
HAS_ATTRIBUTE
HAS_ATTRIBUTE
HAS_ATTRIBUTE
HAS_ATTRIBUTE
HAS_ATTRIBUTE
HAS_ATTRIBUTE
HAS_ATTRIBUTE
HAS_ATTRIBUTE
HAS_ATTRIBUTE
HAS_ATTRIBUTE
HAS_ATTRIBUTE
HAS_ATTRIBUTE
LOCATED_IN
ESTABLISHED_IN
ORIGINALLY_FOR
LOCATED_OUTSIDE
LOCATED_IN
DESIGNED_BY
ESTABLISHED_IN
AROUND
LOCATED_AT
LOCATED_IN
WORKS_IN
LOCATED_IN
WORKS_IN
WORKS_IN
HAS_CAPACITY
USED_FOR
BUILT_IN
INNOVATED
USED_FOR
USED_FOR
SHOWS
SHOWS
SHOWS
SHOWS
WANTS_TO_ABOLISH
WANTS_TO_ABOLISH
WANTS_TO_ESTABLISH
WANTS_TO_ESTABLISH
LOCATED_IN
DESTROYED_IN
REPLACED_BY
INFLUENCED_BY
CONTRAST_WITH
GAINED_ROLE
APPLIED_IN
COMPLEMENTARY_TO
INFLUENCED_BY
INFLUENCED_BY
INFLUENCED_BY
INFLUENCED_BY
INFLUENCED_BY
INFLUENCED_BY
INFLUENCED_BY
INFLUENCED_BY
INFLUENCED_BY
INFLUENCED_BY
INFLUENCED_BY
INFLUENCED_BY
INFLUENCED_BY
INFLUENCED_BY
INFLUENCED_BY
INFLUENCED_BY
INFLUENCED_BY
INFLUENCED_BY
INFLUENCED_BY
INFLUENCED_BY
INFLUENCED_BY
INFLUENCED_BY
INFLUENCED_BY
INFLUENCED_BY
INFLUENCED_BY
INFLUENCED_BY
INFLUENCED_BY
INFLUENCED_BY
INFLUENCED_BY
INFLUENCED_BY
INFLUENCED_BY
INFLUENCED_BY
INFLUENCED_BY
INFLUENCED_BY
INFLUENCED_BY
INFLUENCED_BY
INFLUENCED_BY
INFLUENCED_BY
INFLUENCED_BY
INFLUENCED_BY
DESIGNED
PROPOSED
LOCATED_IN
OPPOSED_BY
COLLABORATED_WITH
DESIGNED
DESIGNED
RECOMMENDED_BY
DESIGNED
INFLUENCED
HAS_PURPOSE
DESCRIBES
DESIGNED_BY
DESIGNED_BY
DESIGNED_BY
DESIGNED_BY
HAS_HISTORY
PROPOSED_FOR
RECOMMENDED
BUILT_BETWEEN
LOCATED_IN
HAS_HISTORY
HAS_HISTORY
DESIGNED_IN
HAS_ATTRIBUTE
HAS_ATTRIBUTE
COLLABORATED_WITH
LOCATED_IN
HAS_ATTRIBUTE
STARTED_IN
HAS_ATTRIBUTE
COMPLETED_IN
FOLLOWED
HAS_ATTRIBUTE
HAS_ATTRIBUTE
HAS_PURPOSE
HAS_PURPOSE
HAS_FUNCTION
HAS_LIMITATION
HAS_ATTRIBUTE
HAS_ATTRIBUTE
DESIGNED_BY
HAS_ATTRIBUTE
HAS_ATTRIBUTE
HAS_ATTRIBUTE
HAS_ATTRIBUTE
HAS_ATTRIBUTE
HAS_ATTRIBUTE
HAS_ATTRIBUTE
HAS_ATTRIBUTE
HAS_ATTRIBUTE
HAS_ATTRIBUTE
DESIGNED
PROPOSED
DESIGNED
DESIGNED
DESIGNED
LOCATED_AT
LOCATED_IN
LOCATED_IN
DESIGNED
INFLUENCES
LEADS_TO
EXPLAINS
REBUILT_AFTER
LOCATED_AT
OCCURRED_IN
BUILT_DURING
BUILT_DURING
DESIGNED_IN
DESIGNED_BY
USED_IN
PUBLISHED
PUBLISHED_IN
DESIGNED
DESIGNED
BECAME
LOCATED_IN
DESIGNED_BY
BUILT_IN
DESIGNED_BY
IS_EXAMPLE_OF
HAS_EXAMPLE
REPRESENTS
DESIGNED_BY
BUILT_IN
CHARACTERIZED_BY
CHARACTERIZED_BY
LOCATED_IN
REPLACES
COMPLETED_IN
COMPLETED_IN
HAS_ATTRIBUTE
HAS_ATTRIBUTE
HAS_ATTRIBUTE
HAS_ATTRIBUTE
HAS_ATTRIBUTE
HAS_ATTRIBUTE
HAS_ATTRIBUTE
HAS_ATTRIBUTE
HAS_ATTRIBUTE
HAS_ATTRIBUTE
HAS_ATTRIBUTE
HAS_ATTRIBUTE
HAS_ATTRIBUTE
DESIGNED_BY
DESIGNED_BY
PROPOSED
DESIGNED_BY
DESIGNED_BY
SURROUNDED_BY
HAS_DISADVANTAGE
IS_PART_OF
IS_PART_OF
LOCATED_IN
LOCATED_IN
ALLOWS
BUILT_IN
BUILT_IN
CONSISTS_OF
IS_EXAMPLE_OF
ALLOWS
ENABLES
EXEMPLIFIES
DEMONSTRATES
INFLUENCED
SPECIALIZED_IN
SPECIALIZED_IN
EXEMPLIFIES
ENABLES
ILLUSTRATES
CREATED
COLLABORATED_WITH
COLLABORATED_WITH
FACILITATES
REPRESENTS
REDUCES
REDUCES
CHANGES
REDUCES
REDUCES
ORIENTED_TO
ORIGINATES_FROM
HAS_UNIQUE
INFLUENCES
DEVELOPS
LEADS_TO
LEADS_TO
CHARACTERIZED_BY
DEVELOPS
ORIGINATES_FROM
DEVELOPS
ORIGINATES_FROM
HAS_UNIQUE
HAS_ATTRIBUTE
REPLACES
INTRODUCED_IN
HAS_ATTRIBUTE
REPLACEMENT_FOR
BUILT_IN
DESIGNED_BY
DESIGNED_BY
HAS_LIMITATION
HAS_ATTRIBUTE
HAS_ATTRIBUTE
DEVELOPS_INTO
DISCOVERED
DISPROVES
EXEMPLIFIES
DESIGNED_BY
DESIGNED_BY
DESIGNED_BY
DESIGNED_BY
DESIGNED_BY
BUILT_IN
BUILT_IN
DESIGNED_BY
INSPIRED_BY
LOCATED_IN
DESIGNED_BY
BUILT_DURING
HAS_ATTRIBUTE
HAS_ATTRIBUTE
DEVELOPED
DEVELOPED
DESIGNED_BY
CELEBRATED_IN
REPLACED_BY
HAS_ATTRIBUTE
HAS_ATTRIBUTE
DESIGNED_BY
DESIGNED_BY
LOCATED_IN
LOCATED_IN
DESIGNED_BY
DESIGNED_BY
BUILT_IN
HAS_FEATURE
LOCATED_IN
DESIGNED_BY
BUILT_IN
COMBINES
COMBINES
DIFFERENT_FROM
COMBINES
LOCATED_IN
DESIGNED_BY
BUILT_IN
LOCATED_IN
DESIGNED_BY
BUILT_IN
HAS_ATTRIBUTE
INSPIRED
BUILT_IN
LOCATED_IN
BUILT_IN
HAS_CAPACITY
LOCATED_IN
HAS_ATTRIBUTE
HAS_ATTRIBUTE
INSPIRED
INSPIRED
LOCATED_IN
LOCATED_IN
LOCATED_IN
LOCATED_IN
LOCATED_IN
HAS_ATTRIBUTE
HAS_ATTRIBUTE
HAS_ATTRIBUTE
HAS_ATTRIBUTE
HAS_ATTRIBUTE
HAS_CAPACITY
HAS_CAPACITY
HAS_ATTRIBUTE
HAS_ATTRIBUTE
HAS_ATTRIBUTE
HAS_ATTRIBUTE
DESIGNED_BY
LOCATED_IN
BUILT_IN
HAS_ATTRIBUTE
HAS_ATTRIBUTE
HAS_ATTRIBUTE
HAS_ATTRIBUTE
IS_EXAMPLE_OF
INSPIRED
LOCATED_IN
DESIGNED_BY
BUILT_IN
DESIGNED_BY
LOCATED_IN
BUILT_IN
INTRODUCED
DEVELOPED_FROM
DEVELOPED_FROM
DEVELOPED_FROM
SEPARATED_FROM
INTRODUCED_IN
LOCATED_IN
LOCATED_IN
SEPARATED_FROM
OCCURS_IN
INSPIRED
INSPIRED
INSPIRED
INTRODUCED
DIVIDED_INTO
DIVIDED_INTO
FACILITATES
AFFECTS
DEVELOPED_IN_RESPONSE_TO
AIMS_TO_ADDRESS
AIMS_TO_ADDRESS
AIMS_TO_ADDRESS
AIMS_TO_ADDRESS
DEVELOPED_FROM
EXEMPLIFIES
SEPARATED_FROM
LOCATED_IN
LOCATED_IN
BECOMES
DESIGNED
DESIGNED
DESIGNED
DESIGNED
OPERATED_IN
INFLUENCED
LOCATED_IN
LOCATED_IN
COMPLETED_IN
COMPLETED_IN
RESPONDS_TO
DISTINGUISHES
POPULAR_FOR
ORGANIZED_AROUND
INSPIRED_BY
DESIGNED_BY
DESIGNED_BY
FOCUSES_ON
FOCUSES_ON
APPLIES_TO
APPLIES_TO
APPLIES_TO
APPLIES_TO
INFLUENCES
IMPACTS
INFLUENCES
INFLUENCES
INFLUENCES
INFLUENCES
LOCATED_IN
HAS_ATTRIBUTE
HAS_ATTRIBUTE
HAS_ATTRIBUTE
HAS_ATTRIBUTE
HAS_ATTRIBUTE
HAS_ATTRIBUTE
HAS_ATTRIBUTE
HAS_ATTRIBUTE
HAS_ATTRIBUTE
HAS_ATTRIBUTE
HAS_ATTRIBUTE
HAS_ATTRIBUTE
HAS_ATTRIBUTE
HAS_ATTRIBUTE
HAS_ATTRIBUTE
HAS_ATTRIBUTE
HAS_ATTRIBUTE
HAS_ATTRIBUTE
HAS_ATTRIBUTE
HAS_ATTRIBUTE
HAS_ATTRIBUTE
HAS_ATTRIBUTE
HAS_ATTRIBUTE
HAS_ATTRIBUTE
HAS_ATTRIBUTE
HAS_ATTRIBUTE
HAS_ATTRIBUTE
HAS_ATTRIBUTE
LOCATED_IN
INFLUENCES
IMPACTS
IMPACTS
INFLUENCES
INFLUENCES
HAS_ATTRIBUTE
HAS_ATTRIBUTE
LOCATED_IN
HAS_ATTRIBUTE
HAS_ATTRIBUTE
HAS_ATTRIBUTE
LOCATED_IN
HAS_ATTRIBUTE
HAS_ATTRIBUTE
LOCATED_IN
DISTINGUISHES
DISTINGUISHES
DISTINGUISHES
AFFECTS
AFFECTS
AFFECTS
LOCATED_AT
AFFECTS
AFFECTS
COLLABORATES_WITH
AFFECTS
ORGANIZES
BASED_ON
COMBINES
SEGMENTS
FACILITATES
FOCUSES_ON
REPLACES
FOCUSES_ON
TREATED_AS
SEPARATES
AFFECTS
AFFECTS
AFFECTS
DISTINGUISHES
DISTINGUISHES
DISTINGUISHES
DISTINGUISHES
INTEGRATES
INTEGRATES
IS_CORE_OF
CAN_OUTSOURCE
HAS_ADVANTAGES_AND_DISADVANTAGES
HAS_ADVANTAGES_AND_DISADVANTAGES
HAS_ADVANTAGES_AND_DISADVANTAGES
PREFERS
LIMITS
LIMITS
BORROWS
SEPARATES
PREVENTS
OPERATED_AS
FOCUSES_ON
COMBINES
CAN_BE_OUTSOURCED
COMBINES
INFLUENCES
ADAPTS
INFLUENCED_BY
PREVENTS
SEPARATES
IMPEDES
HAS
HAS
CONTRAST_WITH
IMPEDES
IMPROVES
AFFECTS
CONTRAST_WITH
LOCATED_IN
LOCATED_IN
HAS_ATTRIBUTE
HAS_ATTRIBUTE
HAS_ATTRIBUTE
HAS_ATTRIBUTE
HAS_ATTRIBUTE
HAS_ATTRIBUTE
HAS_ATTRIBUTE
HAS_ATTRIBUTE
HAS_ATTRIBUTE
HAS_ATTRIBUTE
HAS_ATTRIBUTE
HAS_ATTRIBUTE
HAS_ATTRIBUTE
HAS_ATTRIBUTE
CANNOT_USE
SEPARATES
LOCATED_NEAR
LOCATED_AWAY_FROM
CAN_BE_SEPARATED
CAN_BE_RELOCATED
CAN_BE_RELOCATED
CAN_BE_RELOCATED
CAN_BE_RELOCATED
CAN_BE_RELOCATED
CAN_BE_RELOCATED
FACILITATES
ENABLES
PROMOTES
MINIMIZES
REDUCES
PREVENTS
BECOMES
LIMITS
DESIGNED_BY
LOCATED_IN
LOCATED_IN
DESIGNED_BY
LOCATED_IN
LOCATED_IN
LOCATED_IN
DESIGNED_BY
LOCATED_IN
DESIGNED_BY
LOCATED_IN
LOCATED_IN
LOCATED_AWAY_FROM
DEFINES
HAS
OCCUPIES
OPEN_HOURS
DEPENDS_ON
DEPENDS_ON
REINTEGRATE_INTO
BREAKS
DISRUPTS
IS_PART_OF
HAS_GOAL
HAS_GOAL
HAS
LEADS_TO
HAS
HAS
LOCATED_IN
DESIGNED_BY
LOCATED_IN
DESIGNED_BY
DESIGNED_BY
HAS_TREND
DETERMINED_BY
DETERMINED_BY
DETERMINED_BY
SERVES
SERVES
PREVENTS
FACILITATES
ASSIGNED_BY
LOCATED_AT
LEADS_TO
HAS_FEATURE
HAS_FEATURE
SERVES
HAS_FEATURE
HAS_FEATURE
HAS_FEATURE
LOCATED_IN
LOCATED_IN
HAS
HAS
HAS
HAS
HAS
HAS
HAS
HAS
HAS
HAS
HAS
HAS
HAS
HAS
HAS
HAS
HAS
HAS
HAS
HAS
HAS
HAS
HAS
HAS
HAS
HAS
HAS
HAS
HAS
HAS
HAS
HAS
HAS
HAS
HAS
HAS
HAS
HAS
HAS
HAS
HAS
HAS
HAS
HAS
HAS
HAS
HAS
HAS
HAS
LOCATED_IN
LOCATED_IN
DESIGNED
HAS_ATTRIBUTE
LOCATED_IN
MOVED_TO
DESIGNED
DESIGNED
LOCATED_IN
DESIGNED
LOCATED_IN
DESIGNED_IN
PART_OF
AIMED_TO
MINIMIZES
REFLECTS
EMPHASIZES
ACHIEVES
REFLECTS
HAS_ATTRIBUTE
DESIGNED_BY
DESIGNED_BY
COMPLETED_IN
HAS_ATTRIBUTE
HAS_ATTRIBUTE
HAS_ATTRIBUTE
HAS_ATTRIBUTE
HAS_ATTRIBUTE
HAS_ATTRIBUTE
HAS_ATTRIBUTE
HAS_ATTRIBUTE
HAS_ATTRIBUTE
HAS_ATTRIBUTE
HAS_ATTRIBUTE
HAS_ATTRIBUTE
HAS_ATTRIBUTE
HAS_ATTRIBUTE
HAS_ATTRIBUTE
HAS_ATTRIBUTE
HAS_ATTRIBUTE
HAS_ATTRIBUTE
HAS_ATTRIBUTE
HAS_ATTRIBUTE
HAS_ATTRIBUTE
HAS_ATTRIBUTE
HAS_ATTRIBUTE
HAS_ATTRIBUTE
HAS_ATTRIBUTE
HAS_ATTRIBUTE
HAS_ATTRIBUTE
HAS_ATTRIBUTE
LOCATED_IN
BUILT_IN
INSPIRED_BY
HAS_ATTRIBUTE
HAS_ATTRIBUTE
HAS_ATTRIBUTE
HAS_ATTRIBUTE
HAS_ATTRIBUTE
HAS_ATTRIBUTE
HAS_ATTRIBUTE
HAS_ATTRIBUTE
HAS_ATTRIBUTE
HAS_ATTRIBUTE
HAS_ATTRIBUTE
HAS_ATTRIBUTE
HAS_ATTRIBUTE
HAS_ATTRIBUTE
HAS_ATTRIBUTE
INSPIRED_BY
LOCATED_IN
DESIGNED_BY
BUILT_IN
LOCATED_IN
DESIGNED_BY
BUILT_IN
HAS_FEATURE
DIVIDED_INTO
LOCATED_IN
DESIGNED_BY
BUILT_IN
HAS_FEATURE
HAS_FEATURE
HAS_FEATURE
CONTRASTS_WITH
CREATES
ACCOMMODATES
FOR
CONTRASTS_WITH
ACCOMMODATES
BUILT_IN
DESIGNED_BY
BUILT_IN
DESIGNED_BY
DESIGNED_BY
BUILT_IN
DESIGNED_BY
DESIGNED_BY
BUILT_IN
HAS_ATTRIBUTE
HAS_ATTRIBUTE
HAS_ATTRIBUTE
HAS_ATTRIBUTE
AWARDED
LOCATED_IN
PUBLISHED_IN
SHARES_FEATURE_WITH
INSPIRES
LOCATED_IN
ESTABLISHED_IN
EXPLAINS
NEGATIVELY_AFFECTS
AFFECTS
AUTHOR_OF
DEPENDS_ON
DEPENDS_ON
INFLUENCES
LOCATED_IN
INTERACTS_WITH
PROPOSED
APPLIES_TO
COMPLEMENTS
COMPLEMENTS
BASED_ON
LOCATED_IN
DESIGNED
CONCEPTUALIZED
CONCEPTUALIZED
CONCEPTUALIZED
CONCEPTUALIZED
LOCATED_IN
RENOVATED_BY
COMPLETED_IN
INDICATES
LOCATED_ON
DECIDES
COMPLETED_IN
HAS_ATTRIBUTE
HAS_ATTRIBUTE
HAS_ATTRIBUTE
HAS_ATTRIBUTE
HAS_ATTRIBUTE
HAS_ATTRIBUTE
HAS_ATTRIBUTE
HAS_ATTRIBUTE
HAS_ATTRIBUTE
HAS_ATTRIBUTE
HAS_ATTRIBUTE
CONVERT_TO
BECOMES
DEPENDS_ON
DEPENDS_ON
DEPENDS_ON
DEPENDS_ON
DEPENDS_ON
DEPENDS_ON
DEPENDS_ON
DEPENDS_ON
DEPENDS_ON
DEPENDS_ON
DEPENDS_ON
DEPENDS_ON
DEPENDS_ON
DEPENDS_ON
DEPENDS_ON
DEPENDS_ON
DEPENDS_ON
DEPENDS_ON
DEPENDS_ON
CHALLENGES
LIMITED_BY
NEGATIVELY_AFFECTED_BY
NEGATIVELY_AFFECTED_BY
EVALUATES
EVALUATED_WITH
EVALUATED_WITH
EVALUATED_WITH
AIMS_TO
AIMS_TO
AIMS_TO
DESIGNED_BY
BUILT_IN
DESIGNED_BY
BUILT_IN
ENHANCES
HAS_ATTRIBUTE
HAS_ATTRIBUTE
HAS_ATTRIBUTE
HAS_ATTRIBUTE
HAS_ATTRIBUTE
HAS_ATTRIBUTE
HAS_ATTRIBUTE
HAS_ATTRIBUTE
DESIGNED_BY
BUILT_IN
PUBLISHED_BY
PUBLISHED_IN
PUBLISHED_IN
PUBLISHED_IN
DESIGNED
DIFFERS_FROM
RETURNS_TO
ACCOMPANIES
HAS_PROPERTY
HAS_PROPERTY
VARIES_IN
HAS_PROPERTY
HAS_PROPERTY
HAS_PROPERTY
HAS_PROPERTY
HAS_PROPERTY
HAS_PROPERTY
HAS_PROPERTY
HAS_PROPERTY
HAS_PROPERTY
OPERATES_DURING
DESIGNED_FOR
DESIGNED_FOR
LOCATED_BETWEEN
LOCATED_BETWEEN
HAS_ATTRIBUTE
HAS_ATTRIBUTE
HAS_ATTRIBUTE
HAS_ATTRIBUTE
HAS_ATTRIBUTE
HAS_ATTRIBUTE
HAS_ATTRIBUTE
HAS_ATTRIBUTE
HAS_ATTRIBUTE
HAS_ATTRIBUTE
HAS_ATTRIBUTE
HAS_ATTRIBUTE
HAS_ATTRIBUTE
HAS_ATTRIBUTE
HAS_ATTRIBUTE
HAS_ATTRIBUTE
HAS_ATTRIBUTE
HAS_ATTRIBUTE
HAS_ATTRIBUTE
HAS_ATTRIBUTE
HAS_ATTRIBUTE
HAS_ATTRIBUTE
HAS_ATTRIBUTE
HAS_ATTRIBUTE
HAS_ATTRIBUTE
HAS_ATTRIBUTE
HAS_ATTRIBUTE
HAS_ATTRIBUTE
OPERATES_DURING
LOCATED_IN
DESIGNED
COLLABORATED_WITH
RENOVATED
DISTRIBUTED_IN
SUPERVISES
SUPERVISES
VISITS
IS_PART_OF
DETERMINES
CAN_BE
CAN_BE
HAS_SIZE
VISITS
HAS_ATTRIBUTE
POSITIONED_FOR
INFLUENCES
PERFORMS
FACILITATES
PERFORMS
PERFORMS
RECEIVES
RECEIVES
USED_BY
USED_BY
USED_BY
RECEIVES
HAS_ATTRIBUTE
PERFORMS
PERFORMS
PERFORMS
PERFORMS
REPLACES
REPLACES
LOCATED_IN
LOCATED_AT
DISTRIBUTED_AS
LOCATED_NEAR
PASS_THROUGH
AFFECTS
HAS
EXCLUDES
EXCLUDES
AFFECTS
AFFECTS
AFFECTS
AFFECTS
AFFECTS
AFFECTS
AFFECTS
AFFECTS
AFFECTS
AFFECTS
AFFECTS
AFFECTS
AFFECTS
AFFECTS
AFFECTS
AFFECTS
AFFECTS
AFFECTS
AFFECTS
AFFECTS
AFFECTS
AFFECTS
AFFECTS
AFFECTS
AFFECTS
AFFECTS
AFFECTS
AFFECTS
AFFECTS
AFFECTS
AFFECTS
AFFECTS
AFFECTS
AFFECTS
AFFECTS
AFFECTS
AFFECTS
AFFECTS
AFFECTS
AFFECTS
AFFECTS
AFFECTS
AFFECTS
AFFECTS
AFFECTS
AFFECTS
AFFECTS
AFFECTS
HAS
HAS
SEPARATES
SEPARATES
SEPARATES
HAS
HAS
SEPARATES
SEPARATES
IMPROVES
SEPARATES
LOCATED_IN
LOCATED_IN
PREVENTS
PREVENTS
REDUCES
REDUCES
IMPROVES
REDUCES
CONNECTS
LOCATED_IN
LACKS
USED_FOR
UPDATES
VERIFIES
UPDATES
ARRANGES
ACCOMPANIES
PERFORMS
CHECKS
ARRANGES
TRANSFERRED_DAILY
SEPARATED_FROM
REDUCES
REDUCES
INCREASES
SOLVES
REDUCES
REFLECTS
AFFECTS
DESIGNS
REDUCES
TRANSFORMS_INTO
TRANSFORMS_INTO
IMPROVES
SPENDS_TIME
AFFECTS
DESIGNS
REDUCES
IMPROVES
INCREASES
INCREASES
REDUCES
AFFECTS
AFFECTS
INFLUENCES
REDUCES
INCREASES
PROMOTES
TARGETS
MAINTAINS
OFFERS
FOCUSES_ON
FOCUSES_ON
HAS
SHORTENS
ADDRESSES
AFFECTED_BY
TRENDS_TO
ENABLES
COMBINES
COMBINES
REDUCES
PREFERS
DEPENDS_ON
RESPONSIBLE_FOR
TRANSITIONING_TO
DECREASES
POTENTIALLY_INCREASES
INFLUENCES
ALLOWS
REDUCES
BRIDGES
REDUCES
REDUCES
REDUCES
INFLUENCES
AFFECTS
AFFECTS
ENHANCES
ENHANCES
DEPENDS_ON
CANNOT_FIT_IN
PERFORMS
RISKS
DIFFERS_FROM
TRADITIONALLY_ASSIGNED_TO
ADAPTS
MAY_ABANDON
INTERRUPTS
DISRUPTS
HAS_TREND
ADAPTS_TO
FUNCTIONS_AS
CONTROLS
AIMS_TO
AIMS_TO
REDUCES_NEED_FOR
AIMS_TO
AIMS_TO
AIMS_TO
AIMS_TO
AIMS_TO
AIMS_TO
AIMS_TO
AIMS_TO
AIMS_TO
AIMS_TO
AIMS_TO
AIMS_TO
AIMS_TO
AIMS_TO
AIMS_TO
AIMS_TO
AIMS_TO
REDUCES_NEED_FOR
REPLACES
HAS_OPTION
LOCATED_IN
AFFECTS
HAS_PROPERTY
HAS_PROPERTY
HAS_PROPERTY
HAS_PROPERTY
HAS_PROPERTY
ALLOWS
HAS_PROPERTY
CAN_BE_CONTROLLED_BY
CAN_BE_CONTROLLED_BY
HAS_OPTION
HAS_OPTION
CAN_BE_CONVERTED_TO
HAS_LIMITATION_ON
LOCATED_BETWEEN
LOCATED_BETWEEN
AFFECTS
AFFECTS
AFFECTS
REDUCES
LEADS_TO
LOCATED_IN
LOCATED_IN
LOCATED_IN
INCREASES
ENHANCES
ENHANCES
ALLOWS
REDUCES
RESPONSIBLE_FOR
FOCUSES_ON
AFFECTS
AFFECTS
DEPENDS_ON
DEPENDS_ON
CAN_BE
CAN_BE
DETERMINES
AFFECTS
AFFECTS
MANAGES_THROUGH
MANAGES_THROUGH
AFFECTS
HAS_LIMITATION_ON
AFFECTS
AFFECTS
AFFECTS
AFFECTS
RESPONSIBLE_FOR
DETERMINES
AFFECTS
AFFECTS
LOCATED_IN
LOCATED_IN
STORED_AT
AFFECTS
INCREASES
HAS_DESIGN_OPTION
HAS_DESIGN_OPTION
AFFECTS
INFLUENCES
AFFECTS
LOCATED_IN
AFFECTS
VARIES_IN
MANAGES
INFLUENCES
LOCATED_IN
AFFECTS
AFFECTS
INFLUENCES
INFLUENCES
MANAGES
MANAGES
MANAGES
HAS_ATTRIBUTE
HAS_ATTRIBUTE
AFFECTS
INCREASES
AFFECTS
INFLUENCES
AFFECTS
INCREASES
OPTIMIZES
BALANCES
REDUCES
INCREASES
IMPEDES
AFFECTS
OPTIMIZES
OPTIMIZES
INCREASES
AFFECTS
AFFECTS
AFFECTS
INFLUENCES
DETERMINES
INFLUENCES
AFFECTS
IMPACTS
DETERMINES
AFFECTS
DESCRIBES_PROCESS
DESCRIBES_PROCESS
DESCRIBES_PROCESS
DESCRIBES_PROCESS
LOCATED_IN
LOCATED_IN
DISCOVERED_BY
INVENTED_BY
INVENTED_BY
INNOVATED_BY
INNOVATED_BY
DEVELOPED_IN
CHARACTERIZED_BY
CHARACTERIZED_BY
EQUIPPED_WITH
EQUIPPED_WITH
MANAGED_BY
MANAGED_BY
CHARACTERIZED_BY
CAN_PERFORM
MAY_CONTRACT
MANAGED_BY
CUSTOMIZED_BY
AIMS_TO
NOTIFIES
SERVES
INFLUENCES
SERVES
SERVES
INCLUDES
INCLUDES
INCLUDES
LOCATED_IN
DESIGNED_BY
LOCATED_IN
DESIGNED_IN
RECEIVES
USED_IN
USED_IN
USED_FOR
USED_IN
SEPARATED_FROM
MANAGED_AS
HANDLES
CAUSES_RISK_OF
ENABLES
ENABLES
HANDLES
HANDLES
SEPARATES
INVOLVES
INVOLVES
INVOLVES
USED_FOR
AVOIDS
USED_FOR
REDUCES
HANDLES
ALLOWS
INTEGRATES
INTEGRATES
PROMOTES
MAY_OBVIATE
USED_IN
EVOLVED_FROM
HAS_CHARACTERISTIC
HAS_CHARACTERISTIC
HAS_CHARACTERISTIC
HAS_CHARACTERISTIC
HAS_TREND
HAS_CHARACTERISTIC
HAS_CHARACTERISTIC
ADVANTAGE_OVER
REDUCES
REDUCES
REDUCES
EXPOSED_TO
MINIMIZES
OPTIMIZES
ADJUSTS_TO
IS
CONTRIBUTES_TO
AIMS_AT
HAS
ACHIEVES
FACES
EXPOSES
DESCRIBES
DEVELOPS
PART_OF
PART_OF
AIMS_AT
COMPARED_WITH
IS
ALLOWS
HAS_FEATURE
HAS_FEATURE
PREPARED_IN
PREPARED_IN
PREPARED_IN
CONFIGURED_BY
HAS_FEATURE
PROPOSED_BY
REPLACED
HAS_FEATURE
HAS_FEATURE
LOCATED_IN
LOCATED_IN
HAS_FEATURE
HAS_FEATURE
HAS_FEATURE
HAS_FEATURE
HAS_FEATURE
HAS_FEATURE
HAS_FEATURE
HAS_FEATURE
HAS_FEATURE
HAS_FEATURE
HAS_FEATURE
HAS_FEATURE
HAS_FEATURE
HAS_FEATURE
HAS_FEATURE
HAS_FEATURE
HAS_FEATURE
HAS_FEATURE
HAS_FEATURE
HAS_FEATURE
HAS_FEATURE
HAS_FEATURE
HAS_FEATURE
HAS_FEATURE
HAS_FEATURE
HAS_FEATURE
HAS_FEATURE
HAS_FEATURE
HAS_FEATURE
HAS_FEATURE
HAS_FEATURE
HAS_FEATURE
HAS_FEATURE
HAS_FEATURE
HAS_FEATURE
HAS_FEATURE
HAS_FEATURE
HAS_FEATURE
HAS_FEATURE
HAS_FEATURE
HAS_FEATURE
HAS_FEATURE
HAS_FEATURE
HAS_FEATURE
HAS_FEATURE
HAS_FEATURE
HAS_FEATURE
HAS_FEATURE
HAS_FEATURE
HAS_FEATURE
HAS_FEATURE
HAS_FEATURE
HAS_FEATURE
HAS_FEATURE
HAS_FEATURE
HAS_FEATURE
HAS_FEATURE
HAS_FEATURE
HAS_FEATURE
HAS_FEATURE
CONTROLS
RECEIVES
REDUCES
HAS_LENGTH
HAS_DIAMETER
HAS_SHAPE
HAS_DIMENSIONS
HAS_FUNCTION
HAS_OPTION
HAS_DIMENSION
IS_OPTIONAL
USED_BY
DESCRIBES
RECOMMENDS
LOCATED_AT
MONITORS
AVOIDS
CAN_BE_USED_AS
HAS_HEIGHT
LOCATED_IN_PAGE
HAS_PROPERTY
AFFECTS
FACILITATES
PROTECTS
CREATES
DEFINES
SPECIFIES
APPLIES_TO
CONSISTS_OF
IS_PART_OF
IS_ESSENTIAL_FOR
IS_CREATED_BY
IS_AFFECTED_BY
IS_FACILITATED_BY
IS_PROVIDED_BY
IS_PROTECTED_BY
ENABLES
ENSURES
SAFEGUARDS
HAS_TEMPERATURE
HAS_HUMIDITY
HAS_LOCATION
HAS_NAME
HAS_EQUIPMENT
HAS_STATE
HAS_WEIGHT
HAS_CATEGORY
LOCATED_BETWEEN
DESIGNED_FOR
HAS_RANGE
HAS_SPEC
INDICATES
CONFORM_TO
HAS_OPTIONAL
DOCUMENTS
HAS_OWNER
HAS_ARCHITECT
HAS_COMPLETION_TIME
HAS_FLOOR_AREA
HAS_BED_COUNT
OPERATES
OWNS
DESIGNED
COMPLETION_DATE_OF
TOTAL_AREA_OF
HAS_CAPACITY_OF
HAS
COMPLETED_IN
WORKS_FOR
COLLABORATES_WITH
MEASURES
DESIGNED_BY
HAS_CAPACITY
HAS_MEMBER
SAME_AS
ROLE
UNIT
CAN_EXPAND_TO
OWNED_BY
REPLACES
HAS_FUTURE_PLAN
COLLABORATED_WITH
SERVES
EDUCATES
PROVIDED_BY
MANAGES
COMMISSIONED
FUNDED
IS_OWNER_OF
FOUNDED
SPECIALIZES_IN
HAS_CLIENT
HAS_STYLE
HAS_PROJECT
LEADS
EMPLOYS
HAS_FACILITY
HAS_DEPARTMENT
HAS_EXPERTISE
HAS_NATIONALITY
HAS_TYPE
HAS_ROLE
PUBLISHED_BY
AUTHORED_BY
HAS_ISBN
HAS_CLASSIFICATION
AUTHORED
PUBLISHED
CLASSIFIES
HAS_PUBLICATION_DATE
HAS_VOLUME
HAS_CHAPTER
HAS_POSTAL_CODE
OPERATED_BY
HAS_PUBLICATION_PLACE
HAS_CLASSIFICATION_NUMBER
HAS_SUBJECT
HAS_CIP_CATEGORY
HAS_AUTHOR_CATEGORY
HAS_CONTENT_CATEGORY
HAS_PRICE
HAS_PAGE_COUNT
HAS_FORMAT
PLANNED
EDITED
DISTRIBUTED
PRINTED
PUBLISHED_IN
HAS_SHEETS
HELD_IN
HELD_ON
HAS_MOTTO
FOUNDED_ON
HAS_EXPERTISE_IN
STUDIED
FOCUSES_ON
ENHANCES
CONTRIBUTES_TO
ADDRESSES
RESPONDS_TO
DEVELOPS
ALIGNS_WITH
HAS_EXPERIENCE_IN
GENERATES
INCORPORATES
DETERMINES
COMBINED_INTO
BASED_ON
EXPRESSES
BUILT_FROM
DESIGNED_FROM
APPLIED_TO
INFLUENCES
PRECEDES
EVALUATES
INFLUENCED_BY
PART_OF
TARGETS
INVOLVES
FORMAT
RECORDS
DISTINGUISHED_FROM
DEFINED_BY
DIVIDED_INTO
INTEGRATES
ACHIEVES
HAS_MISSION
ASSISTS
PARTICIPATES_IN
OPTIMIZES
CONFIRMS
PREPARES
FOLLOWS
HELPS_FORMULATE
FORMS
ASSISTS_IN
ORGANIZED_BY
ANALYZES
COLLECTS
PERFORMS
RESEARCHES
PLANS
WORKS_WITH
ADJUSTS
ADAPTED_TO
APPROVES
PROVIDES_INPUT_FOR
DEFINES_NEEDS_FOR
IMPLEMENTS
COMPLEMENTS
HAS_STRUCTURE
IS_EXAMPLE_OF
REPRESENTS
HAS_ROOM
RECEIVES_IN
LOCATED_NEAR
FOLLOWS_MODEL
EMPLOYS_METHOD
EQUIPPED_WITH
HAS_PURPOSE
HAS_APPROACH
IMPROVES
HAS_EQUIPMENT_COUNT
HAS_TEST_COUNT
USES_SCALE
HAS_POWER
HAS_INSTALLATION
HAS_CLEANING_REQUIREMENT
EXPLAINS
ORGANIZES
DESCRIBED_IN
GENERATED_BY
HAS_CONDITION
ISOLATED_FROM
HAS_FURNITURE
PRODUCES
PREVENTS
TREATED_IN
AIMS_TO
LOCATED_ALONG
HAS_SPACE_CATEGORY
HAS_CLASSIFICATION_CODE
HAS_PAGE
HAS_SUBCATEGORY
INTRODUCES_TO
MARKED_WITH
IDENTIFIES
PROMOTES
COMPARED_TO
DESIGNED_AS
HAS_LAYOUT
SHOWS
PROCESSES
TREATS
HAS_ROOM_NAME
HAS_BEHAVIOR
HAS_DESCRIPTION
HAS_CONTENT
HAS_TARGET_GROUP
DESCRIBED_BY
DESCRIBED_AS
MAINLY_USED_FOR
HAS_DOOR_SIZE
HAS_COMPONENT
HAS_PAGE_REFERENCE
HAS_EQUIPMENT_FEATURE
CLASSIFIED_AS
CALCULATES
REFLECTS
DIAGNOSES
PASSES_THROUGH
SELECTS
SELECTS_BASED_ON
BALANCES
STORED_IN
PROCESSED_IN
PRINTED_IN
CONFORMS_TO
TRANSMITTED_TO
HAS_FUNCTIONAL_DEPENDENCY
IS_PRODUCT_OF
IDENTIFIED_AS
CONFIGURED_AS
PROCESSED_BY
UNDERGOES
OBSERVES
IS_BEST_FOR
HAS_SPECIMEN_TYPE
HAS_RESPONSIBILITY
HAS_CLEANLINESS_REQUIREMENT
OPTIONALLY_USES
HAS_ADJUSTABLE
CAN_BE
DIFFERENT_FROM
SIZE_DEPENDS_ON
CAN_HAVE
FUNDED_BY
HAS_PROJECT_NUMBER
HAS_ORIGINAL_LANGUAGE
HAS_ORIGINAL_PUBLICATION_DATE
HAS_TOPIC
TRANSLATED
HAS_ADDRESS
HAS_PROJECT_NAME
HAS_DEGREE
HAS_PROFESSIONAL_EXPERIENCE
WORKS_AT
AFFILIATED_WITH
HAS_ACADEMIC_TITLE
HAS_CIP_NUMBER
HAS_RIGHTS
HAS_TRANSLATION_RIGHTS
HAS_ORIGINAL_RIGHTS
TRANSLATED_BY
DISTRIBUTED_BY
PUBLISHES
COMPLETES
HOSTS
LEARNS
FINDS
HOSTED
EVOLVED_FROM
EVOLVED_TO
FOCUS_SHIFT
COVERS
TARGET_AUDIENCE
HAS_DEGREE_FROM
HELPED_WITH
CONTRIBUTED_TO
GAINED
AFFECTED_BY
COMPOSED_OF
CHARACTERIZED_BY
LINKED_TO
CONTRIBUTED
HEIGHT_LIMIT
LOCATED_ON
THEME
CONSIDERS
ADAPTS_TO
HAS_IMPACT_ON
EXPLORES
CHANGES
EXCLUDED_FROM
DEMONSTRATES
EXCLUDES
ILLUSTRATES
CATERS_TO
RESTRICTS
INTERACTS_WITH
PLAYS_ROLE
IMAGINES
IMPACTS
DESIGNS
EVOLVES_FROM
WORKS_IN
RECEIVES_CARE_IN
ACCESSES
CHALLENGES
ADOPTS
PROPOSED
LIVED_IN
PROPOSED_IN
EMERGED_IN
HINDERS
EXPANDED_IN
PARTNER_OF
INTEGRATED_INTO
CONTROLLED_BY
TRANSFERRED_TO
HAS_RIGHT_TO
CAN_CHOOSE
RESPONSIBLE_FOR
PLAYS_ROLE_IN
AUTHOR_OF
PROPOSES
QUESTIONS
TRANSFORMS_INTO
IMPROVED_BY
TRANSFORMED_INTO
RESISTS
CREATED
DEPICTS
PAYS
COMBINES
MORE_EFFECTIVE_THAN
FORCES
DEVELOPED
IMPROVED
PREVENTED
OCCURRED_IN
INCREASES
LIMITS
INCREASES_WITH
VARIES_IN
VS
SUITABLE_FOR
COMBINED_WITH
POSES_RISK_TO
CONCENTRATES
EXPANDS
PREDICTS
CLOSER_TO
BECOMES_POPULAR_IF
BECOMES
RELEASED
COMPARED_WITH
SUPPLEMENTS
CONFLICTS_WITH
SIMILAR_TO
LIMITED_TO
DEVELOPS_FROM
COMPARABLE_TO
PRIORITIZES
HAS_POTENTIAL_RISK
HAS_TRADITION
INCREASINGLY_AVOIDS
MAY_NEED
FOSTERS
NOT_CONSIDERED_AS
MANAGED_BY
BUILT_IN
ELIMINATES
PREFERS
DISLIKES
MAKES_DECISIONS
DELAYS
ACCOMMODATES
INTEGRATES_WITH
WITNESSES
SEPARATED_FROM
HAS_CAPABILITY
MINIMIZES
BENEFITS_FROM
EVOLVES_TO
MUST_CONSIDER
ALLOWS
SHARES
HAS_DISADVANTAGE
PLAYED_ROLE_IN
HIGHLIGHTS
DESIGNED_TO
DETERMINED_BY
VIEWED_AS
DISTRACTS
RECOGNIZES
PUBLISHES_IN
AIMS
IS
IS_CONTROVERSIAL_IN
URGES
HAS_LITTLE_EXPERIENCE_IN
FEELS_UNCOMFORTABLE_WITH
UNSURE_ABOUT
ANALYZED_BY
POINTS_OUT
CAN_BE_CONTROLLED_MORE_THAN
LACKS_DEPTH_IN
CAN_BE_DESCRIBED_BY
CANNOT_BE_BASED_ON
CAN_BE_INFORMED_BY
NEEDS_TO_ADAPT_TO
HAS_CORE_BUSINESS_IN
HAS_RULES_THAT
CAN_INCLUDE
MAY_VIEW_THEMSELVES_AS
ADVOCATES_BELIEVE
HAS_MANY_FACTORS
AIMS_TO_EMPOWER
RELIES_ON
TRANSFERS
MAY_HINDER
ORIGINATED_IN
EMPOWERS
DEFEATED
HAS_HISTORY
BUILT_BY
ESTABLISHED_IN
ORIGINALLY_FOR
LOCATED_OUTSIDE
AROUND
INNOVATED
WANTS_TO_ABOLISH
WANTS_TO_ESTABLISH
DESTROYED_IN
REPLACED_BY
CONTRAST_WITH
GAINED_ROLE
APPLIED_IN
COMPLEMENTARY_TO
OPPOSED_BY
RECOMMENDED_BY
INFLUENCED
PROPOSED_FOR
RECOMMENDED
BUILT_BETWEEN
DESIGNED_IN
STARTED_IN
FOLLOWED
HAS_LIMITATION
LEADS_TO
REBUILT_AFTER
BUILT_DURING
BECAME
HAS_EXAMPLE
SURROUNDED_BY
EXEMPLIFIES
SPECIALIZED_IN
ORIENTED_TO
ORIGINATES_FROM
HAS_UNIQUE
INTRODUCED_IN
REPLACEMENT_FOR
DEVELOPS_INTO
DISCOVERED
DISPROVES
INSPIRED_BY
CELEBRATED_IN
INSPIRED
INTRODUCED
DEVELOPED_FROM
OCCURS_IN
DEVELOPED_IN_RESPONSE_TO
AIMS_TO_ADDRESS
OPERATED_IN
DISTINGUISHES
POPULAR_FOR
ORGANIZED_AROUND
SEGMENTS
TREATED_AS
SEPARATES
IS_CORE_OF
CAN_OUTSOURCE
HAS_ADVANTAGES_AND_DISADVANTAGES
BORROWS
OPERATED_AS
CAN_BE_OUTSOURCED
ADAPTS
IMPEDES
CANNOT_USE
LOCATED_AWAY_FROM
CAN_BE_SEPARATED
CAN_BE_RELOCATED
OCCUPIES
OPEN_HOURS
REINTEGRATE_INTO
BREAKS
DISRUPTS
HAS_GOAL
HAS_TREND
ASSIGNED_BY
MOVED_TO
AIMED_TO
EMPHASIZES
CONTRASTS_WITH
FOR
AWARDED
SHARES_FEATURE_WITH
INSPIRES
NEGATIVELY_AFFECTS
CONCEPTUALIZED
RENOVATED_BY
DECIDES
CONVERT_TO
LIMITED_BY
NEGATIVELY_AFFECTED_BY
EVALUATED_WITH
DIFFERS_FROM
RETURNS_TO
ACCOMPANIES
OPERATES_DURING
RENOVATED
DISTRIBUTED_IN
SUPERVISES
VISITS
POSITIONED_FOR
DISTRIBUTED_AS
PASS_THROUGH
CONNECTS
LACKS
UPDATES
VERIFIES
ARRANGES
CHECKS
TRANSFERRED_DAILY
SOLVES
SPENDS_TIME
MAINTAINS
OFFERS
SHORTENS
TRENDS_TO
TRANSITIONING_TO
DECREASES
POTENTIALLY_INCREASES
BRIDGES
CANNOT_FIT_IN
RISKS
TRADITIONALLY_ASSIGNED_TO
MAY_ABANDON
INTERRUPTS
FUNCTIONS_AS
REDUCES_NEED_FOR
CAN_BE_CONTROLLED_BY
CAN_BE_CONVERTED_TO
HAS_LIMITATION_ON
MANAGES_THROUGH
STORED_AT
HAS_DESIGN_OPTION
DESCRIBES_PROCESS
DISCOVERED_BY
INVENTED_BY
INNOVATED_BY
DEVELOPED_IN
CAN_PERFORM
MAY_CONTRACT
CUSTOMIZED_BY
NOTIFIES
MANAGED_AS
HANDLES
CAUSES_RISK_OF
MAY_OBVIATE
HAS_CHARACTERISTIC
ADVANTAGE_OVER
EXPOSED_TO
ADJUSTS_TO
AIMS_AT
FACES
EXPOSES
PREPARED_IN
CONFIGURED_BY
PROPOSED_BY
REPLACED
TREND_AWAY_FROM
ACHIEVED_BY
INCREASES_EFFICIENCY_BY
RESULTED_FROM
ALIGNED_WITH
POSITIONED_NEAR
CENTERED_WITH
POSITIONED_BY
FACING
PARALLEL_TO
HAS_RECOMMENDED_SIZE
NOT_CROSS
GENERATED_IN
HAS_DRAWBACK
ACCESSED_FROM
SEPARATES_FROM
NOT_ACCESSIBLE
INCREASES_RISK_OF
OBSTRUCTS
HAS_DESIGN_FEATURE
INSTALLED_ON
CENTERED_IN
HAS_RISK
SHARED_BY
PLACED_ON
HAS_BEDS
INVESTIGATES
TRIGGERS
REDUCED_BY
CAUSED_BY
REGULATES
HAS_EFFECT
ALLEVIATES
EXPERIENCES
BENEFITS
MUST_PROVIDE
EXPANDS_TO
IMPORTANT_FOR
KEY_FOR
COMMUNICATES_WITH
DISPLAYS
MOVES_IN
USED_AS
UNDER
ISOLATES
HAS_ACCESS
HAS_COST
HAS_DESIGN
WORKS_HOURS
TREATED_BY
SHOULD_BE
TRANSFORMS_TO
HAS_DESIGN_CHANGE
HAS_STEP
MUST_ADAPT_TO
CO_EDITED
HAS_ARTICLE
CO_AUTHOR
HAS_EDITION
PUBLISHED_ON
PUBLISHED_AT
EDITED_BY
PUBLISHED_IN_YEAR
CASE_STUDY_IN_YEAR
PUBLISHED_AS
EDITOR_OF
CITED_IN
HAS_IMPACT
HAS_ISSUE
MEASURED_IN
CONDUCTED
HEAD_OF
REFERRED_TO_AS
RECOVERED_FROM
MUST_MEET
OVERLOOKS
ATTRACTS
VIEWED_FROM
FOUNDED_IN
CO_FOUNDED
MATERIAL_TYPE
CONSTRUCTION_METHOD
PREVIOUS_USE
PREVIOUSLY_USED_AS
MEETS_STANDARD
ADDED
MOVED
CHOOSES
VIEWS
HAS_PHASE
WIN
ASSISTED
HAS_ENTRANCE
GIVES_IMPRESSION
ADDED_TO
HAS_LAYER
HAS_ADDED_AREA
HAS_ADDED_BEDS
RESULTS_IN
FORMED_BY
WON
MERGE_FROM
ACCESSIBLE_BY
DISTRIBUTES
HAS_VIEW_OF
HAS_ENVIRONMENT
HAS_APPEARANCE
DOMINATED_BY
BUILDS
INVESTS_IN
HAS_NETWORK_IN
IS_FIRST_ATTEMPT_OUTSIDE
HAS_CONSTRUCTION_AREA
USES_FOR
USED_TO_BE
CAN_EXPAND
HIDES
STUDIED_IN
HAS_AGE_GROUPS
WORKED_ON
DESIGN_GOAL
MAY_BE_REPLACED_BY
HAS_RESERVED_SPACE
RECONSTRUCTS
RESTORES
EXTENDS_TO
WAS_DEMOLISHED
VISUALLY_ECHOES
INVITES
HAS_THEME
CATEGORIZED_BY
LOWERS
HAS_DESIGN_ISSUE
ENCOURAGES
SEPARATED_BY
SYMBOLIZES
PROVIDES_ACCESS_TO
INTRODUCES
HAS_PHASES
PARTIALLY_RETAINED
DOMINATES
HAS_ADVANTAGE
HAS_LEVELS
DECIDED_AGAINST
AWARDED_IN
ALSO_KNOWN_AS
SUBDIVIDES
VISIBLE_FROM
IS_AFFILIATED_WITH
UPGRADED_TO
FORMERLY
HAS_VIEW_TO
MERGE_WITH
NAMED_AFTER
CREATED_IN
GENERATES_INCOME_FOR
SPENT_TIME_ON
TOOK_TIME_TO_COMPLETE
TRANSPORTED_FROM
TRANSPORTED_TO
TRANSPORTED_OVER
HAS_STATUS
CREATED_BY
TRACKS
COMPARES
REDESIGNS
LOCATED_ABOVE
EQUIVALENT_TO
LINKS
HAS_SIDE
RADIATES_FROM
MATCHES
PAINTED_WITH
MARKS
COORDINATES
DECORATED_WITH
INVOLVED_IN
ADAPTED_FOR
FOCUSED_ON
ENCLOSES
OVERHANGS
ACCESSIBLE_FROM
LABELS
ENTRANCE_FOR
ENTRANCE_LOCATION
ENTRANCE_LEVEL
CAPACITY
COUNT
BETWEEN
INTEGRATES_INTO
STIMULATES
ADVANTAGE
DISADVANTAGE
FORMED
CHANGES_TO
SHOWCASED
MADE_OF
IS_RESULT_OF
COMBINES_WITH
SAVES
IS_MAIN_TRANSPORT
TRANSPORTS
TRANSFERS_TO
MATCHES_SCALE
COVERED_BY
ACHIEVED
FORM
HAS_LEVEL
HIGHER_THAN
FORMERLY_USED_FOR
DECIDED
DIAGNOSED_WITH
DIED_FROM
OPENED_IN
FOUNDED_BY
BELIEVED_IN
IS_CENTER_OF
EXPRESSED_BY
PROTECTED_BY
ABSORBS
VALUES
FOUNDER_OF
WORKED_AT
COORDINATES_WITH
MADE_FROM
RECEIVED_BY
ANGLED_AT
DEFENDS_AGAINST
COVERED_WITH
HAS_PLAN
SUPPORTED_BY
HOVERS_OVER
ESTABLISHED_BY
HAS_PROJECT_PHASE
PLANS_TO_BUILD
TEACHES_AT
CHAIR_OF
STUDIED_AT
PROVIDES_ADVICE_FOR
HOLDS_DEGREE_FROM
CO_AUTHORED_BY
ANALYZED
DEVELOPED_BY
HAS_EXPERIENCE
WORKED_IN
DEVELOPED_FOR
HAS_PUBLICATION
HAS_AWARD
HAS_COURSE
HAS_EXHIBITION
HAS_INTERVIEW
HAS_RESEARCH
HAS_EDUCATION
HAS_POSITION
HAS_ORGANIZATION
HAS_FUNDING
HAS_SKILL
HAS_ABILITY
CAN_CONTAIN
SHOULD_CONTAIN
CAN_TRANSFORM_TO
NOT_RESTRICTED_BY
CAN_PROVIDE
CAN_COLLABORATE_WITH
CALCULATED_BY
CAN_BE_REPLACED_BY
CONDUCTS
SETS
CONDUCTED_BY
CONSIDERED_BY
ESTABLISHES
DRAFTS
RELEASES_TO_PUBLIC
SUBMITS
DENIES
SUBJECT_TO
PUBLISHED_BY
HAS_IDENTIFIER
HAS_CLASSIFICATION
COMPILED_BY
HAS_CIP_NUMBER
DESCRIBES
HAS_PUBLICATION_DATE
HAS_VOLUME
HAS_ADDRESS
HAS_POSTAL_CODE
GENERATES
HAS_SUBJECT
HAS_ROLE
PUBLISHED
IDENTIFIES
HAS_FUNCTION
ILLUSTRATES
APPLIES_TO
APPLIED_IN
GENERATED_IN
HAS_DETAIL
HAS_ISBN
PUBLISHED_IN
DISTRIBUTED_BY
PRINTED_BY
EDITED_BY
PLANNED_BY
PART_OF
PLANNED
HAS_PRICE
HAS_PAGES
HAS_WORD_COUNT
PUBLISHED_IN_MONTH
HAS_EDITOR
HAS_PLANNER
HAS_AUTHOR
HAS_PUBLISHER_ADDRESS
HAS_PUBLISHER_URL
HAS_DISTRIBUTOR_URL
ACCUMULATED_OVER
HAS_VOLUMES
IS_REFERRED_AS
ENRICHES
HAS_MAJOR
HAS_EXPERIENCE
FAMILIAR_WITH
FOUNDED_FOR
AIMS_TO
ADHERES_TO
PROPOSED_IN
PROPOSED_BY
PROPOSED_IN_YEAR
PROPOSED_IN_LOCATION
FORMED_FROM
INTEGRATES
AFFECTED_BY
OCCURRED_IN
FOCUSES_ATTENTION_ON
SHOULD_BE
SHOULD_ADAPT_TO
BASED_ON
DEEPENS_INTO
CLARIFIES
ANALYZES
CALCULATED_BY
HAS_APPENDIX
INVOLVES
HAS_NEED
FOLLOWS
QUANTIFIED_INTO
DETERMINED_BY
SHOULD_PROVIDE
IS_CARRIER_OF
MAY_HINDER
PURSUED_BY
SYNCHRONIZED_WITH
ENHANCES
IS_EMERGING_TECHNOLOGY
WROTE_PREFACE_IN
AUTHORED
WORKS_FOR
AFFECTS
INFLUENCES
USED_BY
PROVIDED_BY
SYNONYM_OF
PUBLISHES
PRECEDES
QUANTIFIES_TO
CONSIDERS
RESULTS_IN
DIFFERENTIATES_FROM
RESEARCHES
APPROVES
SATISFIES
ASSISTS
RUNS_THROUGH
IS_CORE_OF
EVALUATES
HAS_ID
DETERMINES
FOCUSES_ON
HAS_GOAL
TRANSFORMS
PRODUCES
EXPRESSED_IN
PERFORMS
ENABLES
INFORMS
RECEIVES
HAS
IS_PART_OF
REPRESENTS
COMMUNICATES
DOCUMENTS
IS_STEP_IN
IS_BASIS_FOR
IS_EXPRESSED_AS
FACILITATES
LEADS_TO
TARGETS
IS_MEDIUM_FOR
IS_VEHICLE_FOR
IS_CATEGORY_OF
IS_PHASE_OF
OCCURS_IN
OCCURS_AFTER
RECORDS
DEFINED_IN
MANAGES
ESTABLISHES
GUIDED_BY
COMPARES
AIMS_AT
SPECIFIED_IN
OF
ASSESSES
OUTPUT_OF
SHARES
VARIES_IN
ARRANGED_IN
ALLOWS
ACCOMMODATES
SERVES
HAS_TYPE
DISTINGUISHED_FROM
EXAMPLE_OF
HAS_BEHAVIOR
HAS_CHARACTERISTIC
CLASSIFIED_INTO
HAS_SUBCLASS
HAS_EXAMPLE
ACHIEVES
COMBINED_WITH
ORGANIZES
IMPLEMENTED_ON
PARTICIPATES_IN
DESIGNED_BY
BUILT_IN
CAPACITY
ARCHITECTURAL_FORM
DESIGN_TYPE
APPEARANCE
PROMOTES
OPTIMIZES
CONFIRMS
PREPARES
RECEIVES_ASSISTANCE
SPECIFIES
COLLABORATES_WITH
ASSESSED_IN
PROVIDED_IN
SUMMARIZES
PROPOSES
CLASSIFIES
CLASSIFIED_BY
HELPS
BELONGS_TO_CATEGORY
CONFORMS_TO
DESIGNED_FOR
HAS_HEIGHT
HAS_SPEC
HAS_STYLE
HAS_DIMENSION
INSTALLED_ON
HAS_OPTIONAL
HAS_ROOM_NAME
HAS_SPACE_CATEGORY
HAS_TABLE
HAS_LAYOUT
HAS_MATERIAL
HAS_SHAPE
HAS_POWER
HAS_CONFIG
HAS_CONFIGURATION
TRIGGERS_REQUIREMENT
HAS_COMPONENT
HAS_ACCESSORY
HAS_OPTIONAL_ACCESSORY
HAS_PARAMETER
HAS_RANGE
PREFERS
HAS_INTERFACE
IMPROVES
CATEGORIZES
SUPPORTED_BY
EQUIVALENT_TO
HAS_ILLUMINANCE
HAS_COLOR_TEMPERATURE
HAS_COLOR_RENDERING_INDEX
HAS_VOLTAGE
HAS_FREQUENCY
HAS_WINTER_RANGE
HAS_SUMMER_RANGE
PUBLISHED_BY
HAS_NAME
HAS_IDENTIFIER
HAS_QUALITY
HAS_CLASSIFICATION
HAS_LENGTH
COMPILED_BY
HAS_CIP_NUMBER
ALSO_KNOWN_AS
DESCRIBES
HAS_PUBLICATION_DATE
MEASURES
HAS_VOLUME
DESCRIBED_BY
HAS_ADDRESS
HAS_PURPOSE
HAS_POSTAL_CODE
TESTED_IN
GENERATES
HAS_MAIN_TEST_INDICATORS
HAS_SUBJECT
IS_TARGETED
HAS_ROLE
IS_SYNONYM_OF
PUBLISHED
HAS_PROPERTY
COLLECTS
IDENTIFIES
GENERATED_BY
HAS_FUNCTION
ILLUSTRATES
APPLIES_TO
APPLIED_IN
HAS_CONDITION
GENERATED_IN
TREATS
HAS_DETAIL
RECEIVES_CARE_IN
HAS_ISBN
TREATED_BY
PUBLISHED_IN
HAS_SYMBOL
HAS_UNIT
DISTRIBUTED_BY
PRINTED_BY
HAS_DIMENSIONS
EDITED_BY
HAS_EQUIPMENT_AND_ENVIRONMENT
PLANNED_BY
PART_OF
PLANNED
HAS_EQUIPMENT_LIST
HAS_PRICE
ACHIEVED_BY
RELIES_ON
HAS_PAGES
HAS_WORD_COUNT
HAS_CATEGORY
PUBLISHED_IN_MONTH
HAS_EDITOR
REDUCES
HAS_PLANNER
CAUSED_BY
HAS_AUTHOR
INCREASES_RISK_OF
HAS_PUBLISHER_ADDRESS
PREVENTS
HAS_PUBLISHER_URL
EXPLAINS
HAS_DISTRIBUTOR_URL
PROCESSES
ACCUMULATED_OVER
SEPARATED_FROM
HAS_VOLUMES
PROCESSED_BY
IS_REFERRED_AS
UNDERGOES
ENRICHES
HAS_DURATION
HAS_MAJOR
EXPERIENCES
HAS_EXPERIENCE
HAS_DIAMETER
FAMILIAR_WITH
INSTALLS
FOUNDED_FOR
AIMS_TO
REQUIRES_MATERIAL
ADHERES_TO
DEFINES_DIMENSION
PROPOSED_IN
OPTIONALLY_INCLUDES
PROPOSED_BY
AIMS_TO_PREVENT
PROPOSED_IN_YEAR
PROPOSED_IN_LOCATION
DEVELOPED_IN
FORMED_FROM
AIMED_IN
DESCRIBED_IN
INTEGRATES
AFFECTED_BY
ATTRACTS
HAS_SAFETY_FEATURE
OCCURRED_IN
HAS_ENVIRONMENT_FEATURE
FOCUSES_ATTENTION_ON
SHOULD_BE
PROVIDES_SPACE_FOR
SHOULD_ADAPT_TO
HAS_DOOR_REQUIREMENT
BASED_ON
DEEPENS_INTO
HAS_ARCHITECTURAL_FEATURE
CLARIFIES
HAS_WEIGHT
ANALYZES
HAS_COLOR_TEMP
CALCULATED_BY
HAS_CRI
HAS_APPENDIX
HAS_RESISTANCE
INVOLVES
INTRODUCED_INTO
HAS_NET_DIMENSION
HAS_NEED
FOLLOWS
QUANTIFIED_INTO
HAS_METHOD
DETERMINED_BY
EXAMPLE
SHOULD_PROVIDE
IS_CARRIER_OF
HAS_VALUE_RANGE
MAY_HINDER
DIRECTED_TO
HAS_NET_AREA
PURSUED_BY
SYNCHRONIZED_WITH
PROVIDES_ACCESS_TO
ENHANCES
ACCESSED_VIA
IS_EMERGING_TECHNOLOGY
IS_EXAMPLE_OF
CONDUCTED_IN
WROTE_PREFACE_IN
LOCATED_AWAY_FROM
AUTHORED
HAS_ALTERNATE_NAME
WORKS_FOR
AFFECTS
LOCATED_AT
INFLUENCES
USED_BY
HAS_DESCRIPTION
PROVIDED_BY
COMPARED_WITH
SYNONYM_OF
IS_METHOD_OF
PUBLISHES
LABELS
PRECEDES
WORKS_IN
QUANTIFIES_TO
VISITS
CONSIDERS
RESULTS_IN
IS_PATIENT
DIFFERENTIATES_FROM
HAS_SPECIALTY
RESEARCHES
IS_DESIGNED_FOR
APPROVES
SATISFIES
RECEIVES_SERVICE_IN
ASSISTS
IS_CATEGORIZED_AS
RUNS_THROUGH
HAS_ACTIVITY
IS_CORE_OF
CONDUCTS
EVALUATES
IS_EQUIPPED_WITH
HAS_ID
OPERATES
DETERMINES
INTERACTS_WITH
FOCUSES_ON
PROVIDES_ENVIRONMENT_FOR
HAS_GOAL
CREATES
TRANSFORMS
PRODUCES
EXPRESSED_IN
IS_LISTED_IN
PERFORMS
IS_DESCRIBED_IN
ENABLES
CAN_BE_USED_AS
INFORMS
HAS_TEMPERATURE_RANGE
RECEIVES
HAS
HAS_SAFETY_GRADE
IS_PART_OF
HAS_LOAD_GRADE
REPRESENTS
HAS_WORKLOAD
COMMUNICATES
HAS_HUMIDITY_RANGE
DOCUMENTS
HAS_WINTER_TEMP_RANGE
IS_STEP_IN
HAS_SUMMER_TEMP_RANGE
IS_BASIS_FOR
CAN_USE
MEASURES_AT
IS_EXPRESSED_AS
CALCULATES
FACILITATES
LEADS_TO
DIAGNOSES
TARGETS
USES_METHOD
INSTALLED_IN
IS_MEDIUM_FOR
HAS_OPTIONAL_COMPONENT
HAS_SAFETY_LEVEL
IS_VEHICLE_FOR
IS_CATEGORY_OF
HAS_POWER_LOAD
HAS_POWER_RESTORE_TIME
IS_PHASE_OF
POTENTIALLY_IN
OCCURS_IN
CLASSIFIED_AS
OCCURS_AFTER
INDICATES
RECORDS
MONITORED_BY
POSSIBLY_REFERS_TO
DEFINED_IN
ENTERS_VIA
MANAGES
IS_FOCUS_OF
ESTABLISHES
ARRANGED_AROUND
GUIDED_BY
COMPARES
HAS_BOUNDARY
AIMS_AT
IS_PROCESS
SPECIFIED_IN
AIMS_TO_REDUCE
OF
ASSESSES
HAS_RECEPTION
OUTPUT_OF
LISTS
DEFINES
SHARES
QUANTIFIES
VARIES_IN
OPERATES_DURING
HAS_OPTIMAL
ARRANGED_IN
ALLOWS
LOCATED_BETWEEN
ACCOMMODATES
SERVES
HAS_DEPARTMENT
HAS_TYPE
OVERSEES
DISTINGUISHED_FROM
PROTECTS
EXAMPLE_OF
HAS_MAX_HEAT_LOAD
HAS_MAX_INPUT_PRESSURE
HAS_BEHAVIOR
HAS_MAX_HORIZONTAL_DISTANCE
HAS_CHARACTERISTIC
HAS_MAX_VERTICAL_DISTANCE
CLASSIFIED_INTO
HAS_MAX_GLYCOL_CONTENT
HAS_CHANNEL_SIZE
HAS_SUBCLASS
HAS_TURNING_RADIUS
HAS_EXAMPLE
ACHIEVES
HAS_MAX_TRANSPORT_SIZE
COMBINED_WITH
HAS_MAX_TRANSPORT_WEIGHT
ORGANIZES
IMPLEMENTED_ON
PARTICIPATES_IN
DESIGNED_BY
HAS_INTERNAL_HEAT_DISSIPATION
BUILT_IN
HAS_AIR_CHANGE_RATE
CAPACITY
ARCHITECTURAL_FORM
HAS_INDOOR_UNIT
DESIGN_TYPE
HAS_OUTDOOR_UNIT
HAS_WATER_QUALITY_CONDITION
APPEARANCE
LOCATED_UNDER
PROMOTES
SET_IN
ASSISTS_IN
OPTIMIZES
STORED_IN
CONFIRMS
HAS_FORMULA
PREPARES
RECEIVES_ASSISTANCE
HAS_ALTERNATIVE
SPECIFIES
HAS_HUMIDITY
HAS_TEMPERATURE
COLLABORATES_WITH
ASSESSED_IN
OBSERVES
PROVIDED_IN
INJECTED_INTO
OBSERVES_VIA
PROPOSES
ADMINISTERED_BY
CLASSIFIES
CLASSIFIED_BY
ACCELERATES
INJECTS
HELPS
DETECTS
BELONGS_TO_CATEGORY
INTERPRETS
CONFORMS_TO
TRANSPORTS_TO
DESIGNED_FOR
OPERATED_BY
HAS_HEIGHT
MAINTAINED_BY
HAS_SPEC
HAS_HALF_LIFE
HAS_STYLE
HAS_DIMENSION
COMBINES
INSTALLED_ON
PREPARED_FOR
HAS_OPTIONAL
PURCHASED_FROM
HAS_ROOM_NAME
QUALITY_CONTROLLED_BY
HAS_SPACE_CATEGORY
CALIBRATED_REGULARLY
TRAINED_IN
HAS_TABLE
FINANCED_BY
HAS_MATERIAL
INSPECTED_BY
HAS_SHAPE
DISPENSED_BY
REFERRED_BY
HAS_POWER
INSTALLED_BY
CERTIFIED_BY
HAS_CONFIG
CONTROLS
HAS_CONFIGURATION
CONTROLLED_BY
TRIGGERS_REQUIREMENT
MONITORS
HAS_COMPONENT
COOLS
POWERS
HAS_ACCESSORY
SUPPLIES
HAS_OPTIONAL_ACCESSORY
HAS_PARAMETER
CONNECTS
HAS_RANGE
TRANSMITS
PREFERS
APPLIED_TO
HAS_INTERFACE
MEASURED_IN
IMPROVES
MAINTAINS
CATEGORIZES
HAS_OPTIMAL_VALUE
SUPPORTED_BY
EQUIVALENT_TO
HAS_CLEANLINESS
HAS_ILLUMINANCE
IS_SENSITIVE_TO
HAS_COLOR_TEMPERATURE
HAS_OPTION
HAS_COLOR_RENDERING_INDEX
HAS_MASS
HAS_VOLTAGE
HAS_TEMP_RANGE
HAS_FREQUENCY
HAS_LIGHT
HAS_WINTER_RANGE
IS_BEST_FOR
CONFIGURED_WITH

HAS_NAME
D_FOR
HAS_QUALITY
MED_IN
HAS_LENGTH
PART_OF_CONFIGURATION
HAS_NUMBER
HAS_NET_AREA
MADE_OF
HAS_RANGE_WINTER
GENERATED_BY
HAS_RANGE_SUMMER
RESPONSIBLE_FOR
ACHIEVED_BY
PROTECTS
ZE
HAS_EQUIPMENT
HAS_PURPOSE
TREATS
DESCRIBED_IN
IS_DESCRIBED_AS
HAS_SPACE_AND_BEHAVIOR
HAS_DESCRIPTION
HAS_PROPERTY
HAS_MEDICAL_EQUIPMENT
HAS_NET_SIZE
IS_ESSENTIAL_FOR
HAS_AREA_UNIT
HAS_APPLICATION
HAS_RECOMMENDATION
IS_LOCATED_IN
HAS_EQUIPMENT_LIST
IS_EQUIPMENT_OF
PROVIDES_GAS_FOR
PROVIDES_SERVICE_FOR
HAS_OPTIONAL_COMPONENT
SYMBOLIZES
HAS_CONDITION
RECEIVES_CARE_IN
VERIFIED_IN
TREATED_BY
CAN_CONTAIN
HAS_RESISTANCE
IMPLEMENTED_BY
REDUCES
FOR
HAS_DIAMETER
FOR_SAFETY
FOR_DRAINAGE
IS_OPTIONAL
APPLIED_TO
FUNCTION
PROCESSES
HAS_NET_DIMENSIONS
HAS_EQUIPMENT_ENVIRONMENT
HAS_WASTE_MANAGEMENT
CAN_BE
CAN_COMBINE_WITH
IS_DESIGNED_FOR
DIFFERENT_FROM
ENSURES
OCCURS_BETWEEN
DEFINES_PURPOSE
EQUALS
DISPENSED_FROM
HAS_DESIGN_SPECIFICATION
HAS_SPACE
HAS_ENVIRONMENTAL_CONTROL
CONTRIBUTES_TO
HAS_CAPACITY
HAS_STORAGE_TEMPERATURE
HAS_MODEL
IS_ABBREVIATION_OF
HAS_STANDARD
CREATED_BY
SHOWS
WORKS_IN
TRANSLATED_BY
RECEIVES_TREATMENT_IN
AUTHORED_BY
IS_NAME_OF
ATTRACTS
IS_TRANSLATION_OF
CAUSED_BY
AUTHORIZED_BY
EQUIPPED_WITH
HAS_RIGHT
INSTALLED_IN
EXPLAINS
AFFILIATED_WITH
HAS_VALUE_RANGE
RECEIVES_SERVICE_FROM
WORKED_ON
INTERACTS_IN
HAS_CATEGORY
HOLDS_POSITION
CONFIGURED_BY
HAS_DEGREE
LOCATED_AWAY_FROM
HAS_BACKGROUND
SIMILAR_TO
ASSISTED
HAS_DIMENSIONS
LOCATED_AT
HAS_CHAPTERS
DESCRIBED_BY
COMPARED_TO
CAN_OBSTRUCT
REDUCED_BY
MAY_OBSTRUCT
PROMOTED_BY
IS_BASIS_OF
HAS_FLOOR_REQUIREMENT
EVOLVED_FROM
PROPOSED
INITIATED
AGREED_TO
EXPERIENCED
HAS_EQUIPMENT_ENVIRONMENT
PRESENTS
HAS_FURNITURE
DEPICTS
HAS_DEVICE
CONTROLS
EMPHASIZES
ALSO_KNOWN_AS
DISCOVERED
IS_TARGET_OF
READ
CHARACTERIZED_BY
AVOIDS
IMPRESSED
HAS_MIN_HEIGHT
GAVE_LECTURE
HAS_WEIGHT
INITIATED_BY
CAN_BE_USED_AS
AIMED_AT
LOCATED_IN_SAME_AREA_AS
SHIFTED_FROM
AIMS_TO_TREAT
SHIFTED_TO
INFLUENCED_BY
HAS_EQUIPMENT_CATEGORY
HAS_TEMPERATURE_RANGE
UNDERWENT_CHANGES_IN
IS_CONSTANT_IN
DIFFERS_FROM
HAS_SAFETY_GRADE
HAS_LOAD_GRADE
HAS_WORKLOAD
COMPLETED_THANKS_TO
HAS_HUMIDITY_RANGE
TRANSLATED_FROM
HAS_WINTER_TEMP_RANGE
PROPOSED_TRANSLATION_TO
HAS_SUMMER_TEMP_RANGE
ATTENDED_LECTURE
ATTENDED_LECTURE_AT
CAN_USE
MEASURES
PURCHASED
INITIATED_TRANSLATION_IN
MEASURES_AT
DELIVERED_LECTURE
CALCULATES
AIMS_TO_PROVIDE
DIAGNOSES
USES_METHOD
TARGETS_AUDIENCE
INVOLVED
COMPARED_WITH
EXPRESSED_GRATITUDE_TO
PARTICIPATED_IN
TREATED_IN
HAS_DOOR_SIZE
PROVIDED_CONSULTATION_FOR
HAS_OBSERVATION_WINDOW_SIZE
PROVIDED_HELP_FOR
HAS_INSTALLATION_METHOD
LOCATED_BETWEEN
LEARNED_FROM
HAS_MINIMUM_AREA
HAS_DESIGN_PHILOSOPHY
HAS_EVOLUTION
HAS_MINIMUM_SIDE_LENGTH
IS_USED_FOR
HELPS_READERS_SEE
HAS_INPUT_VOLTAGE
INTRODUCES
HAS_PEAK_POWER
EXCLUDES
HAS_STANDARD_POWER
HAS_MAIN_SHIELD_WALL_THICKNESS
CHANGES
HAS_SIDE_SHIELD_WALL_THICKNESS
SPECIALIZES_IN
HAS_MAZE_INNER_WALL_THICKNESS
HAS_OUTER_WALL_THICKNESS
COLLABORATES_ON
HAS_POSITION
HAS_MAIN_SHIELD_ROOF_THICKNESS
HELPED_WITH
USED_DURING
HAS_NATIONALITY
HAS_POWER_SUPPLY
OBTAINED_DOCTORATE
HAS_STANDBY_POWER
HAS_LOAD_CAPACITY
FOUNDED_BY
ORIGINAL_TITLE
HAS_POWER_CONSUMPTION
IS_SAME_AS
HAS_CURRENT
CHANGES_SLOWLY
MANAGED_BASED_ON
EXEMPLIFIED_BY
HAS_HEAT_DISSIPATION
EVOLVES_OVER_TIME
HAS_AIR_CHANGE_RATE
DISCUSSES
HAS_MIN_AIR_FLOW
IS_FIRST_CONTACT_POINT
HAS_PEAK_CURRENT
FACILITATED_BY
HAS_POWER_SUPPLY_TYPE
IS_CENTER_HUB
HAS_POWER_CONSUMPTION_DETAIL
EQUIPPED_WITH
HAS_DOOR_TYPE
HAS_OBSERVATION_WINDOW_TYPE
CAN_EXPAND
HAS_PROTECTION_REQUIREMENT
LOCATED_ON
BUILT_FROM
HAS_POWER_SUPPLY_SYSTEM
ORIGINATED_IN
HAS_OPERATING_MODE
EXPLORES
HAS_LOCATION_DESCRIPTION
AIMS_TO_IMPROVE
HAS_CONTENT_DESCRIPTION
VIEWED_AS
HAS_OPERATING_CONDITION
GIVES
HAS_CABLE_TYPE
IS_KEY_SPACE
IS_STRATEGY_OF
HAS_DISTANCE_CONSTRAINT
PROHIBITED_LOCATION
ISOLATED_FROM
PROHIBITED_IN
DESIGNED
ABSORBS
PROTECTED_FROM
HAS_SPACE_TYPE
REFLECTS
MONITORS
HANDLES
DISPLAYS
EXTENDS_TO
MAINTAINS
NEEDS_TO_REDEFINE
OPERATES_DURING
SOLVES
HAS_OPTIMAL
SHOULD_BE_PROPORTIONAL_TO
PREPARED_ACCORDING_TO
MAY_NOT_ALIGN_WITH
HAS_DEPTH
MAY_HAVE_GREATER_IMPACT_THAN
HAS_MASS
INCREASES
HAS_CEILING_TYPE
SHOULD_DEFINE_POSITION_IN
HAS_DOOR
OUTLINES
HAS_STATUS_DURING
DETAILS
CAN_BE
SHOULD_ASSESS
SHOULD_GAIN
HAS_FLOOR_TYPE
SHOULD_BECOME
THRIVES_WHEN
IS_PRIMARY_CONTENT_OF
AIMS_TO_SATISFY
AIMS_TO_ENHANCE
HAS_OPTIMAL_VALUE
HAS_IMPACT_ON
LOCATED_UNDER
ENCOURAGES
HAS_OBSERVATION_WINDOW
HAS_CEILING_HEIGHT
SHOULD_BE_SPENT_ON
CONTINUES_TO_RISE
HAS_RESPONSIBILITY
HAS_STATUS
IS_CONSIDERED_AS
AVOIDED_IN
CAN_MAKE
ILLUSTRATED_BY
IS_INCLUDED_IN
IS_DISCUSSED_IN
STORED_IN
LABELS
INJECTED_INTO
HAS_PRECEDING_EVENT
HAS_FOLLOWING_EVENT
OBSERVES
ARE_INVESTIGATED_BASED_ON
ACCELERATES
HAS_TASK
ACTS_ON
HAS_VIEW
INTERACTS_WITH
OPPOSES
UNDERGOES
ACCELERATED_BY
IS_PRODUCT_OF
IS_COMPOSED_OF
DETECTED_BY
SHOWS
IS_COMPARED_TO
HAS_SYSTEM
IS_SIMILAR_TO
HAS_MAX_POWER
IS_VIEWED_AS
HAS_CAPACITY
HAS_ALTERNATIVE
IS_EQUAL_TO
HAS_CRI
EMERGED_IN
HAS_METHOD
CHALLENGES
PASSES_THROUGH
NOT_OPPOSE
SET_IN
SHOULD_HAVE
PREVENTS
CAN_ALLEVIATE
IS_SENSITIVE_TO
BLAMED_FOR
INSTALLED_AT
HINDERS
LISTS
HAS_SUBCATEGORY
BECOMES
BETWEEN
RESPONSIBLE_FOR
RECOGNIZED_IN
HAS_UNIT
VIEWS
FOLLOWS_STANDARD
IS_IMPORTANT_FOR
IS_NOT
HAS_CONTEXT
HAS_SIGNIFICANCE_FOR
IN_CATEGORY
QUESTIONS
DRIVES
TRANSFORMS_INTO
ENSURES
CAN_CHOOSE
HAS_OUTPUT
TAKES_RESPONSIBILITY
BRIDGES_GAP
REQUIRES_CONDITION
TRANSFERS_TO
CONTAINS_EQUIPMENT
HAS_PARTNER
DOCUMENTED_IN
TRIGGERED_BY

SUBJECT_TO
HAS_RIGHT_TO
ALIGNS_WITH
CORRESPONDS_TO
HAS_RESPONSIBILITY_FOR
EXHIBITS
CONTRIBUTES_TO
CONDUCTS
EVOLVES_INTO
YIELDS
CREATED
CREATED_IN
SERVES_AS
ASSIGNED_CODE
INTRODUCED_IN
LISTED_UNDER
TIME_PERIOD
DEFINED_BY
LOST_FUNCTION
PAYS
PRODUCES_OUTPUT_FOR
CANNOT_PAY
CONFIGURED_FOR
INTRODUCED_AFTER
ASSOCIATED_CODE
CONTRASTS_WITH
DECORATES
DESCRIBED_AS
AVOIDS
CHARACTERIZED_BY
IDENTIFIED_BY
APPEARS_IN
GROUPED_UNDER
ADOPTED_BY
CHARACTERIZED_IN
ADOPTS
DETAILED_IN
DEVELOPS_INTO
REQUIRES_MAINTENANCE_OF
TRACKS
CONDUCTS_PROCEDURE
IMPLEMENTED_IN
PROVIDES_INPUT_FOR
CAUSED
AFFECTED
ENSURES_CONDITION
PREVENTED
PERFORMS_TASK
PROMPTED
IMPROVED
PREVENTED_BY
CODED_AS
IMPORTANT_FOR
CLASSIFIED_UNDER
NOT_DECIDED_BY
REPRESENTED_IN
ASSESSED_BY
EXPLAINED_IN
ADDRESSES
DEMANDS
PROMOTED_BY
EXECUTES
SUPPLIES
REVENUE_BY
NEGOTIATED_IN
NOT_REQUIRE
PROVIDES_ENVIRONMENT
MUST_HAVE

LOWERS
MAKES_ERROR
LABELED_AS
MEANS
FALLS_WITHIN
CAPTURED_BY
SHOULD_DIVIDE
NOT_BASED_ON
CLARIFIED_IN
NOT_FOCUS_ON
IMPOSES
AROUND
IMPLEMENTS
MAKES
DELIVERS
EXECUTES
MOVES_THROUGH
ENTERS
INTRODUCED
HAS_PROCESS
BENEFITS_FROM
DEVELOPS
HAS_DESIGN_PRINCIPLE
PREDICTS
HAS_NET_DIMENSION
MERGE
HAS_ACCESSORIES
DIVIDED_INTO
CAN_CONTAIN
CAN_COMBINE_WITH
MAY_CAUSE
DIFFERENT_FROM
POSES_RISK_TO
CREATES
ENSURED_BY
OCCURS_BETWEEN
ESTABLISHED_IN
REPLACES
PREPARES_FOR
IS_FUNCTION_OF
DEVELOPED_FOR
HAS_SYMBOL
DEVELOPED
CAN_HAVE
DEMONSTRATES
IS_METHOD_OF
ALLOCATES
PROCESSED_BY
SUBJECT_OF
SUITABLE_FOR
MAINTAINS_TEMPERATURE
CONCENTRATED_IN
HAS_LEVEL
CONCENTRATES
HAS_EQUIPMENT
BENEFITS
POSES_DIFFICULTY_FOR
HAS_INDEX
ATTEMPTS
LOCATED_IN_PAGE
DEBATED_WITH
HAS_PAGE_NUMBER
HAS_INDEX_NUMBER
CONCENTRATED_AT
HAS_ORIGINAL_ISBN
HAS_CIP
TRANSLATED_BY
S
HAS_ORIGINAL_TITLE
JUSTIFIED_IN
ENDANGERS
HT
REDUCES_NEED_FOR
TRANSLATED
REDEFINES
AFFILIATED_WITH
MAY_OBSTRUCT
EXPANDS
IS_BASIS_OF
TRANSFERS
EVOLVED_FROM
CANNOT_PROVIDE
PROPOSED
INCREASES_POPULARITY_OF
IS_AFFILIATED_WITH
BECOMES_MORE_POPULAR_UNDER
HOLDS_POSITION
LIMITS
DIFFERS_BETWEEN
IS_AUTHOR_OF
CONFLICTS_WITH
CAN_BE_SEPARATED
FUNDS_RESEARCH_ON
CAN_PERFORM_IN
COMPARED_TO
CONTAINS_BEDS
MAXIMIZES
CONTAINS_CHAPTERS
CONSTITUTES
COMBINES_WITH
IS_COMPLEX
FORMS
IS_PUBLIC_BUILDING
INVOLVED_IN
IS_TRANSLATION
NEEDS_TO_AGREE_ON
WAS_DELAYED_BY
DEVELOPS_THROUGH
BENEFITED_FROM
FACES_CHALLENGES_IN
GAVE_LECTURE
DEVELOPS_IN
IMPACTS
FACES
PROPOSED_TRANSLATION_OF
PROPOSED_TRANSLATION_IN
DEVELOPS_IN_RESPONSE_TO
INITIATED_TRANSLATION_OF
HAS_POTENTIAL
EVOLVES_TO
ANALYZED_BY
OUTPUTS
IS_SUPERIOR
TARGETS_AUDIENCE
HAS_ATTITUDE_TO
COLLECTS_WISDOM_FROM
FACES_CHALLENGE
COMPLETED_IN
PROVIDES_BENEFIT
IS_TEACHER
FORMED_BY
LEARNED
NEEDS_TO
COMPLETED
IMPORTANCE_IN
GAINED
MAY_AVOID
PROVIDED_SUPPORT_AND_URGING
HAS_POTENTIAL_ADVANTAGE
WAS_COMPLETED_DUE_TO
CONSISTS_OF
AIMS
REPRODUCED_BY
NOT_FOCUSES_ON
OCCUPIES
IS
HAS_STEPS
HAS_NO
HELPS_ACHIEVE
CHANGES
INSIGHT_INTO
INCLUDES_METHOD
INDICATES
HAS_POTENTIAL_IN
SPECIALIZES_IN
CONTRIBUTES
BENEFITS_FROM
CONSISTS_OF_STEPS
CAN_BE_DESIGNED
DEVELOPS
PROCESS
VALUES
HELPED_DEVELOP
IDENTIFIED
MAKES_DECISIONS
CONTRIBUTED_TO
CHOOSES
PRODUCED
MONITORED_IN
COLLABORATED_WITH
CONTACTED_BY
CONTRIBUTED
CONTEXT_FOR
EXPLAINED_IN
IS_RESULT_OF
ASSIGNED_TO
SPECIFIED_BY
ORIGINAL_TITLE
SUPERVISED_BY
HAS_REPRESENTATIVE
ABANDONS
DESIGNED
AWARE_OF
ABSORBS
EXPLORES
NOT_TYPE_OF
REFLECTS
PLACED_UNDER
SLEEPS_IN
HANDLES
HEALTHY_CONDITION
EXTENDS_TO
ACCOMMODATED_IN
EVOLVES_TO
NEEDS_TO_REDEFINE
REPLACES
INFLUENCED_BY
SOLVES
DOMINATES_IN
SHOULD_BE_PROPORTIONAL_TO
MAY_NOT_ALIGN_WITH
DESIGNED_IN
COLLABORATED_WITH
MAY_HAVE_GREATER_IMPACT_THAN
SEPARATED_BY
INCREASES
SIMILAR_TO
SHOULD_DEFINE_POSITION_IN
ADOPTED
OUTLINES
SURROUNDED_BY
DETAILS
HAS_DISADVANTAGE
SHOULD_ASSESS
HAS_ADVANTAGE
SHOULD_GAIN
EXEMPLIFIES
SHOULD_BECOME
ORIGINATES_FROM
THRIVES_WHEN
CHANGED
AIMS_TO_ENHANCE
USED_AS
HAS_IMPACT_ON
ENCOURAGES
TESTED
FOUND_IN
SHOULD_BE_SPENT_ON
ORIENTED_TO
CONTINUES_TO_RISE
ELIMINATES
DEFINES
ABOUT
HAS_RESPONSIBILITY
AIMS_TO_IMPROVE
CONTROLLED
IS_CONSIDERED_AS
LESS_THAN
DISCOVERED_BY
CAN_MAKE
DISPROVED
IS_INCLUDED_IN
LEAD_TO
IS_DISCUSSED_IN
PROMOTED
DISCOVERED_IN
DISCUSSES
CHANGED_IN
HAS_PRECEDING_EVENT
REPLACED
HAS_FOLLOWING_EVENT
BECAME_OBSOLETE_DUE_TO
ARE_INVESTIGATED_BASED_ON
DESIGNED_TO_PREVENT
QUESTIONS
BECOMES
UTE_OF
DRIVES
RESPONSE_TO
HAS_RIGHT
STATUS
TRANSFORMS_INTO
DISCOVERY_LEADS_TO
CAN_CHOOSE
HAS_STATUS
TAKES_RESPONSIBILITY
BRIDGES_GAP
BUILT_BEFORE
TRANSFERS_TO
INSPIRED_BY
HAS_PARTNER
HAS_VERSION
TRIGGERED_BY
INSPIRED
CONTROLLED_BY
SEPARATES
HAS_RIGHT_TO
ALLOWS_ACCESS_TO
HAS_RESPONSIBILITY_FOR
ORGANIZED_INTO
CONSTRUCTION_PERIOD
EXHIBITS
ARRANGED_ALONG
EVOLVED_TO_INCLUDE
EVOLVES_INTO
ARRIVES_AT
SHIFTED_TO
CREATED
PROVIDES_VIEW_OF
CREATED_IN
AIMS_TO_REPLACE
DEPICTS
AIMS_TO_CREATE
DEVELOPS_INTO
EXPLORED
PAYS
OPERATED_IN
CANNOT_PAY
ADVOCATES
EMPHASIZES
ADAPTS_TO
APPEARS_IN
CRITICIZES
ADOPTED_BY
SHOULD_COORDINATE_WITH
ADOPTS
IGNORES
TRACKS
IMPLEMENTED_IN
DISTINGUISHES
CAUSED
STRENGTHENS
AFFECTED
ORGANIZED_AROUND
PREVENTED
ADVOCATED_BY
EXPERIENCED
CRITICIZED_BY
PROMPTED
IGNORED_BY
IMPROVED
PREDICTED_BY
PREVENTED_BY
DISTINGUISHED_IN
IMPORTANT_FOR
EXPLORED_BY
POPULARIZED_BY
NOT_DECIDED_BY
SHARES_FEATURE_WITH
ASSESSED_BY
HAS_LIMITATION
ADDRESSES
VIEWED_AS
HAS_FOCUS
GENERATES_REVENUE_BY
NEGOTIATED_IN
MODELED_AS
FOR
EXAMPLES_INCLUDE
NOT_REQUIRE
IS_TIMEFRAME_OF
MUST_HAVE
INCLUDES_ROLE
LOWERS
LISTED_IN
MAKES_ERROR
CONSIDERED_IN
MEANS
HAS_CHALLENGE
SHOULD_DIVIDE
NEGLECTED_IN
NOT_BASED_ON
ADDED_TO
NOT_FOCUS_ON
REFLECTED_IN
AROUND
ORGANIZED_BY
MAKES
PRIORITIZED_OVER
INTRODUCED
DISCUSSED_IN
PREDICTS
SERVED_BY
MERGE
DISPERSED_BY
DIVIDED_INTO
TREATED_IN
MAY_CAUSE
POSES_RISK_TO
TO
ENSURED_BY
FOLLOWED_BY
HAS_DEPARTMENTS
ESTABLISHED_IN
REMAINS
PREPARES_FOR
NOT_LEAD_TO
DEVELOPED_FOR
DEVELOPED
DIFFICULT_FOR
DEMONSTRATES
PROHIBITS
ALLOCATES
VIEWS_AS
HINDERED_BY
SUITABLE_FOR
VISIBLE_FROM
CONCENTRATED_IN
DIVIDES_INTO
CONCENTRATES
BENEFITS
PASSES_THROUGH
POSES_DIFFICULTY_FOR
WORKED_IN
INTEGRATED_INTO
ATTEMPTS
MOVES_THROUGH
DEBATED_WITH
IMPEDES
CONCENTRATED_AT
CAN_BE_SEPARATED_FROM
HAS_HOURS
RAISES_AWARENESS
CANNOT_USE
JUSTIFIED_IN
MINIMIZES
HINDERS
NAVIGATE_IN
ENDANGERS
NAVIGATE_WITHOUT
REDUCES_NEED_FOR
CAN_BE_TRANSFERRED_TO
CAN_DELIVER
REDEFINES
EXPANDS
RESPECTS
TRANSFERS
DISRUPTS
DIFFERS_FROM
ASSIGNS
SIMULATES
SHOWS_TO
COMPARABLE_TO
CANNOT_PROVIDE
ANALOGOUS_TO
LARITY_OF
BECOMES_MORE_POPULAR_UNDER
BRIDGES
LIMITS
COMPLETED_DESIGN
SERVES_POPULATION
DIFFERS_BETWEEN
CAN_BE_PERFORMED_IN
HAS_DESIGN_GOAL
PARTICIPATED_IN
COORDINATED_WITH
CAN_BE_SEPARATED
EXTENDS_BETWEEN
CAN_BE_RELOCATED
CONSIDERED
KNOWN_AS
AUTHOR_OF
ORIGINATES_FROM
COMPLICATES
CAN_PERFORM_IN
INSPIRES
INTRODUCES
DISTRACTED_FROM
CAN
SPENDS
CAN_LEAD_TO
RESULTS_FROM
CAUSES_LOSS
MODIFIES
APPLIES
DERIVES_FROM
CONCEIVED
ALTERNATIVE_TO
RENOVATED_BY
IS_BENEFIT_OF
RENOVATED_IN
EXPERIENCES
FORMS
DISCONTINUOUS_ON
NEEDS_TO_NAVIGATE_TO
NEEDS_TO_NAVIGATE_FROM
DEVELOPS_IN
COMPLEMENTS
ADJUSTS
REVIEWS
DECIDES
FORMS_VIA
RENOVATED
TESTS
PLACED_AT
HAS_POTENTIAL_ADVANTAGE_AS
REVOLUTIONIZES
MAY_BE_WEAKENED_BY
WAS_CLOSED_IN
OCCUPIES
HAS_STEPS
AUTHORIZED_TO
EXEMPLIFIED_BY
IS
HELPS_ACHIEVE
SHOULD_RECOGNIZE
CREATED_FOR
PROVIDES_INSIGHT_INTO
HAS_PROBLEM
INCLUDES_METHOD
MAY_BE
HAS_POTENTIAL_IN
SHOULD_BE_DEVELOPED
CORRESPONDS_TO
CONSISTS_OF_STEPS
HAS_IDEAL_PROCESS
SHOULD_START_AFTER
DESIGNS
MUST_RESPECT
SELECTS
ATTEMPTS_TO_PROVE
HAS_TREND
ISOLATED_FROM
HAS_REVENUE_TREND
SUPERVISES
ACCOMPANIED_BY
GOES_TO
ACCOMPANIES_UNTIL
DIFFERENTIATED_FROM
AWARE_OF
ABANDONS
RETURNS_TO
HAS_TRADITION
ORGANIZED_AS
COMBINES
OPERATES_IN
DESIGNED_AS
MAY_INCLUDE
DEVELOPS_WITH
MAY_REQUIRE
NAVIGATES_IN
STORED_TOGETHER
SEEKS
BROUGHT_IN
COVERS
IES
REFERRED_TO_AS
IS_SAME_AS
SUPERVISES
HAS_ENTRANCE
HAS_DURATION
DISTRIBUTED_AS
ELIMINATES
DISTRIBUTES
IS_ATTRIBUTE_OF
TRAVELS_FROM
PERMANENTLY_INSTALLED_IN
COMPLETES
TAKES_OVER
OCCUPIES_THROUGHOUT
CAN_BE_USED_IN
DISPERSED_FARTHER
CAN_BE_USED_ALONE
SUPPORTS_AND_MONITORS
CAN_HAVE
SIMULTANEOUSLY_PRESENT_IN
HAS_DECISION_FACTOR
SEPARATED_FROM
LACKS
PLACED_UNDER
REFERRED_FOR
SLEEPS_IN
HAS_MODE
HEALTHY_CONDITION
RESTRICTED_BY
ACCOMMODATED_IN
NUMBER_OF
PUBLISHES_IN
COLOR_CODED
RECOMMENDS
ENABLED_BY
ELIMINATES_NEED_FOR
BUILT_DURING
RESPONDS_TO
ACHIEVEMENT_PUBLISHED_IN
ASSISTS_WITH
HAS_MORTALITY_RATE
PROPOSED_DURING
MAY_CONTAIN
IS_GOAL_OF
PERCEIVED_AS
HAS_EVENT
WAITS_IN
FILLS
DETERMINE
HELPS_WITH
SOMETIMES_HAS
ACT_AS
SLOWS_DOWN
INSPIRED_BY
PUBLISH_IN
LOCATED_AT_SIDES_OF
LAYOUT_LIKE
LOCATED_AT_CENTER_OF
TOTAL_CAPACITY
IS_PUBLIC_PROCESS
INTENDED_TO_BUILD_IN
WAITS_FOR
GOES_TO
OPPOSE
TRANSFERS_BETWEEN
FAVOR
LOCATES
CAN_EASILY_INCORPORATE_INTO
ARRANGED_WITH
FIND_CLIENTS_IN
SERVE
ACHIEVES_LIGHTING_BY
WORK_ON
DONE_VIA
START_TIME
ANSWERS
DESIGN_FOR
ARRANGES
VERIFIES
ADOPT
UPDATES
RECOMMENDED_BY
SCHEDULES
RECOGNIZED_AS
TAKE_TIME
DESIGN_BASED_ON
ACHIEVE
ADOPTED
ESTABLISHED
ADVOCATED
PROMOTED
ACCESSIBLE
REPLACED
REOPENED_AFTER
REGISTERS_AT
AUTOMATICALLY_REGISTERED_IN
INFLUENCED
RETRIEVES
IS_EXAMPLE_OF
CHECKS_FOR
SEPARATED_BY
SENT_TO
COMBINES_WITH
RESCHEDULED
REREGISTERS_AT
SURROUNDED_BY
HEARS
IMPACTS
REVIEWS
EXEMPLIFIES
BRINGS
ADOPTED_FROM
CALLS
MEASURED_BY
REQUESTS
EXAMPLES_INCLUDE
CHECKS
RESULTED_IN
ASKS
ARRANGED_AROUND
RETURNS
HAS_ISSUE
UPDATED_BY
USES_MATERIAL
LEAVES
LOCATED_ON
HAS_PROPORTION
STAYS_WITH
ARRANGED_BY
SEES
CALLS_FOR
USED_PRIMARILY_FOR
IMPOSED_ON
SHARED_BY
THREATENS
ARRANGES_WITH
ORIGINATED_FROM
MOVED_FROM
COLORED
CHANGED
SPECIFIC_FOR
UNIQUE_TO
ALTERNATIVE_TO
ORIENTED_TO
EXISTS_BETWEEN
MARKED_BY
DESIGNED_WITHOUT
CAN_DO
REDUCED
IS_GOAL_OF
LESS_THAN
INTRODUCED_IN
HOLDS
DISCOVERED
OCCURS_ALONG
PROVED
MIXES_WITH
LED_TO
DEVELOPED_IN
RESPONSE_TO
IS_PURPOSE_OF
STATUS
IS_VALUED_IN
DISCOVERY_LEADS_TO
IMPLEMENTS_IN
DESIGNED_IN
SHORTENED_BY
BUILT_BEFORE
CAN_BE_CONVERTED_TO
PRAISED_AS
ENHANCED_BY
NAMED_AFTER
BUILT_BETWEEN
CAN_BE_PERFORMED_FROM
CHARACTERIZES
COLLECTED_AT
DEVELOPED_WITH
UNDERWENT
ORIGINATES_IN
INVENTED_BY
INSPIRED
INVENTED_IN
CAN_BE_REPEATED
EXPLORED_IN
SEPARATES
PEAKED_IN
DEVELOPED_FROM
INNOVATED_BY
EMERGED_AROUND
ANALOGOUS_TO
CHARACTERISTIC_OF
MANAGED_BY
OPERATED_IN_PERIOD
CAN_WORK
ADVOCATES
CONTRACTS_WITH
BUILT_IN_PERIOD
PRODUCED_BY
ADVANCES
XAMPLE_OF
WORKS_BASED_ON
CRITICIZES
TRANSPORTED_TO
SHOULD_COORDINATE_WITH
CANNOT_BE_TRANSPORTED
PREFERRED
IGNORES
PREFERRED_TIME
DISTINGUISHES
EQUIPS
STRENGTHENS
NEEDED_DURING
AVAILABLE_AT
ORGANIZED_AROUND
REQUIRES_INTERPRETATION_BY
DESIGNED_IN_PERIOD
CAN_PERFORM
BECOMES_POPULAR_DUE_TO
SENDS
BECOMES_POPULAR
ADMINISTERED_VIA
EMERGES_DUE_TO
HAS_LIMITATION
CAUSES_RISK_OF
EXCLUDES
CAPABLE_OF
CAN_BE_DESIGNED_AS
MARKS
CAN_BE_MODELED_AS
HAS_PROJECT
HAS_MOUNTING
HAS_ADVANTAGE
ABBREVIATED_AS
HAS_DISADVANTAGE
DESIGN_TIME
INTERACTS_BASED_ON
BUILT_TIME
PLAYS_ROLE
AREA
SHOULD_BE_CLOSE_TO
ADVANTAGE
HAS_ENVIRONMENT
SOURCE
IS_FOCUS_OF
HAS_PROPORTION
ACCOUNTS_FOR_PERCENTAGE_OF
HAS_RATE
TAGE
EVOLVED
HAS_PROBLEM
HAS_FACILITY
HAS_DEGREE
REPLACED_BY
HAS_PREFERENCE
HAS_BACKGROUND
IS_THEME_OF
HAS_POSITION
IS_KEY_CONSIDERATION
ASSISTED_IN
LOCATED_ABOVE
EXHIBITS_FOR
CONSTRUCTION_TIME
PRIORITIZES
EXPECTED_TO
SHARES
PREFERRED_AS
CAN_BE_DIVIDED_INTO
SELECTED_AS
PERCEIVED_AS
EVALUATED_AS
TREATED_AS
ACCESSIBLE_BY
DEFINED_BY
PROHIBITS
REPLACES_FUNCTION_OF
COMPOSED_OF
CONNECTS
CAN_TRAVEL_THROUGH
IS_PREFERRED
PREVIOUSLY_WORKED_IN
IS_EVALUATED_AS
NOW
CAN_BE_PREPARED_IN
VIEWS_AS
TYPICALLY_HAS
SUGGESTS
FLANKED_BY
IS_FEATURE_OF
CAN_SEE
HAS_CONFIGURATION
NEGATIVELY_AFFECTS
KEY_FOR
CAN_BE_OUTSOURCED_TO
EXPOSES
OPERATED_AS
INCREASES_EFFICIENCY
ACCOMPANIED_BY
MUST_CONTAIN
RETURNS_HOME_AFTER
IS_DECIDING_FACTOR_FOR
MOVED_BY
ORIENTED_TOWARDS
ACCESS_RESTRICTED_TO
MOVES_IN
GROUPED_BY
PARALLEL_TO
HAS_PROCEDURE
MOVES_WITH
PRIORITIZED_OVER
ORIENTED_PARALLEL_TO
OVERWORKED_BY
COINCIDES_WITH
TRANSPORTS
IMPEDES
OPENED_IN
CANNOT_USE
CROSSES
CAN_BE_SEPARATED_FROM
PROVIDES_ACCESS_FOR
CAN_BE_AFFECTED_BY
PARALLEL_TO
REGULATES
HAS_RESULT
RESTRICTED_TO
LIMITED_BY
WAS_PREVIOUSLY
IS_NOW_CENTRALIZED_IN
CAN_HINDER
PREPARES
CAN_BE_TRANSFERRED_TO
CLEANS
RESTRICTS_ACCESS_TO
RESPECTS
CLEANED_IN
PREFERRED_BY
PACKAGED_IN
ASSIGNS_ENTRANCE_BASED_ON
OPENED_AT
POTENTIALLY_ALLOWS
HAS_SPECIAL_ARRANGEMENT
REMOVES
IS_STARTING_POINT_OF
RESISTS
MAY_BE_DESIGNED_BY
REDUCES_RISK_OF
FORMERLY_KNOWN_AS
AVOIDS_MOVEMENT_TO
SIMULATES
OBSTRUCTS
HAS_RULE
DECREASES
AS_IMPORTANT_AS
CAN_BE_LOCATED_IN
JUXTAPOSED_WITH
CAN_BE_PLACED_AT
DESIGNED_AS
HAS_LAYOUT_MODE
OVERLOOKS
IS_OPTION_OF
ACCESSIBLE_FROM
TRANSPORTED_VIA
EXTENDS_FROM
SURROUNDS
POSITION_DEPENDS_ON
MINGLES_WITH
ENTERS_THROUGH
BRIDGES
LOCATED_ABOVE
POSITIONED_FOR
REENTERS
ASKED_TO_PROVIDE
DESIGNED_TO_MINIMIZE
COMPARABLE_TO
POSITIONED_NEAR
CONSISTS_OF
MOVES_IN_DIRECTION
PROVIDES_VIEW_OF
INSTALLED_ON
PROVIDES_FEELING_OF
VULNERABLE_TO
COMPENSATES_GAP_BETWEEN
COORDINATED_WITH
ANALYZED_IN
MINIMIZES
EXTENDS_BETWEEN
RELOCATED_FROM
METAPHOR_FOR
AIMED_TO_CREATE
POTENTIALLY_REDUCED_BY
ENVISIONED_AS
HAS_SIDE
INTRODUCED_INTO
HAS_TYPICAL
S
SERVES_POPULATION
CONDUCTED
ESTABLISHED_TO_RESPOND_TO
GAINED_RECOGNITION_IN
OWNS
GAINED_WIDE_ACCEPTANCE_IN
FUNCTION_AS
INITIALLY_FOCUSED_ON
FORMERLY
WILL_REMAIN
IS_PROPERTY_OF
WILL_INTRODUCE
DISTRACTS_FROM
INSPIRES
WILL_SHIFT_TOWARDS
DESCRIBED
DIVERGES_INTO
APPLIES
AUTHOR_OF
CONCEIVED
RENOVATED
POTENTIALLY_MEETS
DECIDES
CLOSED
CAN_SERVE_AS
AUTHORIZED

EXISTS_IN
ROL
PRECEDED_BY
SHOULD_AVOID
CAN_PROVIDE
WAS_PREVIOUSLY_IN
CAN_CAUSE_STRESS_TO
FACES
IS_INDISPENSABLE
FOUND_IN
SHOWED
ACCOMPANIES
IS_CRUCIAL_FOR
VARIED_BY
RETURNS_TO
MUST_BE_PART_OF
HAS_DATA
SHOULD_BE_LOW_ENOUGH
OPERATES_IN
ORGANIZED_AS
SHOULD_ALLOW
IS_TO
MAY_LEAD_TO
POSITIONED_FOR
SHOULD_BE_CONTROLLABLE
PLACED_IN
SEEMS_TO_PROVE
CAN_BE_USED_IN
OCCURS_AT
HAS_INCONCLUSIVE_RESULTS_ON
RESTRICTED_FROM
TRIGGERS
HAS_DESIGN_METHOD
PLACED_ON
OCCURS_DURING
EXCEEDS
RESTRICTED_ACCESS_DURING
PROXIMITY_TO
LOCATED_OUTSIDE
RECOVERS_IN
LOCATED_ALONG
TRANSFERRED_TO
LOCATED_AT_SIDES_OF
LOCATED_OUTSIDE
DISTRIBUTED
PASS_THROUGH
IS_KEY_FOR
COMBINATION_OF
EXPLAINED_BY
SLOWS_DOWN
COMMUNICATES_WITH
OCCURS_AT
ELIMINATES_NEED_FOR
MIMICS
LACKS
FILTERS_ACCESS
RETRIEVED_FROM
ALIGNED_WITH
RETRIEVES
PERFORMS_WITH
SENDS_TO
STORES_IN
BRINGS
PROVIDED_THROUGH
CALLS
RECEIVED_BY
ALONG
MAY_INCREASE
ACCESSIBLE_FROM
VISITS
CANNOT_RECEIVE
SHARED_BY
CAN_BE_ARRANGED
VERIFIES
HAS_COLOR
UPDATES
IS_VARIANT_OF
DIRECTS
REMINDS_OF
REGISTERS
ARRIVES_BY
MOVED_FROM
TREATED_BY
MOVED_TO
TREATED_DURING
SPECIFIC_TO
CONDUCTED_IN
COLORED
DETERMINED_IN
FOUNDED_BY
HAS_ENVIRONMENT
FOUNDED_IN
INFORMS
HAS_TREND
SHOULD_CONTAIN
TRANSFORMS_TO
SHOULD_CONSIDER
NOT_FOCUSES_ON
SHOULD_FOLLOW
PUBLISHED_ON
TEMPORARILY_NOT_PART_OF
EDITOR_OF
PUBLISHES
CONTACTS
LAUNCHED
CO_AUTHOR
EXISTS_BETWEEN
CO_EDITOR
PUBLISHED_IN_YEAR
CAN_DO
HAS_EDITION
HOLDS
HAS_VOLUME
ARRIVES_AT
OCCURS_ALONG
HAS_SUBTITLE
HAS_PAGE
MIXES_WITH
HELPS_BRIDGE
CO_AUTHOR_OF
IS_PURPOSE_OF
IS_VALUED_IN
EDITED_BY
ALLOWS_ACCESS_WHEN_CLOSED
PUBLISHED_IN_MONTH
OPERATED_BY
PUBLISHED_ON_DATE
DEFINED_IN
FOR_PURPOSE_OF
HAS_OPTION
OPERATES
IS_CHAPTER_IN
IS_ALTERNATIVE_TO
IS_SUBTITLE_OF
STORAGE_AFFECTS
HAS_AUTHOR
HAS_EDITOR
VISIBILITY_AFFECTS
MAY_HAVE
IS_PROVIDED_BY
IS_EDITOR_OF
IS_IMPROVED_BY
IS_EDITED_BY
IS_AUTHOR_OF
IS_SUBJECT_OF
IS_AFFECTED_BY
OPERATES_REMOTELY
IS_PUBLICATION_DATE_OF
WATCHES
IS_DESIGNED_BY
IS_PUBLICATION_DETAIL_OF
IS_LOCATED_IN
HAS_ISSUE
HAS_PAGE_RANGE
IS_LOCATED_BETWEEN
INTENDED_FOR
IS_LOCATED_AT
HAS_PAGES
HAS_SPECIFICATIONS
PUBLISHED
CAN_BE_CLOSED
STORAGE_LOCATION
CAN_BE_OPERATED
SUMMARIZES_WORK_OF
CAN_INTEGRATE
EDITED
CAN_ALTERNATE
HAS_CHAPTER
IS_OPTION_FOR
IS_ESSENTIAL_FOR
MANAGED_BY
IS_CHAPTER_OF
HAS_TITLE
DISTRIBUTED_ALONG
CONTAINS_CHAPTER
COVERED_BY
DECORATED_WITH
OCCURRED_ON
OCCURS_AFTER
ENHANCED_BY
HAS_DATE
DISTRIBUTED_VIA
LEADS
COLLECTED_AT
RECEIVES_PATIENTS_FROM
CAN_BE_PERFORMED_FROM
COMPLETED_IN
OWNED_BY
MANAGED_THROUGH
PREFERRED_OVER
MAY_LACK
PROVIDES_SERVICE_SIMILAR_TO
AT_COST_SIMILAR_TO
MAY_EXPOSE_TO
MEETS_STANDARD
CAN_MOVE_IN
HAS_DESIGN
AUTHORS_INCLUDE
OWNS
FORCES_PATIENT_ROLE
DESIGNED_WITH
HAS_DISTANCE_FROM
RECEIVES_TREATMENT_IN
FOR_PATIENTS_WITH
INVESTS_IN
CONSIDERED_IN
PROVIDES_SERVICE_AT
IS_THEME_OF
MEETS
DESCRIBED_FROM
DISTINGUISHED_FROM
OFFERS_EXPERIENCE_SIMILAR_TO
CONTRACTS_WITH
ENTERS
ESTABLISHED_BY
INVENTED_BY
IS_TREND
WAS_TREND
IS_ISSUE_IN
CUSTOMIZED_BY
IS_OWNER_OF
ADMINISTERED_VIA
LOCATED_AGAINST
CAPABLE_OF
ARRIVES_VIA
TARGET
MAY_BE
IMPLIES
TRANSFERRED_TO
EMPLOYED_BY
INVENTED_IN
SPENT
FOR_PURPOSE
EXPLORED_IN
FOUNDED_IN
ORIGINATED_FROM
PEAKED_IN
WAS_PREVIOUSLY
AIMS_TO_OPTIMIZE
MINIMIZED_FOR
HAS_DRAINAGE_ISSUE
APPLIED_ON
CHARACTERIZED_AS
HAS_BED_COUNT
PROHIBITS_ABOVE
REJECTED_BY
ASSIGNED
DECIDES_TO_HIRE
AUTHORED_BY
HAS_ROLE_IN
COMPOSED_OF
REJECTED
INTEGRATED_INTO
CAN_ACCOMMODATE
INVOLVED_IN
COVERED_BY
HAS_VARIATION
OFFERS_VIEW
LOCATED_ALONG
MAY_REPLACE
HAS_VISUAL_CONTACT
EVOLVED_INTO
MOVED_TO
REGRESSED_TO
IMPROVED_QUALITY
WAS_CONSIDERED
BREAKS
MARKED
ADDED_ALONG
TRANSFORMED
NOT_REQUIRED_FOR
RE_ENTERED
LOCATED_UNDER
INCREASED_PROPORTION_IN
CAN_APPRECIATE
GRADUALLY_DECLINED
CONTINUOUSLY_DEVELOPED
IS_DESIGNATED_AS
CAPTURES
ENCOURAGED_FOR
REPLACES_WITH
COVERS
SEPARATE_FROM
PROVIDES_VIEW_FOR
INTRODUCED_AROUND
LOCATED_ON_ONE_SIDE_OF
POSITIONED_NEAR
ALIGNED_WITH
LOCATED_ON_OTHER_SIDE_OF
CENTERED_WITH
MOVES
MOVES_FROM
HAS_PROJECT
MOVES_TO
HAS_TASK
BREAK
RECORDS
IS_CORE_OF
CAN_LEAVE
HELPS_UNDERSTAND
HAS_BOUNDARY
IS_MAIN_CONTENT_OF
PROVIDED_BY
SPENDS_TIME
USED_WITH
MAY_SUFFER_FROM
HAS_OUTPATIENT_PROPORTION
BALANCES
HAS_HOSPITAL_BED_PROPORTION
WON
OWNED_BY
SURROUNDS
SET_BY
EXPANDED
ABBREVIATES
ADDED
SHOULD_BE_DESIGNED_AS
WORKS_WITH
DISPLAYS
ESTABLISHED_TO
CREATES
TIME_PERIOD
DISTRACTS
EVOLVED_IN
MARKED_BY
AIMS_TO_PREVENT
ACCESSED_THROUGH
AIMS_TO_ACHIEVE
MAY_NOT_ACCESS_THROUGH
HISTORICALLY_RELATES_TO
HAS_APPEARANCE
HAS_MEMBER
WIN
REPLACED_BY
HIDES
HAS_LAYER
SHOULD_NOT_HAVE_ABOVE
FROM
CALCULATES
CREATED_BY
EXPOSED_TO
HAS_VIEW_OF
DEVELOPS_OVER
AT_RISK_OF
IS_HIGHLIGHT_OF
CONDUCTED
HAS_PRINCIPLE
INVESTIGATES
MADE_OF
ADAPTS_TO
DOMINATED
PREPARED_IN
ROLE_INCLUDES
SHARES
PREFERRED_AS
SYMBOLIZES
SELECTED_AS
EVALUATED_AS
IS_IMPORTANT_ELEMENT_FOR
REPLACES_FUNCTION_OF
OPERATES_WITH
IS_PREFERRED
OVERLOOKS
IS_EVALUATED_AS
IS_MODERN_INTERPRETATION_OF
CAN_BE_PREPARED_IN
AIMS_TO_ALLEVIATE
MORE_SENSITIVE_TO
FUNCTION
IS_FEATURE_OF
ABBREVIATION_OF
HAS_CONFIGURATION
CAN_BE_USED_FOR
REDUCED_BY
HAS_NUMBERED_SPACES
ENTERS_VIA
HAS_NUMBER
POSITIONED_PARALLEL_TO
IS_REFLECTED_IN
EXPOSES
NOT_USES
INCREASES_EFFICIENCY
IS_LOCATED_IN
PARTICIPATED_IN
HELPED_DEVELOP
MUST_CONTAIN
STIMULATES
IS_DECIDING_FACTOR_FOR
EXERCISES
POSITION_DEPENDS_ON
OPEN_TO
ORIENTED_TOWARDS
DESIGN_TARGET
CAN_MOVE_FREELY_IN
MOVES_IN
ENTERS_EXITS
CONNECTIVITY_IMPROVED
ENTERS_THROUGH
CARES_FOR
POSITIONED_ON
POSITIONED_AT
ALLOWS_FOR
TRANSPORTS
HAS_DESIGNER
POSITIONED_IN
HAS_OWNER
EXITS_THROUGH
HAS_CLIENT
COINCIDES_WITH
ORGANIZED
CROSSES
INVOLVED
PROVIDES_ACCESS_FOR
AIMED_TO_CREATE
OPENED_IN
PARTICIPATED_FROM
REGULATES
LINKS
FUNCTION_AS
CAN_TRANSPORT
PROVIDED_FOR
HAS_RESULT
COVERED_WITH
TRANSPORTED_VIA
HAS_FLOORS
NOT_CROSS
IDENTIFIES
INCREASES_RISK_OF
ADDS_TO
REDUCES_RISK_OF
IS_ACCEPTED
RUNS_THROUGH
AVOIDS_MOVEMENT_TO
OBSTRUCTS
ENCLOSED_BY
HAS_ACCESS_TO
DECREASES
SHARES_FACILITIES_WITH
CAN_BE_USED_AS
CAN_BE_LOCATED_IN
EVOKES
CAN_BE_PLACED_AT
IS_INSPIRATION_FOR
COLLECTS
DIRECTLY_ACCESSES
PRODUCED_IN
VISUALLY_CONNECTED_TO
HANDLED_BY
LEAVES
PREFER_VIEW_OF
REENTERS
HELPS_CREATE
DESIGNED_TO_MINIMIZE
INVITED
PROJECTS
MOVES_IN_DIRECTION
ACCOMPANY
INSTALLED_ON
APPEAR_WITH
INCLUDED_IN
HELP_WITH
PURPOSE_OF
CHANGED_FROM
MAY_REDUCE
CHANGED_TO
PREDECESSOR_OF
HAS_VIEW_TO
TEMPORAL_CONTEXT
PROVIDES_VIEW_TO
EXISTED_IN
ALONG_WITH
HAS_TRADITION_SINCE
PROVIDED_IN
BECAME_POPULAR_IN
NEEDED_IN
EXTENDS_TO
AIMS_TO_SERVE
CATALYZES
REBUILT
PLACED_ON
TRIGGERS
ORIENTED_WITH
AIMS_TO_REDUCE
HAS_DECORATION
HAS_BUILDING_AREA
HAS_BELIEF
PLANS
ACTED_AS
RESPONDS_TO
FACILITATED
CAN_EXPERIENCE
SUSCEPTIBLE_TO
PROVIDES_EVIDENCE
MITIGATES
COVERS_AREA_FROM
PROVIDED_FOR
COVERS_AREA_TO
ABOUT
IS_STARTING_POINT_FOR
WORKS_WITH
VISUALLY_ECHOES
OBSERVES
FORMERLY_KNOWN_AS
TAKES_ACTION
COMPENSATES_FOR
IS_KEY_TO
CONTRIBUTES
EXPLAINED_BY
HAS_EXPERTISE_IN
HAS_CHALLENGE
INVITES
IS_IMPORTANT_FOR
HAS_THEME
MADE_FROM
CAN_BE_REORGANIZED
PLANTED_FOR
HAS_CORE_WORK
CELEBRATES
SERVES_AS_HUB_BETWEEN
HAS_HEIGHT
HAS_STYLE
AIMS_TO_ALLEVIATE
HAS_SHAPE
BALANCES
IMPROVED_BY
STAYS_LONG
AIMS_TO_ADDRESS
DECORATED_WITH
HAS_DEPARTMENT
HAS_LOCATION
EXPLAINED_AS
IS_ELEMENT_OF
AIMS_FOR
HAS_CRITERIA
DEVELOPED_INTO
EXTENDS
CONTRASTS_WITH
EVOLVED_INTO
CONNECTED_VIA_HUB
SERVES_AS_HUB_FOR
CAN_ACCESS
COMMUNICATES_WITH
HAS_EASY_ACCESS_TO
DISPLAYS
IS_SAME_AS
DISCUSSES_WITH
USED_AS
IS_REFERRED_AS
CONFIGURED_AS
HAS_DESIGN_FEATURE
RESTRICTS
HAS_LAYERS
ALONG
HAS_ORIENTATION
IS_VARIANT_OF
USES_LAYOUT
REMINDS_OF
CAN_LAND_ON
DISTRIBUTED_ON_OPPOSITE_SIDE_OF
KNOWN_AS
ILLUSTRATED_BY
EQUIVALENT_TO
CAN_BE_ARRANGED_ALONG
TRANSPORTED_BY
CAN_BE_PLACED_ON
INTRODUCES
PERMANENTLY_EQUIPPED_WITH
DOMINATES
PERMANENTLY_EQUIPPED_IN
AWARDED
OPTIONALLY_EQUIPPED_IN
AWARDED_IN
OPTIONAL_FOR
DECIDED
OPTIONAL
COLOR
ARRANGED_AROUND
SIZE
DISTRIBUTED_IN
QUANTITY
WITH
INSTALLATION_TYPE
FUNCTIONS_AS
PLACEMENT_DEPENDS_ON
PRIMARILY_FOR
PURPOSE
BETWEEN
EXCEPTION
CLASSIFIES_INTO
EXTENDS_FROM
PRESENT_IN
HAS_CAPABILITY
ALSO_CALLED
TRANSPORTS_TO
CAN_ENJOY
EXECUTED_BY
CAN_VIEW
DEVELOPED_RECENTLY
SERVES_AS
ARRIVE_AT
DESPITE
PREDICTED_BY
COLOR_IS
AIMS_FOR
MATERIAL
INFORMS
HAS_DESIGN_TARGET
TRANSFORMS_TO
HAS_DESIGN_TYPE
TRANSFORMS_FROM
WIDELY_USED_IN
HAS_STEP
HAS_SEPARATE_ROUTE_FROM
FOLLOWED_BY
HAS_INDICATOR
PUBLISHES
EXTENDS_ALONG
PERPENDICULAR_TO
CREATES_BALANCE_FOR
EDITES
DESTROYED_IN
EDITOR_OF
UPGRADED_TO
CO_AUTHOR_OF
MERGED_WITH
CO_EDITOR_OF
FORMED_FROM
EDITED_BY
EXPANDED_IN
IS_LOCATION_OF
HAS_STRUCTURE
HAS_SUBTITLE
WAS_HIGHEST_IN
EXPANDED_BY
IS_EDITOR_OF
APPEARS_AS
IS_CHAPTER_OF
GENERATES_REVENUE_FOR
HAS_EDITION
TRANSPORTED_FROM
PUBLISHED_IN_YEAR
HAS_DURATION
PUBLISHED_ON
CREATED_IN
PUBLISHED_IN_MONTH
TRANSPORTED_ACROSS
PUBLISHED_ON_DATE
HAS_PAGE
CREATED_BY_COLLABORATION_BETWEEN
DESIGNED_TO
DEFINED_IN
FOR_PURPOSE_OF
BECAME
HAS_EDITOR
VISIBLE_THROUGH
PUBLISHED
HAS_EXPERIENCE
IS_EXPERIENCE_OF
HAS_VOLUME
ADDS
CO_AUTHOR
WRAPS
RADIATES_FROM
SUBMITTED_TO
CANNOT_SATISFY
FUNDED_BY
LOCATED_IN_FRONT_OF
PUBLISHED_IN_VOLUME
LOOKS
PUBLISHED_IN_ISSUE
HAS_OBSTACLE
PUBLISHED_IN_PAGES
MOTIVATED_BY
PUBLISHED_IN_PAGE
OVERCOMES
EDITED
RECEIVES_LIGHT_FROM
REPRINTED_IN
USED_ON
EDITS
COORDINATES_WITH
WRITES_IN
ESTABLISHES
HAS_CONCEPT
CREATED_BY_COLLABORATION
CITED_BY
CAN_LEAD_TO
HAS_DESIGN_PRINCIPLE
IS_PUBLICATION_YEAR_OF
HAS_PATIENT_TYPE
LOCATED_ON_PAGE
HAS_ACCOMPANIMENT
HAS_URL
OCCURRED_ON
HAS_OCCUPANCY_TYPE
HAS_COLLABORATION_TYPE
HAS_COLLABORATORS
HAS_PREVALENCE
HAS_VARIETY
LEADS
HAS_ARCHITECTURAL_STYLE
RECEIVES_PATIENTS_FROM
HAS_LOCATION_TYPE
PREFERRED_OVER
HAS_COLLABORATION_SCALE
HAS_FACILITY_TYPE
EXPECTS
HAS_ALTERNATIVE_NAME
RECEIVES_TREATMENT_IN
LOCATED_AT_INTERSECTION
EMPLOYED_BY
SERVES_PATIENT_TYPE
SPENT
HAS_BUILDING_STATUS
FOR_PURPOSE
HAS_CONSTRUCTION_YEAR
HAS_TITLE
HAS_MATERIAL
MEETS_STANDARD_OF
HAS_TRUST
FUNCTIONS_DURING
HAS_DESIGN_CONSTRAINT
MINIMIZED_FOR
CONSOLIDATES
APPLIED_ON
CONSOLIDATES_IN
STACKED_WITH
CENTRALIZES_IN
STARTED_IN
WAS_PREVIOUSLY_IN
REDESIGNED_TO
ADDRESSED_BY
IS_NOW_IN
CONSOLIDATED_IN
ADDED_TO
AIMS_TO_PROMOTE
CREATED_BY
AIMS_TO_CONSOLIDATE
HAS_OPERATOR
IMPOSES_CONSTRAINT_ON
HAS_OWNER
RESULTED_FROM
HAS_BED_COUNT
PROVIDES_VIEW
REJECTED_BY
COMMISSIONED
IS_MILESTONE_IN
FUNDED
CONSTRAINED_BY
DECIDES_TO_HIRE
RESULTED_IN
HAS_ROLE_IN
AIMED_TO_PROMOTE
REJECTED
AIMED_TO_CONSOLIDATE
CONSIDERED_BEFORE
BELIEVES
HAS_DESIGNER
HAS_REJECTOR
EASILY_INTEGRATES_INTO
HAS_COMPLETION_TIME
IS_REPRESENTED_BY
HAS_BUILDING_AREA
SHOULD_HAVE
IMITATES
DIRECTED_TO
CONDUCTS
HAS_SCALE_BASED_ON
HAS_FORM
REFERRED_AS
RECORDS
PROVIDES_ACCESS_TO
MAY_NOT_PAY
BREAKS
HAS_SEPARATE_ROUTE
REDISTRIBUTES
CALLED_FOR_BY
CHOOSES
EVALUATES
MOVES
IS_BASIS_FOR
ACCESSIBLE_WITHOUT
HAS_POPULATION
LOCATED_AROUND
OPEN_TO
HAS_WASTEWATER_TREATMENT
CARRIES
PROVIDES_VISIBILITY_TO
MAY_SUFFER
ORIENTED_TO
SPENDS_TIME
MEASURES
IS_ADVOCATE_FOR
DEVELOPED_BY
JOINS
SPREAD_TO
HAS_EFFECT
OBSERVABLE_FROM
FORMED_BY
ADDED_ALONG
REPLACES_WITH
ULTIMATELY_EMPOWERS
LOCATED_UNDER
HAS_PROCESS
HAS_PHASE
NEEDS_TO_IMPROVE
WON
REQUIRES_MEASUREMENT
ASSISTED_WITH
HAS_AGE_RESTRICTION
PROTECTS_FROM
ARRANGED_AS
CHANGES_TO
ADDED
EXHIBITED_IN
DISTRACTS
DECORATES
CHANGES_COLOR_TO
ORGANIZED_BY
CAN_FUSE
PLACED_AT
ALTERNATES_WITH
DECORATED_BY
PRODUCED
MARKS
E
HAS_MEMBER
SAVES
WIN
FILLS_WITH
DISTRIBUTED_IN
EXPANDS_TO
CURRENTLY_IN
TAKES
BUILT_BY
WILL_INTEGRATE
REPRESENTS_TREND
HAS_NUMBER_OF_FLOORS
ORGANIZES_AROUND
USED_ON
HAS_NO
TRANSFERS_TO
HAS_TRAIT
ACHIEVED
HAS_ELEMENT
CLEARED
CAN_CONNECT_TO
CAN_BE_MERGED_WITH
HIDES
ARRANGED_IN
MIMICS
REPEATS
SHARES_FACILITIES_WITH
EXTENDS_IN
ORGANIZED_IN
REPRODUCES
WELCOMES
AT
HIGHLIGHTS

DIAGNOSED_WITH
SOLVES
HAS_LEAKAGE_CURRENT
INSPIRED
HAS_FAULT_CURRENT
CAN_INCLUDE
PASSED_AWAY_IN
HAS_GOAL
IS_HUSBAND_OF
HAS_VIEW_OF
DIED_IN
BELIEVED_IN
IS_HIGHLIGHT_OF
HAS_PRINCIPLE
DIED_OF
MADE_OF
IS_SPOUSE_OF
ENABLES_TRANSITION_TO
FIRST_OPENED_IN
ENABLES_VIEW_OF
IS_CENTER_OF
HAS_CHAPTER
SUITABLE_FOR
ABSORBS
EMBODIES
PREFERRED_IN
VALUES
FUNCTIONS_AS
EXPRESSES
HAS_BRANCH
IS_FIRST_ATTEMPT
HAS_DESIGN_STYLE
CAN_EXPAND_TO
HAS_PARTNER
IS_FRIEND_OF
IS_FOUNDER_OF
IS_IMPORTANT_ELEMENT_OF
HAS_BRANCH
IS_PART_OF_NETWORK
IS_FIRST_ATTEMPT_OUTSIDE
MORE_SENSITIVE_TO
HAS_MISSION
TREND_INCLUDES
IS_DESIGN_GOAL_OF
COVERS_AREA
RECEIVED_TASK
HAS_MATERIAL
SEEKS_BALANCE_BETWEEN
HAS_NAME
CLOSES
DRAINS_TO
ENJOYS
ADOPTS
NOT_FOCUS_ON
HELPED_DEVELOP
CONVEYS
ORGANIZED
SPREAD_BY
PARTICIPATED_BY
EXPERIENCED
WAS_DISPERSED
LED_TO
IS_USED_IN
BASED_IN
IS_BASIS_FOR
INCLUDED
AIMS_AT
INTENDED_FOR
MANUFACTURED_BY
LOCATED_ON_EACH
MANUFACTURED_LOCALLY
CONSTRUCTED_WITH
DIVIDES
RECOGNIZES
ENJOYS
CAN_BE_DONE_IN
HAS_CLIENT
FILTERS
WORKS_ON
ALLEVIATES
VIEWED_FROM
SHOULD_NOT_PASS_THROUGH
VIEWS
HARMS
IS_PARAMETER_OF
STARTS_FROM
REQUIRES_MEASUREMENT
IS_INSTALLATION_POSITION_FOR
HAS_RESTRICTION
HAS_PREFERENCE
CAN_BE_OBSERVED_FROM
OBSERVED_FROM
SELECTED_BY
HIDDEN_BEHIND
IS_ENVIRONMENT_OF
PROTECTED_FROM
FORM
IDENTIFIES
HAS_BEDS
PAINTED
PENETRATED_BY
INVITES
APPEARS_THICKER_THAN
PROJECTS
APPEARS_NEAR
LOCATED_NEXT_TO
CHANGED_FROM
ACKNOWLEDGES
EXISTS_IN
CHANGED_TO
HAS_PATIENT_GROUP
HAS_ANGLE
IF_ALIGNED_WITH
IF_NOT_ALIGNED
RETAINED
HAS_DESIGN_GOAL
RECEIVED
HAS_IDENTIFICATION
RETURNED_TO
LOCATED_ALONGSIDE
AWAITS
HAS_BED_SPACING
RESERVED_FOR
HAS_SINGLE_ROOM_AREA
LOCATED_OVER
PREVIOUSLY_SCATTERED_ACROSS
MONITORS
NOW_CONCENTRATED_IN
HAS_EXPERTISE
HELPS_UNDERSTAND
OFFERS
HAS_ROOF
TEACHES_AT
MEASURED_FOR
HAS_AGE_LIMIT
LOCATED_WITHIN
ANALYZED_BY
NUMBER_OF
CONDUCTED_ON
PLANNED_FOR
EXTENDS_TO
HOSTS
CATALYZES
AWARDED_DOCTORATE_TO
REBUILT
RUNS
ESTABLISHES
INTEGRATED_IN
HAS_DEGREE
HAS_SPEC
HAS_NATIONALITY
HAS_FLOORS
ASSISTS_IN
HAS_WEBSITE
EXPANDED_IN
EXPANDED_FROM
SERVED
OPERATED_FOR
IS_ABOUT
CONTRIBUTES
ENGAGES_EARLY
DESIGNED_DUE_TO
WORKED_AS
MEMBER_OF
REDESIGN_FOCUS_ON
HAS_REGULATION
FUNCTION
FOUNDED
VIEWABLE_FROM
TEACHED_BY
SHOULD_HAVE
AWARDED_DEGREE_TO
HAS_THEME
MADE_FROM
PLANTED_FOR
HOSTS_RESEARCH_BY
IMPLEMENTED_IN
CELEBRATES
HAS_TEMPERATURE
INITIATED_IN
HAS_GROUP
STUDIED_BY
HAS_DIMENSION
CERTIFIED_BY
HAS_RADIUS
HAS_WIDTH
WORKS_AS
FORMED_FROM
RESEARCHES
RUNS_THROUGH
IS_SUBTOPIC_OF
SERVES_FOR
CONTEXT_FOR
HAS_EXPERT_IN
IS_SKILL_OF
CAN_ACCESS
STUDIED_IN
HAS_EASY_ACCESS_TO
IS_TITLE_OF
IS_REFERRED_AS
HAS_DESIGN_FEATURE
HAS_RESEARCH_INTEREST
HAS_LAYERS
HAS_ORIENTATION
HAS_AFFILIATION
HAS_PARTICIPATED_IN
USES_LAYOUT
HAS_PUBLISHED_IN
CAN_LAND_ON
HAS_WORKED_AT
HAS_AWARD
FEATURED_IN
KNOWN_AS
EQUIVALENT_TO
SHOULD_BE
INTRODUCES
CAN_INTEGRATE
AWARDED
HAS_AGE_LIMIT
AWARDED_IN
SHORTENS
ACCOUNTS_FOR
DECIDED
IS_RESEARCH_AREA_OF
HAS_COLOR
CONDUCTED_BY
HAS_STRATEGY
APPEARS_IN
IS_KEY_CONSIDERATION_IN
HAS_DESIGN_TARGET
HAS_DESIGN_TYPE
CHANGES_OVER_TIME
MEETS
ARISES_FROM
WIDELY_USED_IN
HAS_SEPARATE_ROUTE_FROM
HAS_IDENTIFIER
HAS_CLASSIFICATION
HAS_INDICATOR
SUMMARIZES
HAS_DESIGN
HAS_ABSTRACT
PROVIDES_VIEW_TO
HAS_KEYWORDS
DESTROYED_IN
HAS_VOLUME_ISSUE
FORMED_BY_MERGER_OF
DEVELOPS_FROM
UPGRADED_IN
DEPICTS
IMPROVES_SURVIVAL_RATE_OF
SELECTS
EXHIBITS_WORKS_FOR
ANALYZES
TRANSFORMED_TO
PLAYS_ROLE_AS
TRANSFORMS_INTO
RECOMMENDED_WITH
投入使用后
IS_RESEARCH_DIRECTION_OF
HAS_NEED
CAN_BE_COMBINED
ADDED_FLOOR
IS_GOAL_OF
PLANNED_TO_BUILD
IS_OPTIMIZED_BY
PERPENDICULAR_TO
APPLICABLE_WHEN
REUSED
ADDED_IN
DIVIDES
POSITIONED_ALONG
PROMOTED_BY
POSITIONED_AT
TRANSPORTED_FROM
OCCURS_DURING
ESTABLISHED_BY
CONVERTS
TRANSPORTED_ACROSS
HAS_CONSTRAINT
CREATED_BY_COLLABORATION_BETWEEN
IS_REASON_FOR
DESIGNED_TO
IS_RESULT_OF
BECAME
UNDERWENT
VISIBLE_THROUGH
PARTICIPATES_IN
HAS_EXPERIENCE
IS_SENSITIVE_TO
IS_EXPERIENCE_OF
PRESERVES
HAS_CENTER
ADDS
INCREASED
WRAPS
HAS_UNIT
SHOULD_UNDERSTAND
RADIATES_FROM
SHOULD_MASTER
PAINTED_WITH
ADJUSTS
DAMPENS
LOCATED_IN_FRONT_OF
APPEARED_IN
AIMS_TO_SOLVE
HAS_AUTHOR
IS_APPROACH_TO
CAN_BE_SHARED_BY
HAS_TEMPERATURE_RANGE
TRANSLATES
IGNORES
LACKS_KNOWLEDGE_OF
IS_OWNER_OF
MOTIVATED_BY
HAS_PROBLEM
ACCESSIBLE_VIA
FAILS_TO
IMPROVES_IN
BUILDS
PROGRESSES_FROM
TASK
PROGRESSES_TO
PENETRATES
CORRESPONDS_TO
EXTENDS_OVER
TYPICALLY_HAS
COMPLETES
COORDINATES_WITH
LOCATED_OPPOSITE_TO
SUBDIVIDED_INTO
CAN_LEAD_TO
IN_COLLABORATION_WITH
DEDICATED_TO
HAS_TARGET
IS_DESTINATION_FOR
FACILITATES_COLLABORATION_AMONG
FOLLOWS_PRINCIPLE
BETWEEN
IMPLEMENTED_BY
STIMULATES
FOUND_IN
HAS_CONCEPT
AIMS_TO_FIND
IS_START_OF
AIMS_TO_UNDERSTAND
BELIEVES
DELEGATES
IS_AVOIDED_BY
SELECTED_IN
HAS_AFFILIATION
HAS_POPULATION
INSUFFICIENT_FOR
EXHIBITED_IN
CONSTITUTES
EXIST_IN
HAS_ROLE
AIMS_TO_AVOID
HAS_STYLE
IS_STANDARD_FOR
ACTIVATES
IS_FUNDAMENTAL_FOR
DISTRIBUTES_TO
IS_MEANS_TO
EXEMPLIFIES_TREND
IS_MATERIAL_OF
IS_CARRIER_OF
BUILT_BY
STRENGTHENS
USES_SHAPE
KNOWN_FOR
VISUALIZES
PROVIDED_AT
EMBODIES
REPRESENTS_SHIFT
IS_SITUATED_IN
NEEDS_TO_ADAPT
ALIGNS_WITH
AIMS_TO_FORM
IS_OWNED_BY
PUBLISHED_IN_ISSUE
WAS_COMPLETED_IN
HAS_BUILT_AREA
IMPLEMENTS
ALIGNS_WITH
IS_KNOWN_AS
STANDARDIZES
PROVIDES_SERVICE
COMMUNICATES
INCLUDES_EQUIPMENT
IS_DIFFERENT_FROM
MATCHES
WAS_BUILT_BY
SATISFIES
SETS
CONTAINS_AREA
VALUE
CAN_PERFORM
INCORPORATES_CONCEPT
HAS_MODE
SUPPORTS_CONCEPT
HAS_SETTING_MODE
USES_FOR
HAS_ACCESS
IS_SHORTER_IN
INCLUDES_FEATURE
REDUCED_BY
RELATES_TO_SYSTEM
AVOIDED_BY
HAS_VARIANT
REFERENCES_MODEL
VALUE_RANGE
REQUIRES_ACTION
HAS_LOWER
USES_MEASURE
HAS_HIGHER
INCLUDES_UNIT
INCLUDES_CONCEPT
APPROXIMATES
HAS_DESIGN_CHARACTERISTIC
CONFORMS_TO
INCORPORATES_FEATURE
SUGGESTED_AS
IS_ASSOCIATED_WITH
CALCULATES
COMPENSATES_FOR
USES_DIVISOR
HIGHER_THAN
IS_EXAMPLE_OF
HAS_LEVEL
RELEASES
MARKED_AS
EXCLUDED_FROM
REPEATS
CRITICAL_FOR
REPRODUCES
IMPACTED_BY
REORGANIZES
COVERED_WITH
CONFIRMS
ARRANGED_AT
HAS_STANDARD_NUMBER
SET_AT
UNIFIES
EXTENDS_IN
SHOULD_FOLLOW
NOT_PART_OF
SHOULD_APPLY
REPRODUCES_AT
CONSTITUTES
NAMED_AFTER
CAN_TRANSFORM_TO
DIAGNOSED_WITH
CAN_BE_SET_IN
DEVELOPED
CAN_CONTAIN
INVITED
SHOULD_CONTAIN
INSPIRED
NOT_LIMITED_BY
CAN_INCLUDE
CAN_ESTABLISH
SHOULD_BE_SET
PASSED_AWAY_IN
SHOULD_ACHIEVE
IS_HUSBAND_OF
CALCULATED_BY
NOT_FOCUSES_ON
SUBSTITUTES_FOR
DIED_IN
APPROVED_BY
BELIEVED_IN
PREPARES_FOR
DIED_OF
HAS_THRESHOLD
IS_SPOUSE_OF
DEFINES_CONDITION
MEASURED_BY
FIRST_OPENED_IN
IS_CALCULATED_FROM
IS_CENTER_OF
SUGGESTS
DRAFTS
EXPRESSED_THROUGH
SUBMITS_TO
ABSORBS
RECEIVES_FROM
VALUES
VALUES_ABOVE
CLOSES
CAN_PERFORM
AIMS_TO_BALANCE
VERIFIES
HAS_DEADLINE
IS_FIRST_IN_COUNTRY_FOR
DECIDES_ON
IS_DAUGHTER_OF
REPORTS_TO
SPREAD_BY
ENSURE
EXPERIENCED
REVIEWS
BASED_IN
APPROVES
ENCLOSES
GRANTS
HIDDEN_IN
IS_COMMUNICATED_TO
HAS_VERSION
PROTECTED_BY
EFFECTIVE_FROM
ISSUES
PENETRATED_BY
RECOGNIZES
AFFIRMS
ADJUSTED_IN
RETAINED
MUST
PROTECTS_FROM
COORDINATED_WITH
IF_ALIGNED_WITH
WOULD_LEAD_TO
MAY_CONTAIN
HAS_ID
EXPLAINS
IF_MISALIGNED
THREE_STRETCHED_AREAS_FORM
REPLACED_BY
IS_CORE_OF
ANNOUNCES
FULLY_DEDICATED_TO
ORGANIZES_PUBLICATION_OF
RECEIVED
PUBLISHES_UNDER_ORGANIZATION_OF
IS_ID_OF
IS_EFFECTIVE_DATE_OF
MUST_BE_STRICTLY_ENFORCED
IS_ABOLISHED_ON
SUPERSEDES_ON
RECLAIMS
MUST_SATISFY
MUST_COMPLY_WITH
PLANNED_FOR
SPECIFIES_APPLICABILITY
AWARDED_TO
SPECIFIES_DETERMINATION
TEMPORAL_ASPECT
SPECIFIES_COMPLIANCE
EXPANDABLE_TO
SITUATED_IN
UNDERTAKES
IS_PROMOTED_BY
IS_PROCESS
IS_ABBREVIATED_AS
NEEDS_TO
DEEPENS
HAS_NATURE
NEGATIVELY_IMPACTS
HAS_RELATIONSHIP
PROVIDES_VIEW
ALONGSIDE
CAN_USE
NOT_USES
HAS_CAPACITY_UNIT
FEATURES_IN
HAS_CAPACITY_RANGE
CONTINUES_IN
CONDITIONALLY_CONTAINS
NOT_USED_IN
HAS_SPECIALTY_CHARACTERISTICS
WRAPPED_IN
CAN_BE_MERGED
APPEARS_IN
CAN_ADD
CHARACTERIZES
SHARES_WITH
ASSIGNED_TO
GRANTS_ACCESS_TO
FOUNDED
HAS_SPACING
OFFERS
HAS_DOOR
HAS_DEGREE
DISTINGUISHES
CONFIGURES
PROCESSED_IN
ANALYZED
CO_FOUNDED
DESIGNED_ACCORDING_TO
HAS_POSITION
PROCESSES
ALTERNATIVE_TO
ANALYZED_BY
GENERATED_BY
OFFERED_BY
HAS_OPTION
PROVIDES_ADVICE_ON
COMPLETED_AT
PROHIBITED_IN
ALLOWED_WITH
HAS_RESEARCH_DIRECTION
REQUIRED_WHEN
HAS_EDUCATION
CLASSIFIED_AS
HAS_ACHIEVEMENT
EQUALS
HAS_FACULTY
SET_IN
NOT_SET_IN
HAS_ABBREVIATION
INTERVIEWED_BY
HAS_EVENT
ACHIEVED
NOT_SUITABLE_FOR
PROHIBITS
HAS_SCHOOL
CONFIGURED_BASED_ON
HAS_AWARD
PURPOSE
PHOTOGRAPHED_FOR
PROHIBITED_FOR
CHANGES_OVER_TIME
NOT_INSTALLED_IN
ARISES_FROM
FLOWS_TO
CONSTRAINED_BY
ANALYZES
PRIORITIZES
HAS_LEVEL
IMPACTS
HAS_TYPE
HAS_DESIGN_TEMPERATURE
ADVANTAGE
HAS_DESIGN_HUMIDITY
LIMITATION
MUST_USE
DEVELOPS_FROM
HAS_AIR_CHANGE_RATE
NOT_SUITABLE_FOR
HAS_NOISE_LIMIT
AGGRAVATES
HAS_CONDITION
FLOWS_FROM
ANALYZED_THROUGH
HAS_SAFETY_FACILITY_POWER_GRADE
SUMMARIZES
HAS_LOAD_GRADE
UNCONSTRAINED_BY
投入使用后
IS_ATTRIBUTE_OF
ARRANGED_ALONG
FAILS
AUTOMATICALLY_CONNECTS_TO
CONVERTS
TRANSFORMED_TO
TRIGGERED_BY
LOCATED_AROUND
AIMS_TO_PROTECT
AFTER
INTEGRATED_BY
HAS_HISTORY
CONDITIONALLY_RELATES_TO
HAS_BUILDING
FORMULATES
IS_GUIDED_BY
AWARDS
IS_SUBJECT_TO
COMBINES_WITH
CAN_SET
RESEARCHED_BY
MONITORED_BY
AT
SPECIFIC_FOR
MANIFESTS_IN
HAS_COMPONENT
HAS_DATA
HAS_SUBSYSTEM
HAS_WATER_USAGE
ALERTS_VIA
IN_YEAR
TRANSMITTED_TO
HAS_ID
TREATED_AS
ABBREVIATED_AS
DISCHARGED_TO
SHOULD_UNDERSTAND
HAS_VALUE_RANGE
SHOULD_MASTER
REQUIRES_PRESSURE
INCLUDES_ASPECTS
LIST_VALUES_FOR
AIMS_TO_SOLVE
DEFINED_IN
IS_INFORMATION_CARRIER_FOR
HAS_PRESSURE_RANGE
SHOULD_CONSIDER
LISTED_IN
IS_DISCUSSED_IN
COMPILED
MAY_HAVE_ATTRIBUTE
HAS_WEAKNESS
PLAYS_ROLE_FOR
IS_REVISION_OF
CONVEYS
APPROVED
ADJUSTS
CAN_REFER_TO
DAMPENS
IS_AFFECTED_BY
LACKS_KNOWLEDGE_OF
IS_ADJUSTED_IN
BUILDS
SHOULD_SATISFY
HAS_IMPROVED
SHOULD_CLARIFY
CORRESPONDS_TO
IS_CRUCIAL_FOR
NEEDS_TO_COORDINATE_WITH
TYPICALLY_HAS
DIFFERENTIATES_FROM
CONFIRMED_BY
SET_IN
ALLOCATES
SET_ACCORDING_TO
REFINES
OBTAINED_FROM
INSTALLED_AT
HAS_RANGE
MEASURED_AS
CHARACTERIZES
RANGE
FACILITATES_ACCESS_TO
HAS_RANGE
FACILITATES_ACCESS_FOR
TESTED_BY
IS_TRANSPORT_MODE
FOLLOWS_PRINCIPLE
USES_TRANSPORT
EVOLVES_FROM
HAS_DEPARTMENT
IMPLEMENTED_BY
HAS_FUNCTIONAL_AREA
HAS_GRADING
PROVIDES_SPACE_FOR
AIMS_TO_AVOID
HAS_RELATIONSHIP_WITH
IS_MATERIAL_OF
REQUIRES_ACCESS
IS_CARRIER_OF
MUST_CONSIDER
MUST_FACILITATE
HAS_DESIGN_STYLE
IGNORES
IMPACTS
VISUALIZES
IS_SECTION_OF
SPECIFIES
IS_SUBSECTION_OF
HAS_RELAXED_REQUIREMENT
PROVIDED_AT
PREVENTED_BY
THINKS_ABOUT
DEVELOPS_WITH
AIMS_TO_FORM
MAY_INCLUDE
DESCRIBED_IN
AIMS_TO_CONVEY
DEMANDS
RESULTS_FROM
EVOLVES_WITH
VARIES_BY
SUBJECT_TO
HAS_TREND
MAY_NOT_MEET
DISADVANTAGE
AIMS_TO_MEET
NOT_USED_IN
BASED_ONLY_ON
ENTERS
MAY_NOT_MATCH
NOT_ALLOWED_IN
SATISFIES
SHOULD_USE
ALLOWED_IN
SHOULD_MEET
PREFERABLY_LOCATED_IN
AUTHORS
PREFERABLY_PART_OF
HAS_DOI
TRANSPORTED_WITH
HELPS_AVOID
SUGGESTED_FOR
AIMS_TO_ACHIEVE
LOCATED_AWAY_FROM
IS_TREND_OF
BASIS_OF
HAS_NEED
TRANSPORTED_VIA
MATCHES
WASTES
AIMS_TO_REDUCE
HAS_MODE
MENTIONS
HAS_VARIANT
IS_REFERENCED_BY
VISIBLE_FROM
HAS_RISK
USED_FOR_CALCULATION_OF
HAS_PARAMETER
IS_VERSION_OF
HAS_RECOMMENDATION
FOLLOWS_STANDARD
SHOULD_AVOID
ADJUSTS_TO
MUST_BE
APPROVES
CALCULATED_BY
HAS_LOWER_LIMIT
SUCCEEDS
HAS_UPPER_LIMIT
CAN_TRANSFORM_TO
EMITS
DETERMINED_BY
DISPOSED_AS
MULTIPLIED_BY
POTENTIALLY_CAUSES
ALTERNATIVE_FOR
IS_AIM_OF
CAN_CONNECT_VIA
GOVERNED_BY
USED_TO_USE
APPROVED_BY
REPRODUCES_IN
MODIFIES
REMOVES
IS_OUTPUT_OF
HAS_SECTION
DOCUMENTS
RECOMMENDED_FOR
CONFORMS_TO
SAME_AS
SETS
SUPPLEMENTS_WITH
PRIORITIZES
PLAYS_ROLE_OF
MAY_NOT_SATISFY
URGES_IMPLEMENTATION_OF
CONFIGURED_AS
ADAPTS_TO
INCLUDES_IN_SUPERVISION
SHOULD_NOT_BE_INSTALLED_IN
FULFILLS
DRAFTS
RECOMMENDS
SUBMITS_TO
MAY_NOT_MEET
EVALUATES
CLASSIFIED_BY
VERIFIES
SELECTED_AS
CONFIGURED_BY
DIRECTS
SUBMITTED_BY
HAS_CATEGORY
IS_DEADLINE_FOR
SUBMITS
CAPTURES
CLASSIFIES
COMMUNICATED_TO
HIGHER_THAN
ANNOUNCES
CONDUCTED_AT
ELIMINATES
LINKED_TO
ADHERES_TO
IS_ID_OF
EXCLUDES_AT_SOURCE
EFFECTIVE_FROM
CAN_BE_ADJUSTED_FOR
UNDER
COOPERATES_WITH
SUPERSEDES
DEFINED_BY
HAS_STATUS
CONDITIONED_BY
ABOLISHED_ON
ORGANIZES_PUBLICATION_OF
HAS_MINIMUM
MUST_BE
HAS_EFFICIENCY
INTERPRETS
SIZE_CALCULATION
EXPLAINS
AREA_PER_ROOM
EXECUTES
HANDLED_IN
ISSUED
INTERFERES_WITH
HAS_ZONE
MUST_EXECUTE
CAN_BE_SHARED_BY
SUPPLIES
CAN_BE_USED_BY
DELIVERS
DUE_TO
LISTS
PROHIBITS_ABOVE_MACHINE
DEFINES_SCOPE
PREVENTS_BACKFLOW
DEEPENS
CAUSES_RISK_OF
HAS_RELATIONSHIP
PROTECTS_AGAINST
CAN_BE_MERGED_WITH
STORED_IN
CAN_CONTAIN
FLOWS_FROM_TO
CAN_BE_IN
POTENTIAL_CAUSE
CAN_SHARE
POTENTIAL_PATH
CAN_BE_ADJACENT_TO
TRANSMITS_TO
CAN_BE_INTEGRATED_WITH
IS_DEFINED_BY
CAN_BE_ACCESSED_VIA
COMPARED_WITH
CAN_BE_INDEPENDENT
SUPPRESSES
PREFERS_ORIENTATION
PARALLEL_WITH
PREFERS_LOCATION
CAN_SHARE
CAN_BE_LOCATED_AT
CAN_HAVE_MULTIPLE
PREFERS_ATTRIBUTE
DETECTS
CAN_BE_LOCATED_IN
HELPS_ELIMINATE
CAN_CAUSE
PROHIBITS
NOT_CAUSE
PROCESSED_IN
LIMITS
CAN_BE_COLOCATED_WITH
SHOULD_NOT_CAUSE
SHOULD_HAVE_DOOR_TO
IS_ADJUSTED_TO
SHOULD_HAVE_CONVENIENT_CONNECTION
IS_USED_IN
SHOULD_BE_COMBINED_DESIGN_WITH
IS_IMPORTANT_FOR
PROCESSES
IS_ACHIEVED_BY
SHOULD_AVOID
IS_SET_ON
CAN_CONFIGURE
IS_APPLIED_IN
CAN_SET
IS_SELECTED_BASED_ON
PROHIBITED_IN
IS_NOT_SUITABLE_FOR
RECOMMENDS
DIFFERS_FOR
IS_SUITABLE_FOR
NOT_SET_IN
VARY
PROCESSED_BY
SHOULD_SET
PROHIBITED_FOR
GOVERNED_BY
EXCEEDS
RECOMMENDED_TO_HAVE
INITIATES
MEASURED_BY
LOCATION_OF
CONTAINS_RULE
TIME_OF
DISCOURAGES
DISPLAYED_DURING
HAS_FILTER_EFFICIENCY
CAN_CROSS
CAN_BE_SUPPLIED_BY
FLOWS_FROM
INSTALLED_AT
FLOWS_TO
OPERATED_BY
LOCATES
SEPARATED_FROM
INSTALLED_IN
CARRIES
DEPLOYED_AS
HAS_RESISTANCE
SAME_AS
STORES_IN
LINKED_WITH
PRIORITIZED_FOR
DEFINED_AS
CONSIDERED_BY
IS_CONDITION_OF
CLASSIFIED_BY
HAS_DEMAND
CONFIGURED_BY
INTERACTS_WITH
MUST_SATISFY
SEPARATED_BY
HAS_HAZARD
AUTOMATICALLY_SWITCHES_TO
HAS_IMPACT_ON
MUST_MAINTAIN
CAN_BE_LOCATED_ON
CAN_BE_CONNECTED_TO
TREATED_AS
CAN_ENTER
DISCHARGED_TO
GENERATED_BY
STATES
HAS_VALUE_RANGE
REACTS_WITH
REQUIRES_PRESSURE
PROHIBITED_FROM
LIST_VALUES_FOR
SUPPLIES
HAS_PRESSURE_RANGE
FLOWS_WITH
HAS_STANDARD_NUMBER
PUBLISHED_ON
LISTED_IN
DISTRIBUTED_BY
HAS_VERSION
PRINTED_BY
COMPILES
STATUS
CLARIFIES
ORGANIZED_BY
CONSULTS
FORMATTED_AS
IMPLEMENTS
HAS_FORMAT
ACQUIRES
SENT_TO
HAS_ADDRESS
CONDUCTS
HAS_POSTAL_CODE
MANDATES
SUMMARIZED
EXPLAINED_BY
EXPLAINED_IN
ADOPTED
COLLECTED
ATTRIBUTE_OF
DEVELOPED_BY
FORMAT_OF
REVIEWED_BY
CONTENT_OF
FINALIZED_BY
AIDED_BY
HAS_WATER_USAGE
SYNERGIZES_WITH
HAS_COEFFICIENT
ALLOCATES
CLASSIFIES_AS
REFINES
HAS_MIN_AREA
SET_WHEN
SEPARATES_FROM
HAS_PROPORTION
ORIENTED_BY
NEGATIVELY_AFFECTS
MAY_RECEIVE
RECOMMENDED_CONNECTION
DISPOSED_SEPARATELY_FROM
NEEDS_PROXIMITY_TO
CAN_CONVERT_TO
VISIBLE_TO
HAS_CONSTRAINT
HAS_RELAXED_REQUIREMENT
SHOULD_BE_LOCATED_IN
MUST_COMPLY_WITH
SHOULD_BE_SEPARATED_FROM
SHOULD_BE_ADJACENT_TO
HAS_DESIGN_METHOD
HAS_TREND
FOLLOWS_ORDER
PLANNED_BY
HAS_FUNCTIONAL_ZONE
HAS_HUMIDITY_WINTER
HAS_DESIGN_CATEGORY
HAS_HUMIDITY_SUMMER
LOCATED_IN_SECTION
HAS_LOAD_GRADE
CAN_BE_LOCATED_IN
HAS_SECTION
PROVIDES_SERVICE
ISOLATED_FROM
SPECIFIC_TO
PREFERABLY_LOCATED_IN
TITLED
IDENTIFIED_BY
PREFERABLY_PART_OF
INSTALLED_BEFORE
TRANSPORTED_WITH
CAN_CAUSE
SUPPLIES_TO
POTENTIALLY_AFFECTS
SOURCE_FOR
STORED_IN
TRANSPORTED_VIA
HAS_PROHIBITION
MENTIONS
HAS_FREQUENCY
AVAILABLE_TO
IS_PROHIBITED_FOR
DESCRIBED_IN
IS_LOCATION_FOR
TITLED
PRINCIPLE_FOR
IS_NOT_LOCATION_FOR
METHOD_FOR
HAS_STANDARD
UTILIZED_IN
HAS_DISADVANTAGE
MAY_PROVIDE
IS_REFERENCED_BY
HAS_FLOW
HAS_RISK
ASSESSES
PREVENTED_BY
DIRECTLY_DISCHARGES_TO
SET_BASED_ON
APPLIES_WHEN
EMITS
IS_STATUS
IS_RECIPIENT_OF
REMOVES
RECOMMENDED_FOR
NOT_RECOMMENDED_FOR
HAS_TREATMENT_OPTION
DISPOSAL_METHOD
APPLIES_TO_CONDITION
LOCATED_AT_PAGE
DIFFERS_IN
CLASSIFIED_AS
HAS_TEMPERATURE_RANGE
USED_UNDER_CONDITION
HAS_NOISE_REQUIREMENT
IS_PROPERTY_OF
HAS_HUMIDITY_RANGE
SHOULD_NOT_DISCHARGE_TO
POTENTIALLY_CAUSES
HAS_OPERATION_MODE
INEFFECTIVE_FOR
HAS_CONFIGURATION
REFERRED_BY
FLOWS_THROUGH
IS_SECTION_OF
HAS_HIGHER_TEMPERATURE_THAN
INSTALLED_IN
SAVES
AUTOMATICALLY_STARTS_WHEN
IS_ECONOMIC
HAS_STATE
IS_EFFECTIVE
RESPONDS_TO
CAN_BE_CONVERTED_TO
EMITTED_FROM
SUPPLIED_TO
EMPHASIZES
DISTRIBUTED_VIA
TREATED_BY
SYNONYM_OF
CONDITIONED_BY
TREATED_BY
USED_WHEN
IS_CODE_OF
HAS_SECTION_NUMBER
HAS_EFFICIENCY
HAS_PAGE_NUMBER
LOCATED_IN_SECTION
PROVIDES_BASIS_FOR
MENTIONED_IN_SECTION
DEFINES_SCOPE_FOR
HAS_FACILITY
QUANTIFIES
PREFERABLY_LOCATED_AT
PREFERABLY_LOCATED_NEAR
PLANNED_BY
ADDED
SUMMARIZED_IN
HAS_SUBJECT
CAN_BE_ARRANGED_AT
DEFINED_AS
SYMBOLIZED_BY
REFERRED_TO_AS
SHARED_BY
TRANSPORTED_TO
CONSIDERED_IN
FOLLOWS_STANDARD
TRANSFERS_TO
IS_PARENT_OF
ILLUSTRATED_IN
HAS_ALIAS
IS_STANDARD
HAS_LOCATION_PREFERENCE
ADDED_IN
TRANSPORT_METHOD
SUPPRESSES
CONDITIONALLY_REQUIRES
PARALLEL_WITH
HAS_HISTORICAL_CONTEXT
SHARES
HAS_PRINCIPLE
POSES_RISK
IN_CONTEXT_OF
HAS_COMPONENT
OPERATES_AS
LIMITS
OCCURS_IN_TIME
CANNOT_PROTECT
POLLUTES
CAN_PROTECT
CAN_PENETRATE
MAINTAINS
CAN_CONTAMINATE
ENFORCES
COMPARES_WITH
IS_LOCATION_FOR
HAS_LIMITATION
IS_TIMING_FOR
PREFERRED_OVER
EXPOSED_TO
RECOMMENDED_OVER
PROTECTED_FROM
IMPOSES
OPERATES_DURING
INADEQUATE_FOR
POSES
NOT_RECOMMENDED_FOR
PREVALENT_IN
SHOULD_MATCH
MANDATORY_IN
CAN
IS_COMPONENT_OF
INEFFECTIVE_FOR
IS_METHOD_OF
CANNOT_PROTECT
INTERACTS_WITH
INCREASES_RISK_OF
PROPERTY_OF
PROHIBITED_WITH
CONTACTS
IS_EFFECTIVE_DATE_OF
COMPATIBLE_WITH
HOSTED_BY
MODIFIED_TO
PRODUCED_BY
HAS_IMPLEMENTATION_DATE
DELIVERS
HAS_EFFECTIVE_DATE
HAS_NUMBER
IS_RESULT_OF
IS_ABOUT
IS_EDITOR_OF
IS_APPROVER_OF
IS_STANDARD_NUMBER_OF
IS_COMPLEX_PROCESS
HAS_ARCHITECTURAL_FORM
IS_FICTIONAL_PROJECT
LOCATED_ON_FLOOR
HAS_POWER_LOAD_GRADE
IS_INCONSPICUOUS
ADDED_IN_1950s
INTRODUCED_IN_1960s
HAS_CHAPTERS
SUGGESTS
HAS_PRINCIPLES
HAS_FEW_PROFESSIONAL_DESIGN_UNITS
IS_LINEAR_CONTINUOUS_PROCESS
NEEDS_TO_IMPROVE
DISTRIBUTED_BY
PRINTED_BY
HAS_WEBSITE
HAS_ADDRESS
HAS_POSTAL_CODE
HAS_PHONE
HAS_PRICE
HAS_FORMAT
HAS_EDITION
HAS_PRINT_RUN
PRINTED
DISTRIBUTED
HAS_ISBN
HAS_PAGE_COUNT
HAS_PAPER_SIZE
HAS_PRINT_DATE
DISTRIBUTES
PRINTS
HAS_LAYER_COUNT
HAS_FEW_SPECIALISTS
HAS_MANDATORY_ARTICLES
IS_LINEAR_PROCESS
EFFECTIVE_UNTIL
ISSUED_BY
COMPLETED_BY
REVIEWED_BY
RECEIVES_FEEDBACK_FOR
MUST
PROVIDES_FEEDBACK_TO
ACCUMULATES
HAS_CHAPTER_COUNT
FOR_FUTURE_REFERENCE_OF
SENT_TO
FORMATTED_AS
SHOULD
PROCESSES_FROM
DERIVES
SYNCHRONIZES_WITH
HAS_PROPORTION
CAN_BE_USED_FOR
SELECTS_SIZE_FROM
POSITIONED_AT
SHOULD_NOT_BE_PLACED_AT
FOLLOWS_ORDER
SPECIFIC_TO
HAS_PROCESS
SHOULD_BE_AWAY_FROM
FILTERS
CONFIGURED_BASED_ON
SUBJECT_TO
EXCLUDES_FROM
HAS_DISPOSAL_METHOD
HAS_DESTINATION
IS_USED_WHEN
CAN_USE
REQUIRES_FILTER_AT
TREATED_IN
HAS_CLASS
ALERTS
DETECTS
AUTOMATICALLY_STARTS_WHEN
OPTIONAL
PROHIBITED_FROM
SHARES_INFORMATION_WITH
SETS_UP
PRODUCED_IN
HAS_CONSUMPTION_RATE
DISPOSED_TO
RECOMMENDED_TO_HAVE
IMPLEMENTED_FROM
CAN_ACCOMMODATE
APPROVED
OBTAINED_FROM
CONDUCTED_BY
COMPLEMENTS
COMPLEMENTED_BY
HAS_WEAKNESS
CAN_FOLLOW
SHOULD_SPECIFY
IS_FOUNDATION_FOR
ENCOMPASSES
COORDINATES
TRANSLATES
DERIVES_FROM
HAS_ISSUE_WITH
CAN_BE_ARRANGED_AS
DELIVERED_BY
VISITS
MAY_REQUIRE
MITIGATES
EXHIBITS
CONDITIONS
SHARES_FUNCTION_WITH
FLOWS_THROUGH
IS_SYNONYM_OF
HAS_SUBDEPARTMENT
ILLUSTRATED_BY
HAS_MORE
HAS_LESS
DOES_NOT_PROVIDE
HAS_DOOR_SIZE
HAS_WINDOW_SIZE
HAS_NET_SIZE
HAS_SPEC
HAS_SAFETY_GRADE
TRANSPORTED_TO
TRANSPORTED_BY
IS_DURATION_OF
REPRODUCES_IN
EXISTS_IN
HAS_LIMITATION
RECOMMENDED_BEFORE
HAS_CONTENT
PREFERRED_OVER
PROPOSES
IS_HIGHER_THAN
WAS_PROPOSED_EARLIER_IN
SHOULD_MATCH
SENSITIVE_TO
CAN_INCREASE
NOT_REQUIRE
CONDITIONAL_ON
APPEARS_ON
PROHIBITS_IN
CARRIES
CANNOT_SATISFY
IS_BASIC_STANDARD
SHOULD_SET
DISPLAYED_IN
DISPLAYED_WHEN
IS_CAUSED_BY
IS_PROTECTED_BY
SHOULD_BE_CONSIDERED_IN
IS_AFFECTED_BY
IS_LOCATION_OF
SEPARATED_FROM
SET_BY
