[KG][d5d2b1c5-641] 开始构建知识图谱
E:\MyPrograms\MediArch_System\data_process\run_api.py:78: DeprecationWarning: 
        on_event is deprecated, use lifespan event handlers instead.

        Read more about it in the
        [FastAPI docs for Lifespan Events](https://fastapi.tiangolo.com/advanced/events/).
        
  @app.on_event("startup")
INFO:     Will watch for changes in these directories: ['E:\\MyPrograms\\MediArch_System']
INFO:     Uvicorn running on http://0.0.0.0:8011 (Press CTRL+C to quit)
INFO:     Started reloader process [21892] using WatchFiles
[KG][d5d2b1c5-641] 开始构建知识图谱
INFO:     Started server process [26308]
INFO:     Waiting for application startup.
INFO:     Application startup complete.
[OK] Loaded schema with 11 label types, 14 relation types
[OK] KGBuilder initialized
  - Neo4j: Entities + Relations
  - Mongo chunks collection: mediarch_chunks
  - Entity fusion suggestions: Enabled
    * ratio>=0.9, max_pairs=50
    * Auto alias links: Enabled
      - min_score>=0.96, min_overlap>=2, max_edges=300
[INFO] Build mode via parameter: incremental
[OK] Loaded 116 concept nodes from Neo4j
[KG][d5d2b1c5-641] ea_recognition:ea_recognition 2/1157 (0%) - Chunk 2 / 1157
[KG][d5d2b1c5-641] ea_recognition:ea_recognition 3/1157 (0%) - Chunk 3 / 1157
[KG][d5d2b1c5-641] ea_recognition:ea_recognition 4/1157 (0%) - Chunk 4 / 1157
[OK] Loaded schema with 11 label types, 14 relation types
[OK] KGBuilder initialized
  - Neo4j: Entities + Relations
  - Mongo chunks collection: mediarch_chunks
  - Entity fusion suggestions: Enabled
    * ratio>=0.9, max_pairs=50
    * Auto alias links: Enabled
      - min_score>=0.96, min_overlap>=2, max_edges=300
[INFO] Build mode via parameter: incremental
[OK] Loaded 116 concept nodes from Neo4j
[KG][d5d2b1c5-641] ea_recognition:ea_recognition 2/1157 (0%) - Chunk 2 / 1157
[KG][d5d2b1c5-641] ea_recognition:ea_recognition 5/1157 (0%) - Chunk 5 / 1157
[KG][d5d2b1c5-641] ea_recognition:ea_recognition 3/1157 (0%) - Chunk 3 / 1157
[KG][d5d2b1c5-641] ea_recognition:ea_recognition 6/1157 (1%) - Chunk 6 / 1157
[KG][d5d2b1c5-641] ea_recognition:ea_recognition 4/1157 (0%) - Chunk 4 / 1157
[KG][d5d2b1c5-641] ea_recognition:ea_recognition 7/1157 (1%) - Chunk 7 / 1157
[KG][d5d2b1c5-641] ea_recognition:ea_recognition 5/1157 (0%) - Chunk 5 / 1157
[KG][d5d2b1c5-641] ea_recognition:ea_recognition 6/1157 (1%) - Chunk 6 / 1157
[KG][d5d2b1c5-641] ea_recognition:ea_recognition 8/1157 (1%) - Chunk 8 / 1157
[KG][d5d2b1c5-641] ea_recognition:ea_recognition 9/1157 (1%) - Chunk 9 / 1157
[KG][d5d2b1c5-641] ea_recognition:ea_recognition 7/1157 (1%) - Chunk 7 / 1157
[KG][d5d2b1c5-641] ea_recognition:ea_recognition 10/1157 (1%) - Chunk 10 / 1157
[KG][d5d2b1c5-641] ea_recognition:ea_recognition 8/1157 (1%) - Chunk 8 / 1157
[KG][d5d2b1c5-641] ea_recognition:ea_recognition 11/1157 (1%) - Chunk 11 / 1157
[KG][d5d2b1c5-641] ea_recognition:ea_recognition 9/1157 (1%) - Chunk 9 / 1157
[KG][d5d2b1c5-641] ea_recognition:ea_recognition 12/1157 (1%) - Chunk 12 / 1157
[KG][d5d2b1c5-641] ea_recognition:ea_recognition 10/1157 (1%) - Chunk 10 / 1157
[KG][d5d2b1c5-641] ea_recognition:ea_recognition 13/1157 (1%) - Chunk 13 / 1157
[KG][d5d2b1c5-641] ea_recognition:ea_recognition 11/1157 (1%) - Chunk 11 / 1157
[KG][d5d2b1c5-641] ea_recognition:ea_recognition 14/1157 (1%) - Chunk 14 / 1157
[KG][d5d2b1c5-641] ea_recognition:ea_recognition 12/1157 (1%) - Chunk 12 / 1157
[KG][d5d2b1c5-641] ea_recognition:ea_recognition 15/1157 (1%) - Chunk 15 / 1157
[KG][d5d2b1c5-641] ea_recognition:ea_recognition 13/1157 (1%) - Chunk 13 / 1157
[KG][d5d2b1c5-641] ea_recognition:ea_recognition 16/1157 (1%) - Chunk 16 / 1157
[KG][d5d2b1c5-641] ea_recognition:ea_recognition 14/1157 (1%) - Chunk 14 / 1157
[KG][d5d2b1c5-641] ea_recognition:ea_recognition 17/1157 (1%) - Chunk 17 / 1157
[KG][d5d2b1c5-641] ea_recognition:ea_recognition 15/1157 (1%) - Chunk 15 / 1157
[KG][d5d2b1c5-641] ea_recognition:ea_recognition 18/1157 (2%) - Chunk 18 / 1157
[KG][d5d2b1c5-641] ea_recognition:ea_recognition 16/1157 (1%) - Chunk 16 / 1157
[KG][d5d2b1c5-641] ea_recognition:ea_recognition 19/1157 (2%) - Chunk 19 / 1157
[KG][d5d2b1c5-641] ea_recognition:ea_recognition 17/1157 (1%) - Chunk 17 / 1157
[KG][d5d2b1c5-641] ea_recognition:ea_recognition 20/1157 (2%) - Chunk 20 / 1157
[KG][d5d2b1c5-641] ea_recognition:ea_recognition 18/1157 (2%) - Chunk 18 / 1157
[KG][d5d2b1c5-641] ea_recognition:ea_recognition 21/1157 (2%) - Chunk 21 / 1157
[KG][d5d2b1c5-641] ea_recognition:ea_recognition 19/1157 (2%) - Chunk 19 / 1157
[KG][d5d2b1c5-641] ea_recognition:ea_recognition 22/1157 (2%) - Chunk 22 / 1157
[KG][d5d2b1c5-641] ea_recognition:ea_recognition 20/1157 (2%) - Chunk 20 / 1157
[KG][d5d2b1c5-641] ea_recognition:ea_recognition 23/1157 (2%) - Chunk 23 / 1157
[KG][d5d2b1c5-641] ea_recognition:ea_recognition 21/1157 (2%) - Chunk 21 / 1157
[KG][d5d2b1c5-641] ea_recognition:ea_recognition 24/1157 (2%) - Chunk 24 / 1157
[KG][d5d2b1c5-641] ea_recognition:ea_recognition 22/1157 (2%) - Chunk 22 / 1157
[KG][d5d2b1c5-641] ea_recognition:ea_recognition 25/1157 (2%) - Chunk 25 / 1157
[KG][d5d2b1c5-641] ea_recognition:ea_recognition 23/1157 (2%) - Chunk 23 / 1157
[KG][d5d2b1c5-641] ea_recognition:ea_recognition 26/1157 (2%) - Chunk 26 / 1157
[KG][d5d2b1c5-641] ea_recognition:ea_recognition 24/1157 (2%) - Chunk 24 / 1157
[KG][d5d2b1c5-641] ea_recognition:ea_recognition 27/1157 (2%) - Chunk 27 / 1157
[KG][d5d2b1c5-641] ea_recognition:ea_recognition 25/1157 (2%) - Chunk 25 / 1157
[KG][d5d2b1c5-641] ea_recognition:ea_recognition 28/1157 (2%) - Chunk 28 / 1157
[KG][d5d2b1c5-641] ea_recognition:ea_recognition 26/1157 (2%) - Chunk 26 / 1157
[KG][d5d2b1c5-641] ea_recognition:ea_recognition 29/1157 (3%) - Chunk 29 / 1157
[KG][d5d2b1c5-641] ea_recognition:ea_recognition 27/1157 (2%) - Chunk 27 / 1157
[KG][d5d2b1c5-641] ea_recognition:ea_recognition 30/1157 (3%) - Chunk 30 / 1157
[KG][d5d2b1c5-641] ea_recognition:ea_recognition 28/1157 (2%) - Chunk 28 / 1157
[KG][d5d2b1c5-641] ea_recognition:ea_recognition 31/1157 (3%) - Chunk 31 / 1157
[KG][d5d2b1c5-641] ea_recognition:ea_recognition 29/1157 (3%) - Chunk 29 / 1157
[KG][d5d2b1c5-641] ea_recognition:ea_recognition 32/1157 (3%) - Chunk 32 / 1157
[KG][d5d2b1c5-641] ea_recognition:ea_recognition 30/1157 (3%) - Chunk 30 / 1157
[KG][d5d2b1c5-641] ea_recognition:ea_recognition 33/1157 (3%) - Chunk 33 / 1157
[KG][d5d2b1c5-641] ea_recognition:ea_recognition 31/1157 (3%) - Chunk 31 / 1157
[KG][d5d2b1c5-641] ea_recognition:ea_recognition 34/1157 (3%) - Chunk 34 / 1157
[KG][d5d2b1c5-641] ea_recognition:ea_recognition 32/1157 (3%) - Chunk 32 / 1157
[KG][d5d2b1c5-641] ea_recognition:ea_recognition 35/1157 (3%) - Chunk 35 / 1157
[KG][d5d2b1c5-641] ea_recognition:ea_recognition 33/1157 (3%) - Chunk 33 / 1157
[KG][d5d2b1c5-641] ea_recognition:ea_recognition 36/1157 (3%) - Chunk 36 / 1157
[KG][d5d2b1c5-641] ea_recognition:ea_recognition 34/1157 (3%) - Chunk 34 / 1157
[KG][d5d2b1c5-641] ea_recognition:ea_recognition 37/1157 (3%) - Chunk 37 / 1157
[KG][d5d2b1c5-641] ea_recognition:ea_recognition 35/1157 (3%) - Chunk 35 / 1157
[KG][d5d2b1c5-641] ea_recognition:ea_recognition 38/1157 (3%) - Chunk 38 / 1157
[KG][d5d2b1c5-641] ea_recognition:ea_recognition 36/1157 (3%) - Chunk 36 / 1157
[KG][d5d2b1c5-641] ea_recognition:ea_recognition 39/1157 (3%) - Chunk 39 / 1157
[KG][d5d2b1c5-641] ea_recognition:ea_recognition 37/1157 (3%) - Chunk 37 / 1157
[KG][d5d2b1c5-641] ea_recognition:ea_recognition 40/1157 (3%) - Chunk 40 / 1157
[KG][d5d2b1c5-641] ea_recognition:ea_recognition 38/1157 (3%) - Chunk 38 / 1157
[KG][d5d2b1c5-641] ea_recognition:ea_recognition 41/1157 (4%) - Chunk 41 / 1157
[KG][d5d2b1c5-641] ea_recognition:ea_recognition 39/1157 (3%) - Chunk 39 / 1157
[KG][d5d2b1c5-641] ea_recognition:ea_recognition 42/1157 (4%) - Chunk 42 / 1157
[KG][d5d2b1c5-641] ea_recognition:ea_recognition 40/1157 (3%) - Chunk 40 / 1157
[KG][d5d2b1c5-641] ea_recognition:ea_recognition 43/1157 (4%) - Chunk 43 / 1157
[KG][d5d2b1c5-641] ea_recognition:ea_recognition 41/1157 (4%) - Chunk 41 / 1157
[KG][d5d2b1c5-641] ea_recognition:ea_recognition 44/1157 (4%) - Chunk 44 / 1157
[KG][d5d2b1c5-641] ea_recognition:ea_recognition 42/1157 (4%) - Chunk 42 / 1157
[KG][d5d2b1c5-641] ea_recognition:ea_recognition 45/1157 (4%) - Chunk 45 / 1157
[KG][d5d2b1c5-641] ea_recognition:ea_recognition 43/1157 (4%) - Chunk 43 / 1157
[KG][d5d2b1c5-641] ea_recognition:ea_recognition 46/1157 (4%) - Chunk 46 / 1157
[KG][d5d2b1c5-641] ea_recognition:ea_recognition 44/1157 (4%) - Chunk 44 / 1157
[KG][d5d2b1c5-641] ea_recognition:ea_recognition 47/1157 (4%) - Chunk 47 / 1157
[KG][d5d2b1c5-641] ea_recognition:ea_recognition 45/1157 (4%) - Chunk 45 / 1157
[KG][d5d2b1c5-641] ea_recognition:ea_recognition 48/1157 (4%) - Chunk 48 / 1157
[KG][d5d2b1c5-641] ea_recognition:ea_recognition 46/1157 (4%) - Chunk 46 / 1157
[KG][d5d2b1c5-641] ea_recognition:ea_recognition 49/1157 (4%) - Chunk 49 / 1157
[KG][d5d2b1c5-641] ea_recognition:ea_recognition 47/1157 (4%) - Chunk 47 / 1157
[KG][d5d2b1c5-641] ea_recognition:ea_recognition 50/1157 (4%) - Chunk 50 / 1157
[KG][d5d2b1c5-641] ea_recognition:ea_recognition 48/1157 (4%) - Chunk 48 / 1157
[KG][d5d2b1c5-641] ea_recognition:ea_recognition 51/1157 (4%) - Chunk 51 / 1157
[KG][d5d2b1c5-641] ea_recognition:ea_recognition 49/1157 (4%) - Chunk 49 / 1157
[KG][d5d2b1c5-641] ea_recognition:ea_recognition 52/1157 (4%) - Chunk 52 / 1157
[KG][d5d2b1c5-641] ea_recognition:ea_recognition 50/1157 (4%) - Chunk 50 / 1157
[KG][d5d2b1c5-641] ea_recognition:ea_recognition 53/1157 (5%) - Chunk 53 / 1157
[KG][d5d2b1c5-641] ea_recognition:ea_recognition 51/1157 (4%) - Chunk 51 / 1157
[KG][d5d2b1c5-641] ea_recognition:ea_recognition 54/1157 (5%) - Chunk 54 / 1157
[KG][d5d2b1c5-641] ea_recognition:ea_recognition 52/1157 (4%) - Chunk 52 / 1157
[KG][d5d2b1c5-641] ea_recognition:ea_recognition 55/1157 (5%) - Chunk 55 / 1157
[KG][d5d2b1c5-641] ea_recognition:ea_recognition 53/1157 (5%) - Chunk 53 / 1157
[KG][d5d2b1c5-641] ea_recognition:ea_recognition 56/1157 (5%) - Chunk 56 / 1157
[KG][d5d2b1c5-641] ea_recognition:ea_recognition 54/1157 (5%) - Chunk 54 / 1157
[KG][d5d2b1c5-641] ea_recognition:ea_recognition 57/1157 (5%) - Chunk 57 / 1157
[KG][d5d2b1c5-641] ea_recognition:ea_recognition 55/1157 (5%) - Chunk 55 / 1157
[KG][d5d2b1c5-641] ea_recognition:ea_recognition 58/1157 (5%) - Chunk 58 / 1157
[KG][d5d2b1c5-641] ea_recognition:ea_recognition 56/1157 (5%) - Chunk 56 / 1157
[KG][d5d2b1c5-641] ea_recognition:ea_recognition 59/1157 (5%) - Chunk 59 / 1157
[KG][d5d2b1c5-641] ea_recognition:ea_recognition 57/1157 (5%) - Chunk 57 / 1157
[KG][d5d2b1c5-641] ea_recognition:ea_recognition 60/1157 (5%) - Chunk 60 / 1157
[KG][d5d2b1c5-641] ea_recognition:ea_recognition 58/1157 (5%) - Chunk 58 / 1157
[KG][d5d2b1c5-641] ea_recognition:ea_recognition 61/1157 (5%) - Chunk 61 / 1157
[KG][d5d2b1c5-641] ea_recognition:ea_recognition 59/1157 (5%) - Chunk 59 / 1157
[KG][d5d2b1c5-641] ea_recognition:ea_recognition 62/1157 (5%) - Chunk 62 / 1157
[KG][d5d2b1c5-641] ea_recognition:ea_recognition 60/1157 (5%) - Chunk 60 / 1157
[KG][d5d2b1c5-641] ea_recognition:ea_recognition 63/1157 (5%) - Chunk 63 / 1157
[KG][d5d2b1c5-641] ea_recognition:ea_recognition 64/1157 (6%) - Chunk 64 / 1157
[KG][d5d2b1c5-641] ea_recognition:ea_recognition 61/1157 (5%) - Chunk 61 / 1157
[KG][d5d2b1c5-641] ea_recognition:ea_recognition 65/1157 (6%) - Chunk 65 / 1157
[KG][d5d2b1c5-641] ea_recognition:ea_recognition 62/1157 (5%) - Chunk 62 / 1157
[KG][d5d2b1c5-641] ea_recognition:ea_recognition 66/1157 (6%) - Chunk 66 / 1157
[KG][d5d2b1c5-641] ea_recognition:ea_recognition 63/1157 (5%) - Chunk 63 / 1157
[KG][d5d2b1c5-641] ea_recognition:ea_recognition 67/1157 (6%) - Chunk 67 / 1157
[KG][d5d2b1c5-641] ea_recognition:ea_recognition 64/1157 (6%) - Chunk 64 / 1157
[KG][d5d2b1c5-641] ea_recognition:ea_recognition 68/1157 (6%) - Chunk 68 / 1157
[KG][d5d2b1c5-641] ea_recognition:ea_recognition 65/1157 (6%) - Chunk 65 / 1157
[KG][d5d2b1c5-641] ea_recognition:ea_recognition 69/1157 (6%) - Chunk 69 / 1157
[KG][d5d2b1c5-641] ea_recognition:ea_recognition 66/1157 (6%) - Chunk 66 / 1157
[KG][d5d2b1c5-641] ea_recognition:ea_recognition 70/1157 (6%) - Chunk 70 / 1157
[KG][d5d2b1c5-641] ea_recognition:ea_recognition 67/1157 (6%) - Chunk 67 / 1157
[KG][d5d2b1c5-641] ea_recognition:ea_recognition 71/1157 (6%) - Chunk 71 / 1157
[KG][d5d2b1c5-641] ea_recognition:ea_recognition 68/1157 (6%) - Chunk 68 / 1157
[KG][d5d2b1c5-641] ea_recognition:ea_recognition 72/1157 (6%) - Chunk 72 / 1157
[KG][d5d2b1c5-641] ea_recognition:ea_recognition 69/1157 (6%) - Chunk 69 / 1157
[KG][d5d2b1c5-641] ea_recognition:ea_recognition 73/1157 (6%) - Chunk 73 / 1157
[KG][d5d2b1c5-641] ea_recognition:ea_recognition 70/1157 (6%) - Chunk 70 / 1157
[KG][d5d2b1c5-641] ea_recognition:ea_recognition 74/1157 (6%) - Chunk 74 / 1157
[KG][d5d2b1c5-641] ea_recognition:ea_recognition 71/1157 (6%) - Chunk 71 / 1157
[KG][d5d2b1c5-641] ea_recognition:ea_recognition 75/1157 (6%) - Chunk 75 / 1157
[KG][d5d2b1c5-641] ea_recognition:ea_recognition 72/1157 (6%) - Chunk 72 / 1157
[KG][d5d2b1c5-641] ea_recognition:ea_recognition 76/1157 (7%) - Chunk 76 / 1157
[KG][d5d2b1c5-641] ea_recognition:ea_recognition 73/1157 (6%) - Chunk 73 / 1157
[KG][d5d2b1c5-641] ea_recognition:ea_recognition 77/1157 (7%) - Chunk 77 / 1157
[KG][d5d2b1c5-641] ea_recognition:ea_recognition 74/1157 (6%) - Chunk 74 / 1157
[KG][d5d2b1c5-641] ea_recognition:ea_recognition 78/1157 (7%) - Chunk 78 / 1157
[KG][d5d2b1c5-641] ea_recognition:ea_recognition 75/1157 (6%) - Chunk 75 / 1157
[KG][d5d2b1c5-641] ea_recognition:ea_recognition 79/1157 (7%) - Chunk 79 / 1157
[KG][d5d2b1c5-641] ea_recognition:ea_recognition 76/1157 (7%) - Chunk 76 / 1157
[KG][d5d2b1c5-641] ea_recognition:ea_recognition 80/1157 (7%) - Chunk 80 / 1157
[KG][d5d2b1c5-641] ea_recognition:ea_recognition 77/1157 (7%) - Chunk 77 / 1157
[KG][d5d2b1c5-641] ea_recognition:ea_recognition 81/1157 (7%) - Chunk 81 / 1157
[KG][d5d2b1c5-641] ea_recognition:ea_recognition 78/1157 (7%) - Chunk 78 / 1157
[KG][d5d2b1c5-641] ea_recognition:ea_recognition 82/1157 (7%) - Chunk 82 / 1157
[KG][d5d2b1c5-641] ea_recognition:ea_recognition 79/1157 (7%) - Chunk 79 / 1157
[KG][d5d2b1c5-641] ea_recognition:ea_recognition 83/1157 (7%) - Chunk 83 / 1157
[KG][d5d2b1c5-641] ea_recognition:ea_recognition 80/1157 (7%) - Chunk 80 / 1157
[KG][d5d2b1c5-641] ea_recognition:ea_recognition 84/1157 (7%) - Chunk 84 / 1157
[KG][d5d2b1c5-641] ea_recognition:ea_recognition 81/1157 (7%) - Chunk 81 / 1157
[KG][d5d2b1c5-641] ea_recognition:ea_recognition 85/1157 (7%) - Chunk 85 / 1157
[KG][d5d2b1c5-641] ea_recognition:ea_recognition 82/1157 (7%) - Chunk 82 / 1157
[KG][d5d2b1c5-641] ea_recognition:ea_recognition 86/1157 (7%) - Chunk 86 / 1157
[KG][d5d2b1c5-641] ea_recognition:ea_recognition 83/1157 (7%) - Chunk 83 / 1157
[KG][d5d2b1c5-641] ea_recognition:ea_recognition 87/1157 (8%) - Chunk 87 / 1157
[KG][d5d2b1c5-641] ea_recognition:ea_recognition 84/1157 (7%) - Chunk 84 / 1157
[KG][d5d2b1c5-641] ea_recognition:ea_recognition 88/1157 (8%) - Chunk 88 / 1157
[KG][d5d2b1c5-641] ea_recognition:ea_recognition 85/1157 (7%) - Chunk 85 / 1157
[KG][d5d2b1c5-641] ea_recognition:ea_recognition 89/1157 (8%) - Chunk 89 / 1157
[KG][d5d2b1c5-641] ea_recognition:ea_recognition 86/1157 (7%) - Chunk 86 / 1157
[KG][d5d2b1c5-641] ea_recognition:ea_recognition 90/1157 (8%) - Chunk 90 / 1157
[KG][d5d2b1c5-641] ea_recognition:ea_recognition 87/1157 (8%) - Chunk 87 / 1157
[KG][d5d2b1c5-641] ea_recognition:ea_recognition 91/1157 (8%) - Chunk 91 / 1157
[KG][d5d2b1c5-641] ea_recognition:ea_recognition 88/1157 (8%) - Chunk 88 / 1157
[KG][d5d2b1c5-641] ea_recognition:ea_recognition 92/1157 (8%) - Chunk 92 / 1157
[KG][d5d2b1c5-641] ea_recognition:ea_recognition 89/1157 (8%) - Chunk 89 / 1157
[KG][d5d2b1c5-641] ea_recognition:ea_recognition 93/1157 (8%) - Chunk 93 / 1157
[KG][d5d2b1c5-641] ea_recognition:ea_recognition 90/1157 (8%) - Chunk 90 / 1157
[KG][d5d2b1c5-641] ea_recognition:ea_recognition 94/1157 (8%) - Chunk 94 / 1157
[KG][d5d2b1c5-641] ea_recognition:ea_recognition 91/1157 (8%) - Chunk 91 / 1157
[KG][d5d2b1c5-641] ea_recognition:ea_recognition 95/1157 (8%) - Chunk 95 / 1157
[KG][d5d2b1c5-641] ea_recognition:ea_recognition 92/1157 (8%) - Chunk 92 / 1157
[KG][d5d2b1c5-641] ea_recognition:ea_recognition 96/1157 (8%) - Chunk 96 / 1157
[KG][d5d2b1c5-641] ea_recognition:ea_recognition 93/1157 (8%) - Chunk 93 / 1157
[KG][d5d2b1c5-641] ea_recognition:ea_recognition 97/1157 (8%) - Chunk 97 / 1157
[KG][d5d2b1c5-641] ea_recognition:ea_recognition 94/1157 (8%) - Chunk 94 / 1157
[KG][d5d2b1c5-641] ea_recognition:ea_recognition 98/1157 (8%) - Chunk 98 / 1157
[KG][d5d2b1c5-641] ea_recognition:ea_recognition 95/1157 (8%) - Chunk 95 / 1157
[KG][d5d2b1c5-641] ea_recognition:ea_recognition 99/1157 (9%) - Chunk 99 / 1157
[KG][d5d2b1c5-641] ea_recognition:ea_recognition 96/1157 (8%) - Chunk 96 / 1157
[KG][d5d2b1c5-641] ea_recognition:ea_recognition 100/1157 (9%) - Chunk 100 / 1157
[KG][d5d2b1c5-641] ea_recognition:ea_recognition 97/1157 (8%) - Chunk 97 / 1157
[KG][d5d2b1c5-641] ea_recognition:ea_recognition 101/1157 (9%) - Chunk 101 / 1157
[KG][d5d2b1c5-641] ea_recognition:ea_recognition 98/1157 (8%) - Chunk 98 / 1157
[KG][d5d2b1c5-641] ea_recognition:ea_recognition 102/1157 (9%) - Chunk 102 / 1157
[KG][d5d2b1c5-641] ea_recognition:ea_recognition 99/1157 (9%) - Chunk 99 / 1157
[KG][d5d2b1c5-641] ea_recognition:ea_recognition 103/1157 (9%) - Chunk 103 / 1157
[KG][d5d2b1c5-641] ea_recognition:ea_recognition 100/1157 (9%) - Chunk 100 / 1157
[KG][d5d2b1c5-641] ea_recognition:ea_recognition 104/1157 (9%) - Chunk 104 / 1157
[KG][d5d2b1c5-641] ea_recognition:ea_recognition 101/1157 (9%) - Chunk 101 / 1157
[KG][d5d2b1c5-641] ea_recognition:ea_recognition 105/1157 (9%) - Chunk 105 / 1157
[KG][d5d2b1c5-641] ea_recognition:ea_recognition 102/1157 (9%) - Chunk 102 / 1157
[KG][d5d2b1c5-641] ea_recognition:ea_recognition 106/1157 (9%) - Chunk 106 / 1157
[KG][d5d2b1c5-641] ea_recognition:ea_recognition 103/1157 (9%) - Chunk 103 / 1157
[KG][d5d2b1c5-641] ea_recognition:ea_recognition 107/1157 (9%) - Chunk 107 / 1157
[KG][d5d2b1c5-641] ea_recognition:ea_recognition 104/1157 (9%) - Chunk 104 / 1157
[KG][d5d2b1c5-641] ea_recognition:ea_recognition 108/1157 (9%) - Chunk 108 / 1157
[KG][d5d2b1c5-641] ea_recognition:ea_recognition 105/1157 (9%) - Chunk 105 / 1157
[KG][d5d2b1c5-641] ea_recognition:ea_recognition 109/1157 (9%) - Chunk 109 / 1157
[KG][d5d2b1c5-641] ea_recognition:ea_recognition 106/1157 (9%) - Chunk 106 / 1157
[KG][d5d2b1c5-641] ea_recognition:ea_recognition 110/1157 (10%) - Chunk 110 / 1157
[KG][d5d2b1c5-641] ea_recognition:ea_recognition 107/1157 (9%) - Chunk 107 / 1157
[KG][d5d2b1c5-641] ea_recognition:ea_recognition 111/1157 (10%) - Chunk 111 / 1157
[KG][d5d2b1c5-641] ea_recognition:ea_recognition 108/1157 (9%) - Chunk 108 / 1157
[KG][d5d2b1c5-641] ea_recognition:ea_recognition 112/1157 (10%) - Chunk 112 / 1157
[KG][d5d2b1c5-641] ea_recognition:ea_recognition 109/1157 (9%) - Chunk 109 / 1157
[KG][d5d2b1c5-641] ea_recognition:ea_recognition 113/1157 (10%) - Chunk 113 / 1157
[KG][d5d2b1c5-641] ea_recognition:ea_recognition 110/1157 (10%) - Chunk 110 / 1157
[KG][d5d2b1c5-641] ea_recognition:ea_recognition 114/1157 (10%) - Chunk 114 / 1157
[KG][d5d2b1c5-641] ea_recognition:ea_recognition 111/1157 (10%) - Chunk 111 / 1157
[KG][d5d2b1c5-641] ea_recognition:ea_recognition 115/1157 (10%) - Chunk 115 / 1157
[KG][d5d2b1c5-641] ea_recognition:ea_recognition 112/1157 (10%) - Chunk 112 / 1157
[KG][d5d2b1c5-641] ea_recognition:ea_recognition 116/1157 (10%) - Chunk 116 / 1157
[KG][d5d2b1c5-641] ea_recognition:ea_recognition 113/1157 (10%) - Chunk 113 / 1157
[KG][d5d2b1c5-641] ea_recognition:ea_recognition 117/1157 (10%) - Chunk 117 / 1157
[KG][d5d2b1c5-641] ea_recognition:ea_recognition 114/1157 (10%) - Chunk 114 / 1157
[KG][d5d2b1c5-641] ea_recognition:ea_recognition 118/1157 (10%) - Chunk 118 / 1157
[KG][d5d2b1c5-641] ea_recognition:ea_recognition 115/1157 (10%) - Chunk 115 / 1157
[KG][d5d2b1c5-641] ea_recognition:ea_recognition 119/1157 (10%) - Chunk 119 / 1157
[KG][d5d2b1c5-641] ea_recognition:ea_recognition 116/1157 (10%) - Chunk 116 / 1157
[KG][d5d2b1c5-641] ea_recognition:ea_recognition 120/1157 (10%) - Chunk 120 / 1157
[KG][d5d2b1c5-641] ea_recognition:ea_recognition 117/1157 (10%) - Chunk 117 / 1157
[KG][d5d2b1c5-641] ea_recognition:ea_recognition 121/1157 (10%) - Chunk 121 / 1157
[KG][d5d2b1c5-641] ea_recognition:ea_recognition 118/1157 (10%) - Chunk 118 / 1157
[KG][d5d2b1c5-641] ea_recognition:ea_recognition 122/1157 (11%) - Chunk 122 / 1157
[KG][d5d2b1c5-641] ea_recognition:ea_recognition 119/1157 (10%) - Chunk 119 / 1157
[KG][d5d2b1c5-641] ea_recognition:ea_recognition 123/1157 (11%) - Chunk 123 / 1157
[KG][d5d2b1c5-641] ea_recognition:ea_recognition 120/1157 (10%) - Chunk 120 / 1157
[KG][d5d2b1c5-641] ea_recognition:ea_recognition 124/1157 (11%) - Chunk 124 / 1157
[KG][d5d2b1c5-641] ea_recognition:ea_recognition 121/1157 (10%) - Chunk 121 / 1157
[KG][d5d2b1c5-641] ea_recognition:ea_recognition 125/1157 (11%) - Chunk 125 / 1157
[KG][d5d2b1c5-641] ea_recognition:ea_recognition 122/1157 (11%) - Chunk 122 / 1157
[KG][d5d2b1c5-641] ea_recognition:ea_recognition 126/1157 (11%) - Chunk 126 / 1157
[KG][d5d2b1c5-641] ea_recognition:ea_recognition 123/1157 (11%) - Chunk 123 / 1157
[KG][d5d2b1c5-641] ea_recognition:ea_recognition 127/1157 (11%) - Chunk 127 / 1157
[KG][d5d2b1c5-641] ea_recognition:ea_recognition 124/1157 (11%) - Chunk 124 / 1157
[KG][d5d2b1c5-641] ea_recognition:ea_recognition 128/1157 (11%) - Chunk 128 / 1157
[KG][d5d2b1c5-641] ea_recognition:ea_recognition 125/1157 (11%) - Chunk 125 / 1157
[KG][d5d2b1c5-641] ea_recognition:ea_recognition 129/1157 (11%) - Chunk 129 / 1157
[KG][d5d2b1c5-641] ea_recognition:ea_recognition 126/1157 (11%) - Chunk 126 / 1157
[KG][d5d2b1c5-641] ea_recognition:ea_recognition 130/1157 (11%) - Chunk 130 / 1157
[KG][d5d2b1c5-641] ea_recognition:ea_recognition 127/1157 (11%) - Chunk 127 / 1157
[KG][d5d2b1c5-641] ea_recognition:ea_recognition 131/1157 (11%) - Chunk 131 / 1157
[KG][d5d2b1c5-641] ea_recognition:ea_recognition 128/1157 (11%) - Chunk 128 / 1157
[KG][d5d2b1c5-641] ea_recognition:ea_recognition 132/1157 (11%) - Chunk 132 / 1157
[KG][d5d2b1c5-641] ea_recognition:ea_recognition 129/1157 (11%) - Chunk 129 / 1157
[KG][d5d2b1c5-641] ea_recognition:ea_recognition 133/1157 (11%) - Chunk 133 / 1157
[KG][d5d2b1c5-641] ea_recognition:ea_recognition 130/1157 (11%) - Chunk 130 / 1157
[KG][d5d2b1c5-641] ea_recognition:ea_recognition 134/1157 (12%) - Chunk 134 / 1157
[KG][d5d2b1c5-641] ea_recognition:ea_recognition 131/1157 (11%) - Chunk 131 / 1157
[KG][d5d2b1c5-641] ea_recognition:ea_recognition 135/1157 (12%) - Chunk 135 / 1157
[KG][d5d2b1c5-641] ea_recognition:ea_recognition 132/1157 (11%) - Chunk 132 / 1157
[KG][d5d2b1c5-641] ea_recognition:ea_recognition 136/1157 (12%) - Chunk 136 / 1157
[KG][d5d2b1c5-641] ea_recognition:ea_recognition 133/1157 (11%) - Chunk 133 / 1157
[KG][d5d2b1c5-641] ea_recognition:ea_recognition 137/1157 (12%) - Chunk 137 / 1157
[KG][d5d2b1c5-641] ea_recognition:ea_recognition 134/1157 (12%) - Chunk 134 / 1157
[KG][d5d2b1c5-641] ea_recognition:ea_recognition 138/1157 (12%) - Chunk 138 / 1157
[KG][d5d2b1c5-641] ea_recognition:ea_recognition 135/1157 (12%) - Chunk 135 / 1157
[KG][d5d2b1c5-641] ea_recognition:ea_recognition 139/1157 (12%) - Chunk 139 / 1157
[KG][d5d2b1c5-641] ea_recognition:ea_recognition 136/1157 (12%) - Chunk 136 / 1157
[KG][d5d2b1c5-641] ea_recognition:ea_recognition 140/1157 (12%) - Chunk 140 / 1157
[KG][d5d2b1c5-641] ea_recognition:ea_recognition 137/1157 (12%) - Chunk 137 / 1157
[KG][d5d2b1c5-641] ea_recognition:ea_recognition 141/1157 (12%) - Chunk 141 / 1157
[KG][d5d2b1c5-641] ea_recognition:ea_recognition 138/1157 (12%) - Chunk 138 / 1157
[KG][d5d2b1c5-641] ea_recognition:ea_recognition 142/1157 (12%) - Chunk 142 / 1157
[KG][d5d2b1c5-641] ea_recognition:ea_recognition 139/1157 (12%) - Chunk 139 / 1157
[KG][d5d2b1c5-641] ea_recognition:ea_recognition 143/1157 (12%) - Chunk 143 / 1157
[KG][d5d2b1c5-641] ea_recognition:ea_recognition 140/1157 (12%) - Chunk 140 / 1157
[KG][d5d2b1c5-641] ea_recognition:ea_recognition 144/1157 (12%) - Chunk 144 / 1157
[KG][d5d2b1c5-641] ea_recognition:ea_recognition 141/1157 (12%) - Chunk 141 / 1157
[KG][d5d2b1c5-641] ea_recognition:ea_recognition 145/1157 (13%) - Chunk 145 / 1157
[KG][d5d2b1c5-641] ea_recognition:ea_recognition 142/1157 (12%) - Chunk 142 / 1157
[KG][d5d2b1c5-641] ea_recognition:ea_recognition 146/1157 (13%) - Chunk 146 / 1157
[KG][d5d2b1c5-641] ea_recognition:ea_recognition 143/1157 (12%) - Chunk 143 / 1157
[KG][d5d2b1c5-641] ea_recognition:ea_recognition 147/1157 (13%) - Chunk 147 / 1157
[KG][d5d2b1c5-641] ea_recognition:ea_recognition 144/1157 (12%) - Chunk 144 / 1157
[KG][d5d2b1c5-641] ea_recognition:ea_recognition 148/1157 (13%) - Chunk 148 / 1157
[KG][d5d2b1c5-641] ea_recognition:ea_recognition 145/1157 (13%) - Chunk 145 / 1157
[KG][d5d2b1c5-641] ea_recognition:ea_recognition 149/1157 (13%) - Chunk 149 / 1157
[KG][d5d2b1c5-641] ea_recognition:ea_recognition 146/1157 (13%) - Chunk 146 / 1157
[KG][d5d2b1c5-641] ea_recognition:ea_recognition 150/1157 (13%) - Chunk 150 / 1157
[KG][d5d2b1c5-641] ea_recognition:ea_recognition 147/1157 (13%) - Chunk 147 / 1157
[KG][d5d2b1c5-641] ea_recognition:ea_recognition 151/1157 (13%) - Chunk 151 / 1157
[KG][d5d2b1c5-641] ea_recognition:ea_recognition 148/1157 (13%) - Chunk 148 / 1157
[KG][d5d2b1c5-641] ea_recognition:ea_recognition 152/1157 (13%) - Chunk 152 / 1157
[KG][d5d2b1c5-641] ea_recognition:ea_recognition 149/1157 (13%) - Chunk 149 / 1157
[KG][d5d2b1c5-641] ea_recognition:ea_recognition 153/1157 (13%) - Chunk 153 / 1157
[KG][d5d2b1c5-641] ea_recognition:ea_recognition 150/1157 (13%) - Chunk 150 / 1157
[KG][d5d2b1c5-641] ea_recognition:ea_recognition 154/1157 (13%) - Chunk 154 / 1157
[KG][d5d2b1c5-641] ea_recognition:ea_recognition 151/1157 (13%) - Chunk 151 / 1157
[KG][d5d2b1c5-641] ea_recognition:ea_recognition 155/1157 (13%) - Chunk 155 / 1157
[KG][d5d2b1c5-641] ea_recognition:ea_recognition 152/1157 (13%) - Chunk 152 / 1157
[KG][d5d2b1c5-641] ea_recognition:ea_recognition 156/1157 (13%) - Chunk 156 / 1157
[KG][d5d2b1c5-641] ea_recognition:ea_recognition 153/1157 (13%) - Chunk 153 / 1157
[KG][d5d2b1c5-641] ea_recognition:ea_recognition 157/1157 (14%) - Chunk 157 / 1157
[KG][d5d2b1c5-641] ea_recognition:ea_recognition 154/1157 (13%) - Chunk 154 / 1157
[KG][d5d2b1c5-641] ea_recognition:ea_recognition 158/1157 (14%) - Chunk 158 / 1157
[KG][d5d2b1c5-641] ea_recognition:ea_recognition 155/1157 (13%) - Chunk 155 / 1157
[KG][d5d2b1c5-641] ea_recognition:ea_recognition 159/1157 (14%) - Chunk 159 / 1157
[KG][d5d2b1c5-641] ea_recognition:ea_recognition 156/1157 (13%) - Chunk 156 / 1157
[KG][d5d2b1c5-641] ea_recognition:ea_recognition 160/1157 (14%) - Chunk 160 / 1157
[KG][d5d2b1c5-641] ea_recognition:ea_recognition 157/1157 (14%) - Chunk 157 / 1157
[KG][d5d2b1c5-641] ea_recognition:ea_recognition 161/1157 (14%) - Chunk 161 / 1157
[KG][d5d2b1c5-641] ea_recognition:ea_recognition 158/1157 (14%) - Chunk 158 / 1157
[KG][d5d2b1c5-641] ea_recognition:ea_recognition 162/1157 (14%) - Chunk 162 / 1157
[KG][d5d2b1c5-641] ea_recognition:ea_recognition 159/1157 (14%) - Chunk 159 / 1157
[KG][d5d2b1c5-641] ea_recognition:ea_recognition 163/1157 (14%) - Chunk 163 / 1157
[KG][d5d2b1c5-641] ea_recognition:ea_recognition 160/1157 (14%) - Chunk 160 / 1157
[KG][d5d2b1c5-641] ea_recognition:ea_recognition 164/1157 (14%) - Chunk 164 / 1157
[KG][d5d2b1c5-641] ea_recognition:ea_recognition 161/1157 (14%) - Chunk 161 / 1157
[KG][d5d2b1c5-641] ea_recognition:ea_recognition 165/1157 (14%) - Chunk 165 / 1157
[KG][d5d2b1c5-641] ea_recognition:ea_recognition 162/1157 (14%) - Chunk 162 / 1157
[KG][d5d2b1c5-641] ea_recognition:ea_recognition 166/1157 (14%) - Chunk 166 / 1157
[KG][d5d2b1c5-641] ea_recognition:ea_recognition 163/1157 (14%) - Chunk 163 / 1157
[KG][d5d2b1c5-641] ea_recognition:ea_recognition 167/1157 (14%) - Chunk 167 / 1157
[KG][d5d2b1c5-641] ea_recognition:ea_recognition 164/1157 (14%) - Chunk 164 / 1157
[KG][d5d2b1c5-641] ea_recognition:ea_recognition 168/1157 (15%) - Chunk 168 / 1157
[KG][d5d2b1c5-641] ea_recognition:ea_recognition 165/1157 (14%) - Chunk 165 / 1157
[KG][d5d2b1c5-641] ea_recognition:ea_recognition 169/1157 (15%) - Chunk 169 / 1157
[KG][d5d2b1c5-641] ea_recognition:ea_recognition 166/1157 (14%) - Chunk 166 / 1157
[KG][d5d2b1c5-641] ea_recognition:ea_recognition 170/1157 (15%) - Chunk 170 / 1157
[KG][d5d2b1c5-641] ea_recognition:ea_recognition 167/1157 (14%) - Chunk 167 / 1157
[KG][d5d2b1c5-641] ea_recognition:ea_recognition 171/1157 (15%) - Chunk 171 / 1157
[KG][d5d2b1c5-641] ea_recognition:ea_recognition 168/1157 (15%) - Chunk 168 / 1157
[KG][d5d2b1c5-641] ea_recognition:ea_recognition 172/1157 (15%) - Chunk 172 / 1157
[KG][d5d2b1c5-641] ea_recognition:ea_recognition 169/1157 (15%) - Chunk 169 / 1157
[KG][d5d2b1c5-641] ea_recognition:ea_recognition 173/1157 (15%) - Chunk 173 / 1157
[KG][d5d2b1c5-641] ea_recognition:ea_recognition 170/1157 (15%) - Chunk 170 / 1157
[KG][d5d2b1c5-641] ea_recognition:ea_recognition 174/1157 (15%) - Chunk 174 / 1157
[KG][d5d2b1c5-641] ea_recognition:ea_recognition 171/1157 (15%) - Chunk 171 / 1157
[KG][d5d2b1c5-641] ea_recognition:ea_recognition 175/1157 (15%) - Chunk 175 / 1157
[KG][d5d2b1c5-641] ea_recognition:ea_recognition 172/1157 (15%) - Chunk 172 / 1157
[KG][d5d2b1c5-641] ea_recognition:ea_recognition 176/1157 (15%) - Chunk 176 / 1157
[KG][d5d2b1c5-641] ea_recognition:ea_recognition 173/1157 (15%) - Chunk 173 / 1157
[KG][d5d2b1c5-641] ea_recognition:ea_recognition 177/1157 (15%) - Chunk 177 / 1157
[KG][d5d2b1c5-641] ea_recognition:ea_recognition 174/1157 (15%) - Chunk 174 / 1157
[KG][d5d2b1c5-641] ea_recognition:ea_recognition 178/1157 (15%) - Chunk 178 / 1157
[KG][d5d2b1c5-641] ea_recognition:ea_recognition 175/1157 (15%) - Chunk 175 / 1157
[KG][d5d2b1c5-641] ea_recognition:ea_recognition 179/1157 (15%) - Chunk 179 / 1157
[KG][d5d2b1c5-641] ea_recognition:ea_recognition 176/1157 (15%) - Chunk 176 / 1157
[KG][d5d2b1c5-641] ea_recognition:ea_recognition 180/1157 (16%) - Chunk 180 / 1157
[KG][d5d2b1c5-641] ea_recognition:ea_recognition 177/1157 (15%) - Chunk 177 / 1157
[KG][d5d2b1c5-641] ea_recognition:ea_recognition 181/1157 (16%) - Chunk 181 / 1157
[KG][d5d2b1c5-641] ea_recognition:ea_recognition 178/1157 (15%) - Chunk 178 / 1157
[KG][d5d2b1c5-641] ea_recognition:ea_recognition 182/1157 (16%) - Chunk 182 / 1157
[KG][d5d2b1c5-641] ea_recognition:ea_recognition 179/1157 (15%) - Chunk 179 / 1157
[KG][d5d2b1c5-641] ea_recognition:ea_recognition 183/1157 (16%) - Chunk 183 / 1157
[KG][d5d2b1c5-641] ea_recognition:ea_recognition 180/1157 (16%) - Chunk 180 / 1157
[KG][d5d2b1c5-641] ea_recognition:ea_recognition 184/1157 (16%) - Chunk 184 / 1157
[KG][d5d2b1c5-641] ea_recognition:ea_recognition 181/1157 (16%) - Chunk 181 / 1157
[KG][d5d2b1c5-641] ea_recognition:ea_recognition 185/1157 (16%) - Chunk 185 / 1157
[KG][d5d2b1c5-641] ea_recognition:ea_recognition 182/1157 (16%) - Chunk 182 / 1157
[KG][d5d2b1c5-641] ea_recognition:ea_recognition 186/1157 (16%) - Chunk 186 / 1157
[KG][d5d2b1c5-641] ea_recognition:ea_recognition 183/1157 (16%) - Chunk 183 / 1157
[KG][d5d2b1c5-641] ea_recognition:ea_recognition 187/1157 (16%) - Chunk 187 / 1157
[KG][d5d2b1c5-641] ea_recognition:ea_recognition 184/1157 (16%) - Chunk 184 / 1157
[KG][d5d2b1c5-641] ea_recognition:ea_recognition 188/1157 (16%) - Chunk 188 / 1157
[KG][d5d2b1c5-641] ea_recognition:ea_recognition 185/1157 (16%) - Chunk 185 / 1157
[KG][d5d2b1c5-641] ea_recognition:ea_recognition 189/1157 (16%) - Chunk 189 / 1157
[KG][d5d2b1c5-641] ea_recognition:ea_recognition 186/1157 (16%) - Chunk 186 / 1157
[KG][d5d2b1c5-641] ea_recognition:ea_recognition 190/1157 (16%) - Chunk 190 / 1157
[KG][d5d2b1c5-641] ea_recognition:ea_recognition 187/1157 (16%) - Chunk 187 / 1157
[KG][d5d2b1c5-641] ea_recognition:ea_recognition 191/1157 (17%) - Chunk 191 / 1157
[KG][d5d2b1c5-641] ea_recognition:ea_recognition 188/1157 (16%) - Chunk 188 / 1157
[KG][d5d2b1c5-641] ea_recognition:ea_recognition 192/1157 (17%) - Chunk 192 / 1157
[KG][d5d2b1c5-641] ea_recognition:ea_recognition 189/1157 (16%) - Chunk 189 / 1157
[KG][d5d2b1c5-641] ea_recognition:ea_recognition 193/1157 (17%) - Chunk 193 / 1157
[KG][d5d2b1c5-641] ea_recognition:ea_recognition 190/1157 (16%) - Chunk 190 / 1157
[KG][d5d2b1c5-641] ea_recognition:ea_recognition 194/1157 (17%) - Chunk 194 / 1157
[KG][d5d2b1c5-641] ea_recognition:ea_recognition 191/1157 (17%) - Chunk 191 / 1157
[KG][d5d2b1c5-641] ea_recognition:ea_recognition 195/1157 (17%) - Chunk 195 / 1157
[KG][d5d2b1c5-641] ea_recognition:ea_recognition 192/1157 (17%) - Chunk 192 / 1157
[KG][d5d2b1c5-641] ea_recognition:ea_recognition 196/1157 (17%) - Chunk 196 / 1157
[KG][d5d2b1c5-641] ea_recognition:ea_recognition 193/1157 (17%) - Chunk 193 / 1157
[KG][d5d2b1c5-641] ea_recognition:ea_recognition 197/1157 (17%) - Chunk 197 / 1157
[KG][d5d2b1c5-641] ea_recognition:ea_recognition 194/1157 (17%) - Chunk 194 / 1157
[KG][d5d2b1c5-641] ea_recognition:ea_recognition 198/1157 (17%) - Chunk 198 / 1157
[KG][d5d2b1c5-641] ea_recognition:ea_recognition 195/1157 (17%) - Chunk 195 / 1157
[KG][d5d2b1c5-641] ea_recognition:ea_recognition 199/1157 (17%) - Chunk 199 / 1157
[KG][d5d2b1c5-641] ea_recognition:ea_recognition 196/1157 (17%) - Chunk 196 / 1157
[KG][d5d2b1c5-641] ea_recognition:ea_recognition 200/1157 (17%) - Chunk 200 / 1157
[KG][d5d2b1c5-641] ea_recognition:ea_recognition 197/1157 (17%) - Chunk 197 / 1157
[KG][d5d2b1c5-641] ea_recognition:ea_recognition 201/1157 (17%) - Chunk 201 / 1157
[KG][d5d2b1c5-641] ea_recognition:ea_recognition 202/1157 (17%) - Chunk 202 / 1157
[KG][d5d2b1c5-641] ea_recognition:ea_recognition 198/1157 (17%) - Chunk 198 / 1157
[KG][d5d2b1c5-641] ea_recognition:ea_recognition 203/1157 (18%) - Chunk 203 / 1157
[KG][d5d2b1c5-641] ea_recognition:ea_recognition 199/1157 (17%) - Chunk 199 / 1157
[KG][d5d2b1c5-641] ea_recognition:ea_recognition 204/1157 (18%) - Chunk 204 / 1157
[KG][d5d2b1c5-641] ea_recognition:ea_recognition 200/1157 (17%) - Chunk 200 / 1157
[KG][d5d2b1c5-641] ea_recognition:ea_recognition 205/1157 (18%) - Chunk 205 / 1157
[KG][d5d2b1c5-641] ea_recognition:ea_recognition 201/1157 (17%) - Chunk 201 / 1157
[KG][d5d2b1c5-641] ea_recognition:ea_recognition 206/1157 (18%) - Chunk 206 / 1157
[KG][d5d2b1c5-641] ea_recognition:ea_recognition 202/1157 (17%) - Chunk 202 / 1157
[KG][d5d2b1c5-641] ea_recognition:ea_recognition 207/1157 (18%) - Chunk 207 / 1157
[KG][d5d2b1c5-641] ea_recognition:ea_recognition 203/1157 (18%) - Chunk 203 / 1157
[KG][d5d2b1c5-641] ea_recognition:ea_recognition 208/1157 (18%) - Chunk 208 / 1157
[KG][d5d2b1c5-641] ea_recognition:ea_recognition 204/1157 (18%) - Chunk 204 / 1157
[KG][d5d2b1c5-641] ea_recognition:ea_recognition 209/1157 (18%) - Chunk 209 / 1157
[KG][d5d2b1c5-641] ea_recognition:ea_recognition 205/1157 (18%) - Chunk 205 / 1157
[KG][d5d2b1c5-641] ea_recognition:ea_recognition 210/1157 (18%) - Chunk 210 / 1157
[KG][d5d2b1c5-641] ea_recognition:ea_recognition 206/1157 (18%) - Chunk 206 / 1157
[KG][d5d2b1c5-641] ea_recognition:ea_recognition 211/1157 (18%) - Chunk 211 / 1157
[KG][d5d2b1c5-641] ea_recognition:ea_recognition 207/1157 (18%) - Chunk 207 / 1157
[KG][d5d2b1c5-641] ea_recognition:ea_recognition 212/1157 (18%) - Chunk 212 / 1157
[KG][d5d2b1c5-641] ea_recognition:ea_recognition 208/1157 (18%) - Chunk 208 / 1157
[KG][d5d2b1c5-641] ea_recognition:ea_recognition 213/1157 (18%) - Chunk 213 / 1157
[KG][d5d2b1c5-641] ea_recognition:ea_recognition 209/1157 (18%) - Chunk 209 / 1157
[KG][d5d2b1c5-641] ea_recognition:ea_recognition 214/1157 (18%) - Chunk 214 / 1157
[KG][d5d2b1c5-641] ea_recognition:ea_recognition 210/1157 (18%) - Chunk 210 / 1157
[KG][d5d2b1c5-641] ea_recognition:ea_recognition 215/1157 (19%) - Chunk 215 / 1157
[KG][d5d2b1c5-641] ea_recognition:ea_recognition 211/1157 (18%) - Chunk 211 / 1157
[KG][d5d2b1c5-641] ea_recognition:ea_recognition 216/1157 (19%) - Chunk 216 / 1157
[KG][d5d2b1c5-641] ea_recognition:ea_recognition 212/1157 (18%) - Chunk 212 / 1157
[KG][d5d2b1c5-641] ea_recognition:ea_recognition 217/1157 (19%) - Chunk 217 / 1157
[KG][d5d2b1c5-641] ea_recognition:ea_recognition 213/1157 (18%) - Chunk 213 / 1157
[KG][d5d2b1c5-641] ea_recognition:ea_recognition 218/1157 (19%) - Chunk 218 / 1157
[KG][d5d2b1c5-641] ea_recognition:ea_recognition 214/1157 (18%) - Chunk 214 / 1157
[KG][d5d2b1c5-641] ea_recognition:ea_recognition 219/1157 (19%) - Chunk 219 / 1157
[KG][d5d2b1c5-641] ea_recognition:ea_recognition 215/1157 (19%) - Chunk 215 / 1157
[KG][d5d2b1c5-641] ea_recognition:ea_recognition 220/1157 (19%) - Chunk 220 / 1157
[KG][d5d2b1c5-641] ea_recognition:ea_recognition 216/1157 (19%) - Chunk 216 / 1157
[KG][d5d2b1c5-641] ea_recognition:ea_recognition 221/1157 (19%) - Chunk 221 / 1157
[KG][d5d2b1c5-641] ea_recognition:ea_recognition 217/1157 (19%) - Chunk 217 / 1157
[KG][d5d2b1c5-641] ea_recognition:ea_recognition 222/1157 (19%) - Chunk 222 / 1157
[KG][d5d2b1c5-641] ea_recognition:ea_recognition 218/1157 (19%) - Chunk 218 / 1157
[KG][d5d2b1c5-641] ea_recognition:ea_recognition 223/1157 (19%) - Chunk 223 / 1157
[KG][d5d2b1c5-641] ea_recognition:ea_recognition 219/1157 (19%) - Chunk 219 / 1157
[KG][d5d2b1c5-641] ea_recognition:ea_recognition 224/1157 (19%) - Chunk 224 / 1157
[KG][d5d2b1c5-641] ea_recognition:ea_recognition 220/1157 (19%) - Chunk 220 / 1157
[KG][d5d2b1c5-641] ea_recognition:ea_recognition 225/1157 (19%) - Chunk 225 / 1157
[KG][d5d2b1c5-641] ea_recognition:ea_recognition 221/1157 (19%) - Chunk 221 / 1157
[KG][d5d2b1c5-641] ea_recognition:ea_recognition 226/1157 (20%) - Chunk 226 / 1157
[KG][d5d2b1c5-641] ea_recognition:ea_recognition 222/1157 (19%) - Chunk 222 / 1157
[KG][d5d2b1c5-641] ea_recognition:ea_recognition 227/1157 (20%) - Chunk 227 / 1157
[KG][d5d2b1c5-641] ea_recognition:ea_recognition 223/1157 (19%) - Chunk 223 / 1157
[KG][d5d2b1c5-641] ea_recognition:ea_recognition 228/1157 (20%) - Chunk 228 / 1157
[KG][d5d2b1c5-641] ea_recognition:ea_recognition 224/1157 (19%) - Chunk 224 / 1157
[KG][d5d2b1c5-641] ea_recognition:ea_recognition 229/1157 (20%) - Chunk 229 / 1157
[KG][d5d2b1c5-641] ea_recognition:ea_recognition 225/1157 (19%) - Chunk 225 / 1157
[KG][d5d2b1c5-641] ea_recognition:ea_recognition 230/1157 (20%) - Chunk 230 / 1157
[KG][d5d2b1c5-641] ea_recognition:ea_recognition 226/1157 (20%) - Chunk 226 / 1157
[KG][d5d2b1c5-641] ea_recognition:ea_recognition 231/1157 (20%) - Chunk 231 / 1157
[KG][d5d2b1c5-641] ea_recognition:ea_recognition 227/1157 (20%) - Chunk 227 / 1157
[KG][d5d2b1c5-641] ea_recognition:ea_recognition 232/1157 (20%) - Chunk 232 / 1157
[KG][d5d2b1c5-641] ea_recognition:ea_recognition 228/1157 (20%) - Chunk 228 / 1157
[KG][d5d2b1c5-641] ea_recognition:ea_recognition 233/1157 (20%) - Chunk 233 / 1157
[KG][d5d2b1c5-641] ea_recognition:ea_recognition 229/1157 (20%) - Chunk 229 / 1157
[KG][d5d2b1c5-641] ea_recognition:ea_recognition 234/1157 (20%) - Chunk 234 / 1157
[KG][d5d2b1c5-641] ea_recognition:ea_recognition 230/1157 (20%) - Chunk 230 / 1157
[KG][d5d2b1c5-641] ea_recognition:ea_recognition 235/1157 (20%) - Chunk 235 / 1157
[KG][d5d2b1c5-641] ea_recognition:ea_recognition 231/1157 (20%) - Chunk 231 / 1157
[KG][d5d2b1c5-641] ea_recognition:ea_recognition 236/1157 (20%) - Chunk 236 / 1157
[KG][d5d2b1c5-641] ea_recognition:ea_recognition 232/1157 (20%) - Chunk 232 / 1157
[KG][d5d2b1c5-641] ea_recognition:ea_recognition 237/1157 (20%) - Chunk 237 / 1157
[KG][d5d2b1c5-641] ea_recognition:ea_recognition 233/1157 (20%) - Chunk 233 / 1157
[KG][d5d2b1c5-641] ea_recognition:ea_recognition 238/1157 (21%) - Chunk 238 / 1157
[KG][d5d2b1c5-641] ea_recognition:ea_recognition 234/1157 (20%) - Chunk 234 / 1157
[KG][d5d2b1c5-641] ea_recognition:ea_recognition 239/1157 (21%) - Chunk 239 / 1157
[KG][d5d2b1c5-641] ea_recognition:ea_recognition 235/1157 (20%) - Chunk 235 / 1157
[KG][d5d2b1c5-641] ea_recognition:ea_recognition 240/1157 (21%) - Chunk 240 / 1157
[KG][d5d2b1c5-641] ea_recognition:ea_recognition 236/1157 (20%) - Chunk 236 / 1157
[KG][d5d2b1c5-641] ea_recognition:ea_recognition 241/1157 (21%) - Chunk 241 / 1157
[KG][d5d2b1c5-641] ea_recognition:ea_recognition 237/1157 (20%) - Chunk 237 / 1157
[KG][d5d2b1c5-641] ea_recognition:ea_recognition 242/1157 (21%) - Chunk 242 / 1157
[KG][d5d2b1c5-641] ea_recognition:ea_recognition 238/1157 (21%) - Chunk 238 / 1157
[KG][d5d2b1c5-641] ea_recognition:ea_recognition 243/1157 (21%) - Chunk 243 / 1157
[KG][d5d2b1c5-641] ea_recognition:ea_recognition 239/1157 (21%) - Chunk 239 / 1157
[KG][d5d2b1c5-641] ea_recognition:ea_recognition 244/1157 (21%) - Chunk 244 / 1157
[KG][d5d2b1c5-641] ea_recognition:ea_recognition 240/1157 (21%) - Chunk 240 / 1157
[KG][d5d2b1c5-641] ea_recognition:ea_recognition 245/1157 (21%) - Chunk 245 / 1157
[KG][d5d2b1c5-641] ea_recognition:ea_recognition 241/1157 (21%) - Chunk 241 / 1157
[KG][d5d2b1c5-641] ea_recognition:ea_recognition 246/1157 (21%) - Chunk 246 / 1157
[KG][d5d2b1c5-641] ea_recognition:ea_recognition 242/1157 (21%) - Chunk 242 / 1157
[KG][d5d2b1c5-641] ea_recognition:ea_recognition 247/1157 (21%) - Chunk 247 / 1157
[KG][d5d2b1c5-641] ea_recognition:ea_recognition 243/1157 (21%) - Chunk 243 / 1157
[KG][d5d2b1c5-641] ea_recognition:ea_recognition 248/1157 (21%) - Chunk 248 / 1157
[KG][d5d2b1c5-641] ea_recognition:ea_recognition 244/1157 (21%) - Chunk 244 / 1157
[KG][d5d2b1c5-641] ea_recognition:ea_recognition 249/1157 (22%) - Chunk 249 / 1157
[KG][d5d2b1c5-641] ea_recognition:ea_recognition 245/1157 (21%) - Chunk 245 / 1157
[KG][d5d2b1c5-641] ea_recognition:ea_recognition 250/1157 (22%) - Chunk 250 / 1157
[KG][d5d2b1c5-641] ea_recognition:ea_recognition 246/1157 (21%) - Chunk 246 / 1157
[KG][d5d2b1c5-641] ea_recognition:ea_recognition 251/1157 (22%) - Chunk 251 / 1157
[KG][d5d2b1c5-641] ea_recognition:ea_recognition 247/1157 (21%) - Chunk 247 / 1157
[KG][d5d2b1c5-641] ea_recognition:ea_recognition 252/1157 (22%) - Chunk 252 / 1157
[KG][d5d2b1c5-641] ea_recognition:ea_recognition 248/1157 (21%) - Chunk 248 / 1157
[KG][d5d2b1c5-641] ea_recognition:ea_recognition 253/1157 (22%) - Chunk 253 / 1157
[KG][d5d2b1c5-641] ea_recognition:ea_recognition 249/1157 (22%) - Chunk 249 / 1157
[KG][d5d2b1c5-641] ea_recognition:ea_recognition 254/1157 (22%) - Chunk 254 / 1157
[KG][d5d2b1c5-641] ea_recognition:ea_recognition 250/1157 (22%) - Chunk 250 / 1157
[KG][d5d2b1c5-641] ea_recognition:ea_recognition 255/1157 (22%) - Chunk 255 / 1157
[KG][d5d2b1c5-641] ea_recognition:ea_recognition 251/1157 (22%) - Chunk 251 / 1157
[KG][d5d2b1c5-641] ea_recognition:ea_recognition 256/1157 (22%) - Chunk 256 / 1157
[KG][d5d2b1c5-641] ea_recognition:ea_recognition 252/1157 (22%) - Chunk 252 / 1157
[KG][d5d2b1c5-641] ea_recognition:ea_recognition 257/1157 (22%) - Chunk 257 / 1157
[KG][d5d2b1c5-641] ea_recognition:ea_recognition 253/1157 (22%) - Chunk 253 / 1157
[KG][d5d2b1c5-641] ea_recognition:ea_recognition 258/1157 (22%) - Chunk 258 / 1157
[KG][d5d2b1c5-641] ea_recognition:ea_recognition 254/1157 (22%) - Chunk 254 / 1157
[KG][d5d2b1c5-641] ea_recognition:ea_recognition 259/1157 (22%) - Chunk 259 / 1157
[KG][d5d2b1c5-641] ea_recognition:ea_recognition 255/1157 (22%) - Chunk 255 / 1157
[KG][d5d2b1c5-641] ea_recognition:ea_recognition 260/1157 (22%) - Chunk 260 / 1157
[KG][d5d2b1c5-641] ea_recognition:ea_recognition 256/1157 (22%) - Chunk 256 / 1157
[KG][d5d2b1c5-641] ea_recognition:ea_recognition 261/1157 (23%) - Chunk 261 / 1157
[KG][d5d2b1c5-641] ea_recognition:ea_recognition 257/1157 (22%) - Chunk 257 / 1157
[KG][d5d2b1c5-641] ea_recognition:ea_recognition 262/1157 (23%) - Chunk 262 / 1157
[KG][d5d2b1c5-641] ea_recognition:ea_recognition 258/1157 (22%) - Chunk 258 / 1157
[KG][d5d2b1c5-641] ea_recognition:ea_recognition 263/1157 (23%) - Chunk 263 / 1157
[KG][d5d2b1c5-641] ea_recognition:ea_recognition 259/1157 (22%) - Chunk 259 / 1157
[KG][d5d2b1c5-641] ea_recognition:ea_recognition 264/1157 (23%) - Chunk 264 / 1157
[KG][d5d2b1c5-641] ea_recognition:ea_recognition 260/1157 (22%) - Chunk 260 / 1157
[KG][d5d2b1c5-641] ea_recognition:ea_recognition 265/1157 (23%) - Chunk 265 / 1157
[KG][d5d2b1c5-641] ea_recognition:ea_recognition 261/1157 (23%) - Chunk 261 / 1157
[KG][d5d2b1c5-641] ea_recognition:ea_recognition 266/1157 (23%) - Chunk 266 / 1157
[KG][d5d2b1c5-641] ea_recognition:ea_recognition 262/1157 (23%) - Chunk 262 / 1157
[KG][d5d2b1c5-641] ea_recognition:ea_recognition 267/1157 (23%) - Chunk 267 / 1157
[KG][d5d2b1c5-641] ea_recognition:ea_recognition 263/1157 (23%) - Chunk 263 / 1157
[KG][d5d2b1c5-641] ea_recognition:ea_recognition 268/1157 (23%) - Chunk 268 / 1157
[KG][d5d2b1c5-641] ea_recognition:ea_recognition 264/1157 (23%) - Chunk 264 / 1157
[KG][d5d2b1c5-641] ea_recognition:ea_recognition 269/1157 (23%) - Chunk 269 / 1157
[KG][d5d2b1c5-641] ea_recognition:ea_recognition 265/1157 (23%) - Chunk 265 / 1157
[KG][d5d2b1c5-641] ea_recognition:ea_recognition 270/1157 (23%) - Chunk 270 / 1157
[KG][d5d2b1c5-641] ea_recognition:ea_recognition 266/1157 (23%) - Chunk 266 / 1157
[KG][d5d2b1c5-641] ea_recognition:ea_recognition 271/1157 (23%) - Chunk 271 / 1157
[KG][d5d2b1c5-641] ea_recognition:ea_recognition 267/1157 (23%) - Chunk 267 / 1157
[KG][d5d2b1c5-641] ea_recognition:ea_recognition 272/1157 (24%) - Chunk 272 / 1157
[KG][d5d2b1c5-641] ea_recognition:ea_recognition 268/1157 (23%) - Chunk 268 / 1157
[KG][d5d2b1c5-641] ea_recognition:ea_recognition 273/1157 (24%) - Chunk 273 / 1157
[KG][d5d2b1c5-641] ea_recognition:ea_recognition 269/1157 (23%) - Chunk 269 / 1157
[KG][d5d2b1c5-641] ea_recognition:ea_recognition 274/1157 (24%) - Chunk 274 / 1157
[KG][d5d2b1c5-641] ea_recognition:ea_recognition 270/1157 (23%) - Chunk 270 / 1157
[KG][d5d2b1c5-641] ea_recognition:ea_recognition 275/1157 (24%) - Chunk 275 / 1157
[KG][d5d2b1c5-641] ea_recognition:ea_recognition 271/1157 (23%) - Chunk 271 / 1157
[KG][d5d2b1c5-641] ea_recognition:ea_recognition 276/1157 (24%) - Chunk 276 / 1157
[KG][d5d2b1c5-641] ea_recognition:ea_recognition 272/1157 (24%) - Chunk 272 / 1157
[KG][d5d2b1c5-641] ea_recognition:ea_recognition 277/1157 (24%) - Chunk 277 / 1157
[KG][d5d2b1c5-641] ea_recognition:ea_recognition 273/1157 (24%) - Chunk 273 / 1157
[KG][d5d2b1c5-641] ea_recognition:ea_recognition 278/1157 (24%) - Chunk 278 / 1157
[KG][d5d2b1c5-641] ea_recognition:ea_recognition 274/1157 (24%) - Chunk 274 / 1157
[KG][d5d2b1c5-641] ea_recognition:ea_recognition 279/1157 (24%) - Chunk 279 / 1157
[KG][d5d2b1c5-641] ea_recognition:ea_recognition 275/1157 (24%) - Chunk 275 / 1157
[KG][d5d2b1c5-641] ea_recognition:ea_recognition 280/1157 (24%) - Chunk 280 / 1157
[KG][d5d2b1c5-641] ea_recognition:ea_recognition 276/1157 (24%) - Chunk 276 / 1157
[KG][d5d2b1c5-641] ea_recognition:ea_recognition 281/1157 (24%) - Chunk 281 / 1157
[KG][d5d2b1c5-641] ea_recognition:ea_recognition 277/1157 (24%) - Chunk 277 / 1157
[KG][d5d2b1c5-641] ea_recognition:ea_recognition 282/1157 (24%) - Chunk 282 / 1157
[KG][d5d2b1c5-641] ea_recognition:ea_recognition 278/1157 (24%) - Chunk 278 / 1157
[KG][d5d2b1c5-641] ea_recognition:ea_recognition 283/1157 (24%) - Chunk 283 / 1157
[KG][d5d2b1c5-641] ea_recognition:ea_recognition 279/1157 (24%) - Chunk 279 / 1157
[KG][d5d2b1c5-641] ea_recognition:ea_recognition 284/1157 (25%) - Chunk 284 / 1157
[KG][d5d2b1c5-641] ea_recognition:ea_recognition 280/1157 (24%) - Chunk 280 / 1157
[KG][d5d2b1c5-641] ea_recognition:ea_recognition 285/1157 (25%) - Chunk 285 / 1157
[KG][d5d2b1c5-641] ea_recognition:ea_recognition 281/1157 (24%) - Chunk 281 / 1157
[KG][d5d2b1c5-641] ea_recognition:ea_recognition 286/1157 (25%) - Chunk 286 / 1157
[KG][d5d2b1c5-641] ea_recognition:ea_recognition 282/1157 (24%) - Chunk 282 / 1157
[KG][d5d2b1c5-641] ea_recognition:ea_recognition 287/1157 (25%) - Chunk 287 / 1157
[KG][d5d2b1c5-641] ea_recognition:ea_recognition 283/1157 (24%) - Chunk 283 / 1157
[KG][d5d2b1c5-641] ea_recognition:ea_recognition 288/1157 (25%) - Chunk 288 / 1157
[KG][d5d2b1c5-641] ea_recognition:ea_recognition 284/1157 (25%) - Chunk 284 / 1157
[KG][d5d2b1c5-641] ea_recognition:ea_recognition 289/1157 (25%) - Chunk 289 / 1157
[KG][d5d2b1c5-641] ea_recognition:ea_recognition 285/1157 (25%) - Chunk 285 / 1157
[KG][d5d2b1c5-641] ea_recognition:ea_recognition 290/1157 (25%) - Chunk 290 / 1157
[KG][d5d2b1c5-641] ea_recognition:ea_recognition 286/1157 (25%) - Chunk 286 / 1157
[KG][d5d2b1c5-641] ea_recognition:ea_recognition 291/1157 (25%) - Chunk 291 / 1157
[KG][d5d2b1c5-641] ea_recognition:ea_recognition 287/1157 (25%) - Chunk 287 / 1157
[KG][d5d2b1c5-641] ea_recognition:ea_recognition 292/1157 (25%) - Chunk 292 / 1157
[KG][d5d2b1c5-641] ea_recognition:ea_recognition 288/1157 (25%) - Chunk 288 / 1157
[KG][d5d2b1c5-641] ea_recognition:ea_recognition 293/1157 (25%) - Chunk 293 / 1157
[KG][d5d2b1c5-641] ea_recognition:ea_recognition 289/1157 (25%) - Chunk 289 / 1157
[KG][d5d2b1c5-641] ea_recognition:ea_recognition 294/1157 (25%) - Chunk 294 / 1157
[KG][d5d2b1c5-641] ea_recognition:ea_recognition 290/1157 (25%) - Chunk 290 / 1157
[KG][d5d2b1c5-641] ea_recognition:ea_recognition 295/1157 (25%) - Chunk 295 / 1157
[KG][d5d2b1c5-641] ea_recognition:ea_recognition 291/1157 (25%) - Chunk 291 / 1157
[KG][d5d2b1c5-641] ea_recognition:ea_recognition 296/1157 (26%) - Chunk 296 / 1157
[KG][d5d2b1c5-641] ea_recognition:ea_recognition 292/1157 (25%) - Chunk 292 / 1157
[KG][d5d2b1c5-641] ea_recognition:ea_recognition 297/1157 (26%) - Chunk 297 / 1157
[KG][d5d2b1c5-641] ea_recognition:ea_recognition 293/1157 (25%) - Chunk 293 / 1157
[KG][d5d2b1c5-641] ea_recognition:ea_recognition 298/1157 (26%) - Chunk 298 / 1157
[KG][d5d2b1c5-641] ea_recognition:ea_recognition 294/1157 (25%) - Chunk 294 / 1157
[KG][d5d2b1c5-641] ea_recognition:ea_recognition 299/1157 (26%) - Chunk 299 / 1157
[KG][d5d2b1c5-641] ea_recognition:ea_recognition 295/1157 (25%) - Chunk 295 / 1157
[KG][d5d2b1c5-641] ea_recognition:ea_recognition 300/1157 (26%) - Chunk 300 / 1157
[KG][d5d2b1c5-641] ea_recognition:ea_recognition 296/1157 (26%) - Chunk 296 / 1157
[KG][d5d2b1c5-641] ea_recognition:ea_recognition 301/1157 (26%) - Chunk 301 / 1157
[KG][d5d2b1c5-641] ea_recognition:ea_recognition 297/1157 (26%) - Chunk 297 / 1157
[KG][d5d2b1c5-641] ea_recognition:ea_recognition 302/1157 (26%) - Chunk 302 / 1157
[KG][d5d2b1c5-641] ea_recognition:ea_recognition 298/1157 (26%) - Chunk 298 / 1157
[KG][d5d2b1c5-641] ea_recognition:ea_recognition 303/1157 (26%) - Chunk 303 / 1157
[KG][d5d2b1c5-641] ea_recognition:ea_recognition 299/1157 (26%) - Chunk 299 / 1157
[KG][d5d2b1c5-641] ea_recognition:ea_recognition 304/1157 (26%) - Chunk 304 / 1157
[KG][d5d2b1c5-641] ea_recognition:ea_recognition 300/1157 (26%) - Chunk 300 / 1157
[KG][d5d2b1c5-641] ea_recognition:ea_recognition 305/1157 (26%) - Chunk 305 / 1157
[KG][d5d2b1c5-641] ea_recognition:ea_recognition 301/1157 (26%) - Chunk 301 / 1157
[KG][d5d2b1c5-641] ea_recognition:ea_recognition 306/1157 (26%) - Chunk 306 / 1157
[KG][d5d2b1c5-641] ea_recognition:ea_recognition 302/1157 (26%) - Chunk 302 / 1157
[KG][d5d2b1c5-641] ea_recognition:ea_recognition 307/1157 (27%) - Chunk 307 / 1157
[KG][d5d2b1c5-641] ea_recognition:ea_recognition 303/1157 (26%) - Chunk 303 / 1157
[KG][d5d2b1c5-641] ea_recognition:ea_recognition 308/1157 (27%) - Chunk 308 / 1157
[KG][d5d2b1c5-641] ea_recognition:ea_recognition 304/1157 (26%) - Chunk 304 / 1157
[KG][d5d2b1c5-641] ea_recognition:ea_recognition 309/1157 (27%) - Chunk 309 / 1157
[KG][d5d2b1c5-641] ea_recognition:ea_recognition 305/1157 (26%) - Chunk 305 / 1157
[KG][d5d2b1c5-641] ea_recognition:ea_recognition 310/1157 (27%) - Chunk 310 / 1157
[KG][d5d2b1c5-641] ea_recognition:ea_recognition 306/1157 (26%) - Chunk 306 / 1157
[KG][d5d2b1c5-641] ea_recognition:ea_recognition 311/1157 (27%) - Chunk 311 / 1157
[KG][d5d2b1c5-641] ea_recognition:ea_recognition 307/1157 (27%) - Chunk 307 / 1157
[KG][d5d2b1c5-641] ea_recognition:ea_recognition 312/1157 (27%) - Chunk 312 / 1157
[KG][d5d2b1c5-641] ea_recognition:ea_recognition 308/1157 (27%) - Chunk 308 / 1157
[KG][d5d2b1c5-641] ea_recognition:ea_recognition 313/1157 (27%) - Chunk 313 / 1157
[KG][d5d2b1c5-641] ea_recognition:ea_recognition 309/1157 (27%) - Chunk 309 / 1157
[KG][d5d2b1c5-641] ea_recognition:ea_recognition 314/1157 (27%) - Chunk 314 / 1157
[KG][d5d2b1c5-641] ea_recognition:ea_recognition 310/1157 (27%) - Chunk 310 / 1157
[KG][d5d2b1c5-641] ea_recognition:ea_recognition 315/1157 (27%) - Chunk 315 / 1157
[KG][d5d2b1c5-641] ea_recognition:ea_recognition 311/1157 (27%) - Chunk 311 / 1157
[KG][d5d2b1c5-641] ea_recognition:ea_recognition 316/1157 (27%) - Chunk 316 / 1157
[KG][d5d2b1c5-641] ea_recognition:ea_recognition 312/1157 (27%) - Chunk 312 / 1157
[KG][d5d2b1c5-641] ea_recognition:ea_recognition 317/1157 (27%) - Chunk 317 / 1157
[KG][d5d2b1c5-641] ea_recognition:ea_recognition 313/1157 (27%) - Chunk 313 / 1157
[KG][d5d2b1c5-641] ea_recognition:ea_recognition 318/1157 (27%) - Chunk 318 / 1157
[KG][d5d2b1c5-641] ea_recognition:ea_recognition 314/1157 (27%) - Chunk 314 / 1157
[KG][d5d2b1c5-641] ea_recognition:ea_recognition 319/1157 (28%) - Chunk 319 / 1157
[KG][d5d2b1c5-641] ea_recognition:ea_recognition 315/1157 (27%) - Chunk 315 / 1157
[KG][d5d2b1c5-641] ea_recognition:ea_recognition 320/1157 (28%) - Chunk 320 / 1157
[KG][d5d2b1c5-641] ea_recognition:ea_recognition 316/1157 (27%) - Chunk 316 / 1157
[KG][d5d2b1c5-641] ea_recognition:ea_recognition 321/1157 (28%) - Chunk 321 / 1157
[KG][d5d2b1c5-641] ea_recognition:ea_recognition 317/1157 (27%) - Chunk 317 / 1157
[KG][d5d2b1c5-641] ea_recognition:ea_recognition 322/1157 (28%) - Chunk 322 / 1157
[KG][d5d2b1c5-641] ea_recognition:ea_recognition 318/1157 (27%) - Chunk 318 / 1157
[KG][d5d2b1c5-641] ea_recognition:ea_recognition 323/1157 (28%) - Chunk 323 / 1157
[KG][d5d2b1c5-641] ea_recognition:ea_recognition 319/1157 (28%) - Chunk 319 / 1157
[KG][d5d2b1c5-641] ea_recognition:ea_recognition 324/1157 (28%) - Chunk 324 / 1157
[KG][d5d2b1c5-641] ea_recognition:ea_recognition 320/1157 (28%) - Chunk 320 / 1157
[KG][d5d2b1c5-641] ea_recognition:ea_recognition 325/1157 (28%) - Chunk 325 / 1157
[KG][d5d2b1c5-641] ea_recognition:ea_recognition 321/1157 (28%) - Chunk 321 / 1157
[KG][d5d2b1c5-641] ea_recognition:ea_recognition 326/1157 (28%) - Chunk 326 / 1157
[KG][d5d2b1c5-641] ea_recognition:ea_recognition 322/1157 (28%) - Chunk 322 / 1157
[KG][d5d2b1c5-641] ea_recognition:ea_recognition 327/1157 (28%) - Chunk 327 / 1157
[KG][d5d2b1c5-641] ea_recognition:ea_recognition 323/1157 (28%) - Chunk 323 / 1157
[KG][d5d2b1c5-641] ea_recognition:ea_recognition 328/1157 (28%) - Chunk 328 / 1157
[KG][d5d2b1c5-641] ea_recognition:ea_recognition 324/1157 (28%) - Chunk 324 / 1157
[KG][d5d2b1c5-641] ea_recognition:ea_recognition 329/1157 (28%) - Chunk 329 / 1157
[KG][d5d2b1c5-641] ea_recognition:ea_recognition 325/1157 (28%) - Chunk 325 / 1157
[KG][d5d2b1c5-641] ea_recognition:ea_recognition 330/1157 (29%) - Chunk 330 / 1157
[KG][d5d2b1c5-641] ea_recognition:ea_recognition 326/1157 (28%) - Chunk 326 / 1157
[KG][d5d2b1c5-641] ea_recognition:ea_recognition 331/1157 (29%) - Chunk 331 / 1157
[KG][d5d2b1c5-641] ea_recognition:ea_recognition 327/1157 (28%) - Chunk 327 / 1157
[KG][d5d2b1c5-641] ea_recognition:ea_recognition 332/1157 (29%) - Chunk 332 / 1157
[KG][d5d2b1c5-641] ea_recognition:ea_recognition 328/1157 (28%) - Chunk 328 / 1157
[KG][d5d2b1c5-641] ea_recognition:ea_recognition 333/1157 (29%) - Chunk 333 / 1157
[KG][d5d2b1c5-641] ea_recognition:ea_recognition 329/1157 (28%) - Chunk 329 / 1157
[KG][d5d2b1c5-641] ea_recognition:ea_recognition 334/1157 (29%) - Chunk 334 / 1157
[KG][d5d2b1c5-641] ea_recognition:ea_recognition 330/1157 (29%) - Chunk 330 / 1157
[KG][d5d2b1c5-641] ea_recognition:ea_recognition 335/1157 (29%) - Chunk 335 / 1157
[KG][d5d2b1c5-641] ea_recognition:ea_recognition 331/1157 (29%) - Chunk 331 / 1157
[KG][d5d2b1c5-641] ea_recognition:ea_recognition 336/1157 (29%) - Chunk 336 / 1157
[KG][d5d2b1c5-641] ea_recognition:ea_recognition 332/1157 (29%) - Chunk 332 / 1157
[KG][d5d2b1c5-641] ea_recognition:ea_recognition 337/1157 (29%) - Chunk 337 / 1157
[KG][d5d2b1c5-641] ea_recognition:ea_recognition 333/1157 (29%) - Chunk 333 / 1157
[KG][d5d2b1c5-641] ea_recognition:ea_recognition 338/1157 (29%) - Chunk 338 / 1157
[KG][d5d2b1c5-641] ea_recognition:ea_recognition 334/1157 (29%) - Chunk 334 / 1157
[KG][d5d2b1c5-641] ea_recognition:ea_recognition 339/1157 (29%) - Chunk 339 / 1157
[KG][d5d2b1c5-641] ea_recognition:ea_recognition 335/1157 (29%) - Chunk 335 / 1157
[KG][d5d2b1c5-641] ea_recognition:ea_recognition 340/1157 (29%) - Chunk 340 / 1157
[KG][d5d2b1c5-641] ea_recognition:ea_recognition 336/1157 (29%) - Chunk 336 / 1157
[KG][d5d2b1c5-641] ea_recognition:ea_recognition 341/1157 (29%) - Chunk 341 / 1157
[KG][d5d2b1c5-641] ea_recognition:ea_recognition 337/1157 (29%) - Chunk 337 / 1157
[KG][d5d2b1c5-641] ea_recognition:ea_recognition 342/1157 (30%) - Chunk 342 / 1157
[KG][d5d2b1c5-641] ea_recognition:ea_recognition 338/1157 (29%) - Chunk 338 / 1157
[KG][d5d2b1c5-641] ea_recognition:ea_recognition 343/1157 (30%) - Chunk 343 / 1157
[KG][d5d2b1c5-641] ea_recognition:ea_recognition 339/1157 (29%) - Chunk 339 / 1157
[KG][d5d2b1c5-641] ea_recognition:ea_recognition 344/1157 (30%) - Chunk 344 / 1157
[KG][d5d2b1c5-641] ea_recognition:ea_recognition 340/1157 (29%) - Chunk 340 / 1157
[KG][d5d2b1c5-641] ea_recognition:ea_recognition 345/1157 (30%) - Chunk 345 / 1157
[KG][d5d2b1c5-641] ea_recognition:ea_recognition 341/1157 (29%) - Chunk 341 / 1157
[KG][d5d2b1c5-641] ea_recognition:ea_recognition 346/1157 (30%) - Chunk 346 / 1157
[KG][d5d2b1c5-641] ea_recognition:ea_recognition 342/1157 (30%) - Chunk 342 / 1157
[KG][d5d2b1c5-641] ea_recognition:ea_recognition 347/1157 (30%) - Chunk 347 / 1157
[KG][d5d2b1c5-641] ea_recognition:ea_recognition 343/1157 (30%) - Chunk 343 / 1157
[KG][d5d2b1c5-641] ea_recognition:ea_recognition 348/1157 (30%) - Chunk 348 / 1157
[KG][d5d2b1c5-641] ea_recognition:ea_recognition 344/1157 (30%) - Chunk 344 / 1157
[KG][d5d2b1c5-641] ea_recognition:ea_recognition 349/1157 (30%) - Chunk 349 / 1157
[KG][d5d2b1c5-641] ea_recognition:ea_recognition 345/1157 (30%) - Chunk 345 / 1157
[KG][d5d2b1c5-641] ea_recognition:ea_recognition 350/1157 (30%) - Chunk 350 / 1157
[KG][d5d2b1c5-641] ea_recognition:ea_recognition 346/1157 (30%) - Chunk 346 / 1157
[KG][d5d2b1c5-641] ea_recognition:ea_recognition 351/1157 (30%) - Chunk 351 / 1157
[KG][d5d2b1c5-641] ea_recognition:ea_recognition 347/1157 (30%) - Chunk 347 / 1157
[KG][d5d2b1c5-641] ea_recognition:ea_recognition 352/1157 (30%) - Chunk 352 / 1157
[KG][d5d2b1c5-641] ea_recognition:ea_recognition 348/1157 (30%) - Chunk 348 / 1157
[KG][d5d2b1c5-641] ea_recognition:ea_recognition 353/1157 (31%) - Chunk 353 / 1157
[KG][d5d2b1c5-641] ea_recognition:ea_recognition 349/1157 (30%) - Chunk 349 / 1157
[KG][d5d2b1c5-641] ea_recognition:ea_recognition 354/1157 (31%) - Chunk 354 / 1157
[KG][d5d2b1c5-641] ea_recognition:ea_recognition 350/1157 (30%) - Chunk 350 / 1157
[KG][d5d2b1c5-641] ea_recognition:ea_recognition 355/1157 (31%) - Chunk 355 / 1157
[KG][d5d2b1c5-641] ea_recognition:ea_recognition 351/1157 (30%) - Chunk 351 / 1157
[KG][d5d2b1c5-641] ea_recognition:ea_recognition 356/1157 (31%) - Chunk 356 / 1157
[KG][d5d2b1c5-641] ea_recognition:ea_recognition 352/1157 (30%) - Chunk 352 / 1157
[KG][d5d2b1c5-641] ea_recognition:ea_recognition 357/1157 (31%) - Chunk 357 / 1157
[KG][d5d2b1c5-641] ea_recognition:ea_recognition 353/1157 (31%) - Chunk 353 / 1157
[KG][d5d2b1c5-641] ea_recognition:ea_recognition 358/1157 (31%) - Chunk 358 / 1157
[KG][d5d2b1c5-641] ea_recognition:ea_recognition 354/1157 (31%) - Chunk 354 / 1157
[KG][d5d2b1c5-641] ea_recognition:ea_recognition 359/1157 (31%) - Chunk 359 / 1157
[KG][d5d2b1c5-641] ea_recognition:ea_recognition 355/1157 (31%) - Chunk 355 / 1157
[KG][d5d2b1c5-641] ea_recognition:ea_recognition 360/1157 (31%) - Chunk 360 / 1157
[KG][d5d2b1c5-641] ea_recognition:ea_recognition 356/1157 (31%) - Chunk 356 / 1157
[KG][d5d2b1c5-641] ea_recognition:ea_recognition 361/1157 (31%) - Chunk 361 / 1157
[KG][d5d2b1c5-641] ea_recognition:ea_recognition 357/1157 (31%) - Chunk 357 / 1157
[KG][d5d2b1c5-641] ea_recognition:ea_recognition 362/1157 (31%) - Chunk 362 / 1157
[KG][d5d2b1c5-641] ea_recognition:ea_recognition 358/1157 (31%) - Chunk 358 / 1157
[KG][d5d2b1c5-641] ea_recognition:ea_recognition 363/1157 (31%) - Chunk 363 / 1157
[KG][d5d2b1c5-641] ea_recognition:ea_recognition 359/1157 (31%) - Chunk 359 / 1157
[KG][d5d2b1c5-641] ea_recognition:ea_recognition 364/1157 (31%) - Chunk 364 / 1157
[KG][d5d2b1c5-641] ea_recognition:ea_recognition 360/1157 (31%) - Chunk 360 / 1157
[KG][d5d2b1c5-641] ea_recognition:ea_recognition 365/1157 (32%) - Chunk 365 / 1157
[KG][d5d2b1c5-641] ea_recognition:ea_recognition 361/1157 (31%) - Chunk 361 / 1157
[KG][d5d2b1c5-641] ea_recognition:ea_recognition 366/1157 (32%) - Chunk 366 / 1157
[KG][d5d2b1c5-641] ea_recognition:ea_recognition 362/1157 (31%) - Chunk 362 / 1157
[KG][d5d2b1c5-641] ea_recognition:ea_recognition 367/1157 (32%) - Chunk 367 / 1157
[KG][d5d2b1c5-641] ea_recognition:ea_recognition 363/1157 (31%) - Chunk 363 / 1157
[KG][d5d2b1c5-641] ea_recognition:ea_recognition 368/1157 (32%) - Chunk 368 / 1157
[KG][d5d2b1c5-641] ea_recognition:ea_recognition 364/1157 (31%) - Chunk 364 / 1157
[KG][d5d2b1c5-641] ea_recognition:ea_recognition 369/1157 (32%) - Chunk 369 / 1157
[KG][d5d2b1c5-641] ea_recognition:ea_recognition 365/1157 (32%) - Chunk 365 / 1157
[KG][d5d2b1c5-641] ea_recognition:ea_recognition 370/1157 (32%) - Chunk 370 / 1157
[KG][d5d2b1c5-641] ea_recognition:ea_recognition 366/1157 (32%) - Chunk 366 / 1157
[KG][d5d2b1c5-641] ea_recognition:ea_recognition 371/1157 (32%) - Chunk 371 / 1157
[KG][d5d2b1c5-641] ea_recognition:ea_recognition 367/1157 (32%) - Chunk 367 / 1157
[KG][d5d2b1c5-641] ea_recognition:ea_recognition 372/1157 (32%) - Chunk 372 / 1157
[KG][d5d2b1c5-641] ea_recognition:ea_recognition 368/1157 (32%) - Chunk 368 / 1157
[KG][d5d2b1c5-641] ea_recognition:ea_recognition 373/1157 (32%) - Chunk 373 / 1157
[KG][d5d2b1c5-641] ea_recognition:ea_recognition 369/1157 (32%) - Chunk 369 / 1157
[KG][d5d2b1c5-641] ea_recognition:ea_recognition 374/1157 (32%) - Chunk 374 / 1157
[KG][d5d2b1c5-641] ea_recognition:ea_recognition 370/1157 (32%) - Chunk 370 / 1157
[KG][d5d2b1c5-641] ea_recognition:ea_recognition 375/1157 (32%) - Chunk 375 / 1157
[KG][d5d2b1c5-641] ea_recognition:ea_recognition 371/1157 (32%) - Chunk 371 / 1157
[KG][d5d2b1c5-641] ea_recognition:ea_recognition 376/1157 (32%) - Chunk 376 / 1157
[KG][d5d2b1c5-641] ea_recognition:ea_recognition 372/1157 (32%) - Chunk 372 / 1157
[KG][d5d2b1c5-641] ea_recognition:ea_recognition 377/1157 (33%) - Chunk 377 / 1157
[KG][d5d2b1c5-641] ea_recognition:ea_recognition 373/1157 (32%) - Chunk 373 / 1157
[KG][d5d2b1c5-641] ea_recognition:ea_recognition 378/1157 (33%) - Chunk 378 / 1157
[KG][d5d2b1c5-641] ea_recognition:ea_recognition 374/1157 (32%) - Chunk 374 / 1157
[KG][d5d2b1c5-641] ea_recognition:ea_recognition 379/1157 (33%) - Chunk 379 / 1157
[KG][d5d2b1c5-641] ea_recognition:ea_recognition 375/1157 (32%) - Chunk 375 / 1157
[KG][d5d2b1c5-641] ea_recognition:ea_recognition 380/1157 (33%) - Chunk 380 / 1157
[KG][d5d2b1c5-641] ea_recognition:ea_recognition 376/1157 (32%) - Chunk 376 / 1157
[KG][d5d2b1c5-641] ea_recognition:ea_recognition 381/1157 (33%) - Chunk 381 / 1157
[KG][d5d2b1c5-641] ea_recognition:ea_recognition 377/1157 (33%) - Chunk 377 / 1157
[KG][d5d2b1c5-641] ea_recognition:ea_recognition 382/1157 (33%) - Chunk 382 / 1157
[KG][d5d2b1c5-641] ea_recognition:ea_recognition 378/1157 (33%) - Chunk 378 / 1157
[KG][d5d2b1c5-641] ea_recognition:ea_recognition 383/1157 (33%) - Chunk 383 / 1157
[KG][d5d2b1c5-641] ea_recognition:ea_recognition 379/1157 (33%) - Chunk 379 / 1157
[KG][d5d2b1c5-641] ea_recognition:ea_recognition 384/1157 (33%) - Chunk 384 / 1157
[KG][d5d2b1c5-641] ea_recognition:ea_recognition 380/1157 (33%) - Chunk 380 / 1157
[KG][d5d2b1c5-641] ea_recognition:ea_recognition 385/1157 (33%) - Chunk 385 / 1157
[KG][d5d2b1c5-641] ea_recognition:ea_recognition 381/1157 (33%) - Chunk 381 / 1157
[KG][d5d2b1c5-641] ea_recognition:ea_recognition 386/1157 (33%) - Chunk 386 / 1157
[KG][d5d2b1c5-641] ea_recognition:ea_recognition 382/1157 (33%) - Chunk 382 / 1157
[KG][d5d2b1c5-641] ea_recognition:ea_recognition 387/1157 (33%) - Chunk 387 / 1157
[KG][d5d2b1c5-641] ea_recognition:ea_recognition 383/1157 (33%) - Chunk 383 / 1157
[KG][d5d2b1c5-641] ea_recognition:ea_recognition 388/1157 (34%) - Chunk 388 / 1157
[KG][d5d2b1c5-641] ea_recognition:ea_recognition 384/1157 (33%) - Chunk 384 / 1157
[KG][d5d2b1c5-641] ea_recognition:ea_recognition 389/1157 (34%) - Chunk 389 / 1157
[KG][d5d2b1c5-641] ea_recognition:ea_recognition 385/1157 (33%) - Chunk 385 / 1157
[KG][d5d2b1c5-641] ea_recognition:ea_recognition 390/1157 (34%) - Chunk 390 / 1157
[KG][d5d2b1c5-641] ea_recognition:ea_recognition 386/1157 (33%) - Chunk 386 / 1157
[KG][d5d2b1c5-641] ea_recognition:ea_recognition 391/1157 (34%) - Chunk 391 / 1157
[KG][d5d2b1c5-641] ea_recognition:ea_recognition 387/1157 (33%) - Chunk 387 / 1157
[KG][d5d2b1c5-641] ea_recognition:ea_recognition 392/1157 (34%) - Chunk 392 / 1157
[KG][d5d2b1c5-641] ea_recognition:ea_recognition 388/1157 (34%) - Chunk 388 / 1157
[KG][d5d2b1c5-641] ea_recognition:ea_recognition 393/1157 (34%) - Chunk 393 / 1157
[KG][d5d2b1c5-641] ea_recognition:ea_recognition 389/1157 (34%) - Chunk 389 / 1157
[KG][d5d2b1c5-641] ea_recognition:ea_recognition 394/1157 (34%) - Chunk 394 / 1157
[KG][d5d2b1c5-641] ea_recognition:ea_recognition 390/1157 (34%) - Chunk 390 / 1157
[KG][d5d2b1c5-641] ea_recognition:ea_recognition 395/1157 (34%) - Chunk 395 / 1157
[KG][d5d2b1c5-641] ea_recognition:ea_recognition 391/1157 (34%) - Chunk 391 / 1157
[KG][d5d2b1c5-641] ea_recognition:ea_recognition 396/1157 (34%) - Chunk 396 / 1157
[KG][d5d2b1c5-641] ea_recognition:ea_recognition 392/1157 (34%) - Chunk 392 / 1157
[KG][d5d2b1c5-641] ea_recognition:ea_recognition 397/1157 (34%) - Chunk 397 / 1157
[KG][d5d2b1c5-641] ea_recognition:ea_recognition 393/1157 (34%) - Chunk 393 / 1157
[KG][d5d2b1c5-641] ea_recognition:ea_recognition 398/1157 (34%) - Chunk 398 / 1157
[KG][d5d2b1c5-641] ea_recognition:ea_recognition 394/1157 (34%) - Chunk 394 / 1157
[KG][d5d2b1c5-641] ea_recognition:ea_recognition 399/1157 (34%) - Chunk 399 / 1157
[KG][d5d2b1c5-641] ea_recognition:ea_recognition 395/1157 (34%) - Chunk 395 / 1157
[KG][d5d2b1c5-641] ea_recognition:ea_recognition 400/1157 (35%) - Chunk 400 / 1157
[KG][d5d2b1c5-641] ea_recognition:ea_recognition 396/1157 (34%) - Chunk 396 / 1157
[KG][d5d2b1c5-641] ea_recognition:ea_recognition 401/1157 (35%) - Chunk 401 / 1157
[KG][d5d2b1c5-641] ea_recognition:ea_recognition 397/1157 (34%) - Chunk 397 / 1157
[KG][d5d2b1c5-641] ea_recognition:ea_recognition 402/1157 (35%) - Chunk 402 / 1157
[KG][d5d2b1c5-641] ea_recognition:ea_recognition 398/1157 (34%) - Chunk 398 / 1157
[KG][d5d2b1c5-641] ea_recognition:ea_recognition 403/1157 (35%) - Chunk 403 / 1157
[KG][d5d2b1c5-641] ea_recognition:ea_recognition 399/1157 (34%) - Chunk 399 / 1157
[KG][d5d2b1c5-641] ea_recognition:ea_recognition 404/1157 (35%) - Chunk 404 / 1157
[KG][d5d2b1c5-641] ea_recognition:ea_recognition 400/1157 (35%) - Chunk 400 / 1157
[KG][d5d2b1c5-641] ea_recognition:ea_recognition 405/1157 (35%) - Chunk 405 / 1157
[KG][d5d2b1c5-641] ea_recognition:ea_recognition 401/1157 (35%) - Chunk 401 / 1157
[KG][d5d2b1c5-641] ea_recognition:ea_recognition 406/1157 (35%) - Chunk 406 / 1157
[KG][d5d2b1c5-641] ea_recognition:ea_recognition 402/1157 (35%) - Chunk 402 / 1157
[KG][d5d2b1c5-641] ea_recognition:ea_recognition 407/1157 (35%) - Chunk 407 / 1157
[KG][d5d2b1c5-641] ea_recognition:ea_recognition 403/1157 (35%) - Chunk 403 / 1157
[KG][d5d2b1c5-641] ea_recognition:ea_recognition 408/1157 (35%) - Chunk 408 / 1157
[KG][d5d2b1c5-641] ea_recognition:ea_recognition 404/1157 (35%) - Chunk 404 / 1157
[KG][d5d2b1c5-641] ea_recognition:ea_recognition 409/1157 (35%) - Chunk 409 / 1157
[KG][d5d2b1c5-641] ea_recognition:ea_recognition 405/1157 (35%) - Chunk 405 / 1157
[KG][d5d2b1c5-641] ea_recognition:ea_recognition 410/1157 (35%) - Chunk 410 / 1157
[KG][d5d2b1c5-641] ea_recognition:ea_recognition 406/1157 (35%) - Chunk 406 / 1157
[KG][d5d2b1c5-641] ea_recognition:ea_recognition 411/1157 (36%) - Chunk 411 / 1157
[KG][d5d2b1c5-641] ea_recognition:ea_recognition 407/1157 (35%) - Chunk 407 / 1157
[KG][d5d2b1c5-641] ea_recognition:ea_recognition 412/1157 (36%) - Chunk 412 / 1157
[KG][d5d2b1c5-641] ea_recognition:ea_recognition 408/1157 (35%) - Chunk 408 / 1157
[KG][d5d2b1c5-641] ea_recognition:ea_recognition 413/1157 (36%) - Chunk 413 / 1157
[KG][d5d2b1c5-641] ea_recognition:ea_recognition 409/1157 (35%) - Chunk 409 / 1157
[KG][d5d2b1c5-641] ea_recognition:ea_recognition 414/1157 (36%) - Chunk 414 / 1157
[KG][d5d2b1c5-641] ea_recognition:ea_recognition 410/1157 (35%) - Chunk 410 / 1157
[KG][d5d2b1c5-641] ea_recognition:ea_recognition 415/1157 (36%) - Chunk 415 / 1157
[KG][d5d2b1c5-641] ea_recognition:ea_recognition 411/1157 (36%) - Chunk 411 / 1157
[KG][d5d2b1c5-641] ea_recognition:ea_recognition 416/1157 (36%) - Chunk 416 / 1157
[KG][d5d2b1c5-641] ea_recognition:ea_recognition 412/1157 (36%) - Chunk 412 / 1157
[KG][d5d2b1c5-641] ea_recognition:ea_recognition 417/1157 (36%) - Chunk 417 / 1157
[KG][d5d2b1c5-641] ea_recognition:ea_recognition 413/1157 (36%) - Chunk 413 / 1157
[KG][d5d2b1c5-641] ea_recognition:ea_recognition 418/1157 (36%) - Chunk 418 / 1157
[KG][d5d2b1c5-641] ea_recognition:ea_recognition 414/1157 (36%) - Chunk 414 / 1157
[KG][d5d2b1c5-641] ea_recognition:ea_recognition 419/1157 (36%) - Chunk 419 / 1157
[KG][d5d2b1c5-641] ea_recognition:ea_recognition 415/1157 (36%) - Chunk 415 / 1157
[KG][d5d2b1c5-641] ea_recognition:ea_recognition 420/1157 (36%) - Chunk 420 / 1157
[KG][d5d2b1c5-641] ea_recognition:ea_recognition 416/1157 (36%) - Chunk 416 / 1157
[KG][d5d2b1c5-641] ea_recognition:ea_recognition 421/1157 (36%) - Chunk 421 / 1157
[KG][d5d2b1c5-641] ea_recognition:ea_recognition 417/1157 (36%) - Chunk 417 / 1157
[KG][d5d2b1c5-641] ea_recognition:ea_recognition 422/1157 (36%) - Chunk 422 / 1157
[KG][d5d2b1c5-641] ea_recognition:ea_recognition 418/1157 (36%) - Chunk 418 / 1157
[KG][d5d2b1c5-641] ea_recognition:ea_recognition 423/1157 (37%) - Chunk 423 / 1157
[KG][d5d2b1c5-641] ea_recognition:ea_recognition 419/1157 (36%) - Chunk 419 / 1157
[KG][d5d2b1c5-641] ea_recognition:ea_recognition 424/1157 (37%) - Chunk 424 / 1157
[KG][d5d2b1c5-641] ea_recognition:ea_recognition 420/1157 (36%) - Chunk 420 / 1157
[KG][d5d2b1c5-641] ea_recognition:ea_recognition 425/1157 (37%) - Chunk 425 / 1157
[KG][d5d2b1c5-641] ea_recognition:ea_recognition 421/1157 (36%) - Chunk 421 / 1157
[KG][d5d2b1c5-641] ea_recognition:ea_recognition 426/1157 (37%) - Chunk 426 / 1157
[KG][d5d2b1c5-641] ea_recognition:ea_recognition 427/1157 (37%) - Chunk 427 / 1157
[KG][d5d2b1c5-641] ea_recognition:ea_recognition 422/1157 (36%) - Chunk 422 / 1157
[KG][d5d2b1c5-641] ea_recognition:ea_recognition 423/1157 (37%) - Chunk 423 / 1157
[KG][d5d2b1c5-641] ea_recognition:ea_recognition 428/1157 (37%) - Chunk 428 / 1157
[KG][d5d2b1c5-641] ea_recognition:ea_recognition 429/1157 (37%) - Chunk 429 / 1157
[KG][d5d2b1c5-641] ea_recognition:ea_recognition 424/1157 (37%) - Chunk 424 / 1157
[KG][d5d2b1c5-641] ea_recognition:ea_recognition 430/1157 (37%) - Chunk 430 / 1157
[KG][d5d2b1c5-641] ea_recognition:ea_recognition 425/1157 (37%) - Chunk 425 / 1157
[KG][d5d2b1c5-641] ea_recognition:ea_recognition 431/1157 (37%) - Chunk 431 / 1157
[KG][d5d2b1c5-641] ea_recognition:ea_recognition 426/1157 (37%) - Chunk 426 / 1157
[KG][d5d2b1c5-641] ea_recognition:ea_recognition 432/1157 (37%) - Chunk 432 / 1157
[KG][d5d2b1c5-641] ea_recognition:ea_recognition 427/1157 (37%) - Chunk 427 / 1157
[KG][d5d2b1c5-641] ea_recognition:ea_recognition 433/1157 (37%) - Chunk 433 / 1157
[KG][d5d2b1c5-641] ea_recognition:ea_recognition 428/1157 (37%) - Chunk 428 / 1157
[KG][d5d2b1c5-641] ea_recognition:ea_recognition 434/1157 (38%) - Chunk 434 / 1157
[KG][d5d2b1c5-641] ea_recognition:ea_recognition 429/1157 (37%) - Chunk 429 / 1157
[KG][d5d2b1c5-641] ea_recognition:ea_recognition 435/1157 (38%) - Chunk 435 / 1157
[KG][d5d2b1c5-641] ea_recognition:ea_recognition 430/1157 (37%) - Chunk 430 / 1157
[KG][d5d2b1c5-641] ea_recognition:ea_recognition 436/1157 (38%) - Chunk 436 / 1157
[KG][d5d2b1c5-641] ea_recognition:ea_recognition 431/1157 (37%) - Chunk 431 / 1157
[KG][d5d2b1c5-641] ea_recognition:ea_recognition 437/1157 (38%) - Chunk 437 / 1157
[KG][d5d2b1c5-641] ea_recognition:ea_recognition 432/1157 (37%) - Chunk 432 / 1157
[KG][d5d2b1c5-641] ea_recognition:ea_recognition 438/1157 (38%) - Chunk 438 / 1157
[KG][d5d2b1c5-641] ea_recognition:ea_recognition 433/1157 (37%) - Chunk 433 / 1157
[KG][d5d2b1c5-641] ea_recognition:ea_recognition 439/1157 (38%) - Chunk 439 / 1157
[KG][d5d2b1c5-641] ea_recognition:ea_recognition 434/1157 (38%) - Chunk 434 / 1157
[KG][d5d2b1c5-641] ea_recognition:ea_recognition 440/1157 (38%) - Chunk 440 / 1157
[KG][d5d2b1c5-641] ea_recognition:ea_recognition 435/1157 (38%) - Chunk 435 / 1157
[KG][d5d2b1c5-641] ea_recognition:ea_recognition 441/1157 (38%) - Chunk 441 / 1157
[KG][d5d2b1c5-641] ea_recognition:ea_recognition 436/1157 (38%) - Chunk 436 / 1157
[KG][d5d2b1c5-641] ea_recognition:ea_recognition 442/1157 (38%) - Chunk 442 / 1157
[KG][d5d2b1c5-641] ea_recognition:ea_recognition 437/1157 (38%) - Chunk 437 / 1157
[KG][d5d2b1c5-641] ea_recognition:ea_recognition 443/1157 (38%) - Chunk 443 / 1157
[KG][d5d2b1c5-641] ea_recognition:ea_recognition 438/1157 (38%) - Chunk 438 / 1157
[KG][d5d2b1c5-641] ea_recognition:ea_recognition 444/1157 (38%) - Chunk 444 / 1157
[KG][d5d2b1c5-641] ea_recognition:ea_recognition 439/1157 (38%) - Chunk 439 / 1157
[KG][d5d2b1c5-641] ea_recognition:ea_recognition 445/1157 (38%) - Chunk 445 / 1157
[KG][d5d2b1c5-641] ea_recognition:ea_recognition 440/1157 (38%) - Chunk 440 / 1157
[KG][d5d2b1c5-641] ea_recognition:ea_recognition 446/1157 (39%) - Chunk 446 / 1157
[KG][d5d2b1c5-641] ea_recognition:ea_recognition 441/1157 (38%) - Chunk 441 / 1157
[KG][d5d2b1c5-641] ea_recognition:ea_recognition 447/1157 (39%) - Chunk 447 / 1157
[KG][d5d2b1c5-641] ea_recognition:ea_recognition 442/1157 (38%) - Chunk 442 / 1157
[KG][d5d2b1c5-641] ea_recognition:ea_recognition 448/1157 (39%) - Chunk 448 / 1157
[KG][d5d2b1c5-641] ea_recognition:ea_recognition 443/1157 (38%) - Chunk 443 / 1157
[KG][d5d2b1c5-641] ea_recognition:ea_recognition 449/1157 (39%) - Chunk 449 / 1157
[KG][d5d2b1c5-641] ea_recognition:ea_recognition 444/1157 (38%) - Chunk 444 / 1157
[KG][d5d2b1c5-641] ea_recognition:ea_recognition 450/1157 (39%) - Chunk 450 / 1157
[KG][d5d2b1c5-641] ea_recognition:ea_recognition 445/1157 (38%) - Chunk 445 / 1157
[KG][d5d2b1c5-641] ea_recognition:ea_recognition 451/1157 (39%) - Chunk 451 / 1157
[KG][d5d2b1c5-641] ea_recognition:ea_recognition 446/1157 (39%) - Chunk 446 / 1157
[KG][d5d2b1c5-641] ea_recognition:ea_recognition 447/1157 (39%) - Chunk 447 / 1157
[KG][d5d2b1c5-641] ea_recognition:ea_recognition 452/1157 (39%) - Chunk 452 / 1157
[KG][d5d2b1c5-641] ea_recognition:ea_recognition 448/1157 (39%) - Chunk 448 / 1157
[KG][d5d2b1c5-641] ea_recognition:ea_recognition 453/1157 (39%) - Chunk 453 / 1157
[KG][d5d2b1c5-641] ea_recognition:ea_recognition 449/1157 (39%) - Chunk 449 / 1157
[KG][d5d2b1c5-641] ea_recognition:ea_recognition 454/1157 (39%) - Chunk 454 / 1157
[KG][d5d2b1c5-641] ea_recognition:ea_recognition 450/1157 (39%) - Chunk 450 / 1157
[KG][d5d2b1c5-641] ea_recognition:ea_recognition 455/1157 (39%) - Chunk 455 / 1157
[KG][d5d2b1c5-641] ea_recognition:ea_recognition 451/1157 (39%) - Chunk 451 / 1157
[KG][d5d2b1c5-641] ea_recognition:ea_recognition 456/1157 (39%) - Chunk 456 / 1157
[KG][d5d2b1c5-641] ea_recognition:ea_recognition 457/1157 (39%) - Chunk 457 / 1157
[KG][d5d2b1c5-641] ea_recognition:ea_recognition 452/1157 (39%) - Chunk 452 / 1157
[KG][d5d2b1c5-641] ea_recognition:ea_recognition 458/1157 (40%) - Chunk 458 / 1157
[KG][d5d2b1c5-641] ea_recognition:ea_recognition 453/1157 (39%) - Chunk 453 / 1157
[KG][d5d2b1c5-641] ea_recognition:ea_recognition 459/1157 (40%) - Chunk 459 / 1157
[KG][d5d2b1c5-641] ea_recognition:ea_recognition 454/1157 (39%) - Chunk 454 / 1157
[KG][d5d2b1c5-641] ea_recognition:ea_recognition 460/1157 (40%) - Chunk 460 / 1157
[KG][d5d2b1c5-641] ea_recognition:ea_recognition 455/1157 (39%) - Chunk 455 / 1157
[KG][d5d2b1c5-641] ea_recognition:ea_recognition 461/1157 (40%) - Chunk 461 / 1157
[KG][d5d2b1c5-641] ea_recognition:ea_recognition 456/1157 (39%) - Chunk 456 / 1157
[KG][d5d2b1c5-641] ea_recognition:ea_recognition 462/1157 (40%) - Chunk 462 / 1157
[KG][d5d2b1c5-641] ea_recognition:ea_recognition 457/1157 (39%) - Chunk 457 / 1157
[KG][d5d2b1c5-641] ea_recognition:ea_recognition 463/1157 (40%) - Chunk 463 / 1157
[KG][d5d2b1c5-641] ea_recognition:ea_recognition 458/1157 (40%) - Chunk 458 / 1157
[KG][d5d2b1c5-641] ea_recognition:ea_recognition 464/1157 (40%) - Chunk 464 / 1157
[KG][d5d2b1c5-641] ea_recognition:ea_recognition 459/1157 (40%) - Chunk 459 / 1157
[KG][d5d2b1c5-641] ea_recognition:ea_recognition 465/1157 (40%) - Chunk 465 / 1157
[KG][d5d2b1c5-641] ea_recognition:ea_recognition 460/1157 (40%) - Chunk 460 / 1157
[KG][d5d2b1c5-641] ea_recognition:ea_recognition 466/1157 (40%) - Chunk 466 / 1157
[KG][d5d2b1c5-641] ea_recognition:ea_recognition 461/1157 (40%) - Chunk 461 / 1157
[KG][d5d2b1c5-641] ea_recognition:ea_recognition 462/1157 (40%) - Chunk 462 / 1157
[KG][d5d2b1c5-641] ea_recognition:ea_recognition 467/1157 (40%) - Chunk 467 / 1157
[KG][d5d2b1c5-641] ea_recognition:ea_recognition 463/1157 (40%) - Chunk 463 / 1157
[KG][d5d2b1c5-641] ea_recognition:ea_recognition 468/1157 (40%) - Chunk 468 / 1157
[KG][d5d2b1c5-641] ea_recognition:ea_recognition 464/1157 (40%) - Chunk 464 / 1157
[KG][d5d2b1c5-641] ea_recognition:ea_recognition 469/1157 (41%) - Chunk 469 / 1157
[KG][d5d2b1c5-641] ea_recognition:ea_recognition 465/1157 (40%) - Chunk 465 / 1157
[KG][d5d2b1c5-641] ea_recognition:ea_recognition 470/1157 (41%) - Chunk 470 / 1157
[KG][d5d2b1c5-641] ea_recognition:ea_recognition 466/1157 (40%) - Chunk 466 / 1157
[KG][d5d2b1c5-641] ea_recognition:ea_recognition 471/1157 (41%) - Chunk 471 / 1157
[KG][d5d2b1c5-641] ea_recognition:ea_recognition 467/1157 (40%) - Chunk 467 / 1157
[KG][d5d2b1c5-641] ea_recognition:ea_recognition 472/1157 (41%) - Chunk 472 / 1157
[KG][d5d2b1c5-641] ea_recognition:ea_recognition 468/1157 (40%) - Chunk 468 / 1157
[KG][d5d2b1c5-641] ea_recognition:ea_recognition 473/1157 (41%) - Chunk 473 / 1157
[KG][d5d2b1c5-641] ea_recognition:ea_recognition 474/1157 (41%) - Chunk 474 / 1157
[KG][d5d2b1c5-641] ea_recognition:ea_recognition 469/1157 (41%) - Chunk 469 / 1157
[KG][d5d2b1c5-641] ea_recognition:ea_recognition 475/1157 (41%) - Chunk 475 / 1157
[KG][d5d2b1c5-641] ea_recognition:ea_recognition 470/1157 (41%) - Chunk 470 / 1157
[KG][d5d2b1c5-641] ea_recognition:ea_recognition 476/1157 (41%) - Chunk 476 / 1157
[KG][d5d2b1c5-641] ea_recognition:ea_recognition 471/1157 (41%) - Chunk 471 / 1157
[KG][d5d2b1c5-641] ea_recognition:ea_recognition 477/1157 (41%) - Chunk 477 / 1157
[KG][d5d2b1c5-641] ea_recognition:ea_recognition 472/1157 (41%) - Chunk 472 / 1157
[KG][d5d2b1c5-641] ea_recognition:ea_recognition 478/1157 (41%) - Chunk 478 / 1157
[KG][d5d2b1c5-641] ea_recognition:ea_recognition 473/1157 (41%) - Chunk 473 / 1157
[KG][d5d2b1c5-641] ea_recognition:ea_recognition 479/1157 (41%) - Chunk 479 / 1157
[KG][d5d2b1c5-641] ea_recognition:ea_recognition 474/1157 (41%) - Chunk 474 / 1157
[KG][d5d2b1c5-641] ea_recognition:ea_recognition 480/1157 (41%) - Chunk 480 / 1157
[KG][d5d2b1c5-641] ea_recognition:ea_recognition 475/1157 (41%) - Chunk 475 / 1157
[KG][d5d2b1c5-641] ea_recognition:ea_recognition 481/1157 (42%) - Chunk 481 / 1157
[KG][d5d2b1c5-641] ea_recognition:ea_recognition 476/1157 (41%) - Chunk 476 / 1157
[KG][d5d2b1c5-641] ea_recognition:ea_recognition 482/1157 (42%) - Chunk 482 / 1157
[KG][d5d2b1c5-641] ea_recognition:ea_recognition 477/1157 (41%) - Chunk 477 / 1157
[KG][d5d2b1c5-641] ea_recognition:ea_recognition 483/1157 (42%) - Chunk 483 / 1157
[KG][d5d2b1c5-641] ea_recognition:ea_recognition 478/1157 (41%) - Chunk 478 / 1157
[KG][d5d2b1c5-641] ea_recognition:ea_recognition 484/1157 (42%) - Chunk 484 / 1157
[KG][d5d2b1c5-641] ea_recognition:ea_recognition 479/1157 (41%) - Chunk 479 / 1157
[KG][d5d2b1c5-641] ea_recognition:ea_recognition 485/1157 (42%) - Chunk 485 / 1157
[KG][d5d2b1c5-641] ea_recognition:ea_recognition 480/1157 (41%) - Chunk 480 / 1157
[KG][d5d2b1c5-641] ea_recognition:ea_recognition 486/1157 (42%) - Chunk 486 / 1157
[KG][d5d2b1c5-641] ea_recognition:ea_recognition 481/1157 (42%) - Chunk 481 / 1157
[KG][d5d2b1c5-641] ea_recognition:ea_recognition 487/1157 (42%) - Chunk 487 / 1157
[KG][d5d2b1c5-641] ea_recognition:ea_recognition 482/1157 (42%) - Chunk 482 / 1157
[KG][d5d2b1c5-641] ea_recognition:ea_recognition 488/1157 (42%) - Chunk 488 / 1157
[KG][d5d2b1c5-641] ea_recognition:ea_recognition 483/1157 (42%) - Chunk 483 / 1157
[KG][d5d2b1c5-641] ea_recognition:ea_recognition 489/1157 (42%) - Chunk 489 / 1157
[KG][d5d2b1c5-641] ea_recognition:ea_recognition 484/1157 (42%) - Chunk 484 / 1157
[KG][d5d2b1c5-641] ea_recognition:ea_recognition 490/1157 (42%) - Chunk 490 / 1157
[KG][d5d2b1c5-641] ea_recognition:ea_recognition 485/1157 (42%) - Chunk 485 / 1157
[KG][d5d2b1c5-641] ea_recognition:ea_recognition 491/1157 (42%) - Chunk 491 / 1157
[KG][d5d2b1c5-641] ea_recognition:ea_recognition 486/1157 (42%) - Chunk 486 / 1157
[KG][d5d2b1c5-641] ea_recognition:ea_recognition 492/1157 (43%) - Chunk 492 / 1157
[KG][d5d2b1c5-641] ea_recognition:ea_recognition 487/1157 (42%) - Chunk 487 / 1157
[KG][d5d2b1c5-641] ea_recognition:ea_recognition 493/1157 (43%) - Chunk 493 / 1157
[KG][d5d2b1c5-641] ea_recognition:ea_recognition 488/1157 (42%) - Chunk 488 / 1157
[KG][d5d2b1c5-641] ea_recognition:ea_recognition 494/1157 (43%) - Chunk 494 / 1157
[KG][d5d2b1c5-641] ea_recognition:ea_recognition 489/1157 (42%) - Chunk 489 / 1157
[KG][d5d2b1c5-641] ea_recognition:ea_recognition 495/1157 (43%) - Chunk 495 / 1157
[KG][d5d2b1c5-641] ea_recognition:ea_recognition 490/1157 (42%) - Chunk 490 / 1157
[KG][d5d2b1c5-641] ea_recognition:ea_recognition 496/1157 (43%) - Chunk 496 / 1157
[KG][d5d2b1c5-641] ea_recognition:ea_recognition 491/1157 (42%) - Chunk 491 / 1157
[KG][d5d2b1c5-641] ea_recognition:ea_recognition 497/1157 (43%) - Chunk 497 / 1157
[KG][d5d2b1c5-641] ea_recognition:ea_recognition 492/1157 (43%) - Chunk 492 / 1157
[KG][d5d2b1c5-641] ea_recognition:ea_recognition 498/1157 (43%) - Chunk 498 / 1157
[KG][d5d2b1c5-641] ea_recognition:ea_recognition 493/1157 (43%) - Chunk 493 / 1157
[KG][d5d2b1c5-641] ea_recognition:ea_recognition 499/1157 (43%) - Chunk 499 / 1157
[KG][d5d2b1c5-641] ea_recognition:ea_recognition 494/1157 (43%) - Chunk 494 / 1157
[KG][d5d2b1c5-641] ea_recognition:ea_recognition 500/1157 (43%) - Chunk 500 / 1157
[KG][d5d2b1c5-641] ea_recognition:ea_recognition 495/1157 (43%) - Chunk 495 / 1157
[KG][d5d2b1c5-641] ea_recognition:ea_recognition 501/1157 (43%) - Chunk 501 / 1157
[KG][d5d2b1c5-641] ea_recognition:ea_recognition 496/1157 (43%) - Chunk 496 / 1157
[KG][d5d2b1c5-641] ea_recognition:ea_recognition 502/1157 (43%) - Chunk 502 / 1157
[KG][d5d2b1c5-641] ea_recognition:ea_recognition 497/1157 (43%) - Chunk 497 / 1157
[KG][d5d2b1c5-641] ea_recognition:ea_recognition 503/1157 (43%) - Chunk 503 / 1157
[KG][d5d2b1c5-641] ea_recognition:ea_recognition 498/1157 (43%) - Chunk 498 / 1157
[KG][d5d2b1c5-641] ea_recognition:ea_recognition 504/1157 (44%) - Chunk 504 / 1157
[KG][d5d2b1c5-641] ea_recognition:ea_recognition 499/1157 (43%) - Chunk 499 / 1157
[KG][d5d2b1c5-641] ea_recognition:ea_recognition 505/1157 (44%) - Chunk 505 / 1157
[KG][d5d2b1c5-641] ea_recognition:ea_recognition 500/1157 (43%) - Chunk 500 / 1157
[KG][d5d2b1c5-641] ea_recognition:ea_recognition 506/1157 (44%) - Chunk 506 / 1157
[KG][d5d2b1c5-641] ea_recognition:ea_recognition 501/1157 (43%) - Chunk 501 / 1157
[KG][d5d2b1c5-641] ea_recognition:ea_recognition 507/1157 (44%) - Chunk 507 / 1157
[KG][d5d2b1c5-641] ea_recognition:ea_recognition 502/1157 (43%) - Chunk 502 / 1157
[KG][d5d2b1c5-641] ea_recognition:ea_recognition 508/1157 (44%) - Chunk 508 / 1157
[KG][d5d2b1c5-641] ea_recognition:ea_recognition 503/1157 (43%) - Chunk 503 / 1157
[KG][d5d2b1c5-641] ea_recognition:ea_recognition 509/1157 (44%) - Chunk 509 / 1157
[KG][d5d2b1c5-641] ea_recognition:ea_recognition 504/1157 (44%) - Chunk 504 / 1157
[KG][d5d2b1c5-641] ea_recognition:ea_recognition 510/1157 (44%) - Chunk 510 / 1157
[KG][d5d2b1c5-641] ea_recognition:ea_recognition 505/1157 (44%) - Chunk 505 / 1157
[KG][d5d2b1c5-641] ea_recognition:ea_recognition 511/1157 (44%) - Chunk 511 / 1157
[KG][d5d2b1c5-641] ea_recognition:ea_recognition 506/1157 (44%) - Chunk 506 / 1157
[KG][d5d2b1c5-641] ea_recognition:ea_recognition 512/1157 (44%) - Chunk 512 / 1157
[KG][d5d2b1c5-641] ea_recognition:ea_recognition 507/1157 (44%) - Chunk 507 / 1157
[KG][d5d2b1c5-641] ea_recognition:ea_recognition 513/1157 (44%) - Chunk 513 / 1157
[KG][d5d2b1c5-641] ea_recognition:ea_recognition 508/1157 (44%) - Chunk 508 / 1157
[KG][d5d2b1c5-641] ea_recognition:ea_recognition 514/1157 (44%) - Chunk 514 / 1157
[KG][d5d2b1c5-641] ea_recognition:ea_recognition 509/1157 (44%) - Chunk 509 / 1157
[KG][d5d2b1c5-641] ea_recognition:ea_recognition 515/1157 (45%) - Chunk 515 / 1157
[KG][d5d2b1c5-641] ea_recognition:ea_recognition 510/1157 (44%) - Chunk 510 / 1157
[KG][d5d2b1c5-641] ea_recognition:ea_recognition 516/1157 (45%) - Chunk 516 / 1157
[KG][d5d2b1c5-641] ea_recognition:ea_recognition 511/1157 (44%) - Chunk 511 / 1157
[KG][d5d2b1c5-641] ea_recognition:ea_recognition 517/1157 (45%) - Chunk 517 / 1157
[KG][d5d2b1c5-641] ea_recognition:ea_recognition 512/1157 (44%) - Chunk 512 / 1157
[KG][d5d2b1c5-641] ea_recognition:ea_recognition 518/1157 (45%) - Chunk 518 / 1157
[KG][d5d2b1c5-641] ea_recognition:ea_recognition 513/1157 (44%) - Chunk 513 / 1157
[KG][d5d2b1c5-641] ea_recognition:ea_recognition 519/1157 (45%) - Chunk 519 / 1157
[KG][d5d2b1c5-641] ea_recognition:ea_recognition 514/1157 (44%) - Chunk 514 / 1157
[KG][d5d2b1c5-641] ea_recognition:ea_recognition 520/1157 (45%) - Chunk 520 / 1157
[KG][d5d2b1c5-641] ea_recognition:ea_recognition 515/1157 (45%) - Chunk 515 / 1157
[KG][d5d2b1c5-641] ea_recognition:ea_recognition 521/1157 (45%) - Chunk 521 / 1157
[KG][d5d2b1c5-641] ea_recognition:ea_recognition 516/1157 (45%) - Chunk 516 / 1157
[KG][d5d2b1c5-641] ea_recognition:ea_recognition 522/1157 (45%) - Chunk 522 / 1157
[KG][d5d2b1c5-641] ea_recognition:ea_recognition 517/1157 (45%) - Chunk 517 / 1157
[KG][d5d2b1c5-641] ea_recognition:ea_recognition 523/1157 (45%) - Chunk 523 / 1157
[KG][d5d2b1c5-641] ea_recognition:ea_recognition 518/1157 (45%) - Chunk 518 / 1157
[KG][d5d2b1c5-641] ea_recognition:ea_recognition 524/1157 (45%) - Chunk 524 / 1157
[KG][d5d2b1c5-641] ea_recognition:ea_recognition 519/1157 (45%) - Chunk 519 / 1157
[KG][d5d2b1c5-641] ea_recognition:ea_recognition 525/1157 (45%) - Chunk 525 / 1157
[KG][d5d2b1c5-641] ea_recognition:ea_recognition 520/1157 (45%) - Chunk 520 / 1157
[KG][d5d2b1c5-641] ea_recognition:ea_recognition 526/1157 (45%) - Chunk 526 / 1157
[KG][d5d2b1c5-641] ea_recognition:ea_recognition 521/1157 (45%) - Chunk 521 / 1157
[KG][d5d2b1c5-641] ea_recognition:ea_recognition 527/1157 (46%) - Chunk 527 / 1157
[KG][d5d2b1c5-641] ea_recognition:ea_recognition 522/1157 (45%) - Chunk 522 / 1157
[KG][d5d2b1c5-641] ea_recognition:ea_recognition 528/1157 (46%) - Chunk 528 / 1157
[KG][d5d2b1c5-641] ea_recognition:ea_recognition 523/1157 (45%) - Chunk 523 / 1157
[KG][d5d2b1c5-641] ea_recognition:ea_recognition 529/1157 (46%) - Chunk 529 / 1157
[KG][d5d2b1c5-641] ea_recognition:ea_recognition 524/1157 (45%) - Chunk 524 / 1157
[KG][d5d2b1c5-641] ea_recognition:ea_recognition 530/1157 (46%) - Chunk 530 / 1157
[KG][d5d2b1c5-641] ea_recognition:ea_recognition 525/1157 (45%) - Chunk 525 / 1157
[KG][d5d2b1c5-641] ea_recognition:ea_recognition 531/1157 (46%) - Chunk 531 / 1157
[KG][d5d2b1c5-641] ea_recognition:ea_recognition 526/1157 (45%) - Chunk 526 / 1157
[KG][d5d2b1c5-641] ea_recognition:ea_recognition 532/1157 (46%) - Chunk 532 / 1157
[KG][d5d2b1c5-641] ea_recognition:ea_recognition 527/1157 (46%) - Chunk 527 / 1157
[KG][d5d2b1c5-641] ea_recognition:ea_recognition 533/1157 (46%) - Chunk 533 / 1157
[KG][d5d2b1c5-641] ea_recognition:ea_recognition 528/1157 (46%) - Chunk 528 / 1157
[KG][d5d2b1c5-641] ea_recognition:ea_recognition 534/1157 (46%) - Chunk 534 / 1157
[KG][d5d2b1c5-641] ea_recognition:ea_recognition 529/1157 (46%) - Chunk 529 / 1157
[KG][d5d2b1c5-641] ea_recognition:ea_recognition 535/1157 (46%) - Chunk 535 / 1157
[KG][d5d2b1c5-641] ea_recognition:ea_recognition 530/1157 (46%) - Chunk 530 / 1157
[KG][d5d2b1c5-641] ea_recognition:ea_recognition 536/1157 (46%) - Chunk 536 / 1157
[KG][d5d2b1c5-641] ea_recognition:ea_recognition 531/1157 (46%) - Chunk 531 / 1157
[KG][d5d2b1c5-641] ea_recognition:ea_recognition 537/1157 (46%) - Chunk 537 / 1157
[KG][d5d2b1c5-641] ea_recognition:ea_recognition 532/1157 (46%) - Chunk 532 / 1157
[KG][d5d2b1c5-641] ea_recognition:ea_recognition 538/1157 (46%) - Chunk 538 / 1157
[KG][d5d2b1c5-641] ea_recognition:ea_recognition 533/1157 (46%) - Chunk 533 / 1157
[KG][d5d2b1c5-641] ea_recognition:ea_recognition 539/1157 (47%) - Chunk 539 / 1157
[KG][d5d2b1c5-641] ea_recognition:ea_recognition 534/1157 (46%) - Chunk 534 / 1157
[KG][d5d2b1c5-641] ea_recognition:ea_recognition 540/1157 (47%) - Chunk 540 / 1157
[KG][d5d2b1c5-641] ea_recognition:ea_recognition 535/1157 (46%) - Chunk 535 / 1157
[KG][d5d2b1c5-641] ea_recognition:ea_recognition 541/1157 (47%) - Chunk 541 / 1157
[KG][d5d2b1c5-641] ea_recognition:ea_recognition 536/1157 (46%) - Chunk 536 / 1157
[KG][d5d2b1c5-641] ea_recognition:ea_recognition 542/1157 (47%) - Chunk 542 / 1157
[KG][d5d2b1c5-641] ea_recognition:ea_recognition 537/1157 (46%) - Chunk 537 / 1157
[KG][d5d2b1c5-641] ea_recognition:ea_recognition 543/1157 (47%) - Chunk 543 / 1157
[KG][d5d2b1c5-641] ea_recognition:ea_recognition 538/1157 (46%) - Chunk 538 / 1157
[KG][d5d2b1c5-641] ea_recognition:ea_recognition 544/1157 (47%) - Chunk 544 / 1157
[KG][d5d2b1c5-641] ea_recognition:ea_recognition 539/1157 (47%) - Chunk 539 / 1157
[KG][d5d2b1c5-641] ea_recognition:ea_recognition 545/1157 (47%) - Chunk 545 / 1157
[KG][d5d2b1c5-641] ea_recognition:ea_recognition 540/1157 (47%) - Chunk 540 / 1157
[KG][d5d2b1c5-641] ea_recognition:ea_recognition 546/1157 (47%) - Chunk 546 / 1157
[KG][d5d2b1c5-641] ea_recognition:ea_recognition 541/1157 (47%) - Chunk 541 / 1157
[KG][d5d2b1c5-641] ea_recognition:ea_recognition 547/1157 (47%) - Chunk 547 / 1157
[KG][d5d2b1c5-641] ea_recognition:ea_recognition 542/1157 (47%) - Chunk 542 / 1157
[KG][d5d2b1c5-641] ea_recognition:ea_recognition 548/1157 (47%) - Chunk 548 / 1157
[KG][d5d2b1c5-641] ea_recognition:ea_recognition 543/1157 (47%) - Chunk 543 / 1157
[KG][d5d2b1c5-641] ea_recognition:ea_recognition 549/1157 (47%) - Chunk 549 / 1157
[KG][d5d2b1c5-641] ea_recognition:ea_recognition 544/1157 (47%) - Chunk 544 / 1157
[KG][d5d2b1c5-641] ea_recognition:ea_recognition 550/1157 (48%) - Chunk 550 / 1157
[KG][d5d2b1c5-641] ea_recognition:ea_recognition 545/1157 (47%) - Chunk 545 / 1157
[KG][d5d2b1c5-641] ea_recognition:ea_recognition 551/1157 (48%) - Chunk 551 / 1157
[KG][d5d2b1c5-641] ea_recognition:ea_recognition 546/1157 (47%) - Chunk 546 / 1157
[KG][d5d2b1c5-641] ea_recognition:ea_recognition 552/1157 (48%) - Chunk 552 / 1157
[KG][d5d2b1c5-641] ea_recognition:ea_recognition 547/1157 (47%) - Chunk 547 / 1157
[KG][d5d2b1c5-641] ea_recognition:ea_recognition 553/1157 (48%) - Chunk 553 / 1157
[KG][d5d2b1c5-641] ea_recognition:ea_recognition 548/1157 (47%) - Chunk 548 / 1157
[KG][d5d2b1c5-641] ea_recognition:ea_recognition 554/1157 (48%) - Chunk 554 / 1157
[KG][d5d2b1c5-641] ea_recognition:ea_recognition 549/1157 (47%) - Chunk 549 / 1157
[KG][d5d2b1c5-641] ea_recognition:ea_recognition 555/1157 (48%) - Chunk 555 / 1157
[KG][d5d2b1c5-641] ea_recognition:ea_recognition 550/1157 (48%) - Chunk 550 / 1157
[KG][d5d2b1c5-641] ea_recognition:ea_recognition 556/1157 (48%) - Chunk 556 / 1157
[KG][d5d2b1c5-641] ea_recognition:ea_recognition 551/1157 (48%) - Chunk 551 / 1157
[KG][d5d2b1c5-641] ea_recognition:ea_recognition 557/1157 (48%) - Chunk 557 / 1157
[KG][d5d2b1c5-641] ea_recognition:ea_recognition 552/1157 (48%) - Chunk 552 / 1157
[KG][d5d2b1c5-641] ea_recognition:ea_recognition 558/1157 (48%) - Chunk 558 / 1157
[KG][d5d2b1c5-641] ea_recognition:ea_recognition 553/1157 (48%) - Chunk 553 / 1157
[KG][d5d2b1c5-641] ea_recognition:ea_recognition 559/1157 (48%) - Chunk 559 / 1157
[KG][d5d2b1c5-641] ea_recognition:ea_recognition 554/1157 (48%) - Chunk 554 / 1157
[KG][d5d2b1c5-641] ea_recognition:ea_recognition 560/1157 (48%) - Chunk 560 / 1157
[KG][d5d2b1c5-641] ea_recognition:ea_recognition 555/1157 (48%) - Chunk 555 / 1157
[KG][d5d2b1c5-641] ea_recognition:ea_recognition 561/1157 (48%) - Chunk 561 / 1157
[KG][d5d2b1c5-641] ea_recognition:ea_recognition 556/1157 (48%) - Chunk 556 / 1157
[KG][d5d2b1c5-641] ea_recognition:ea_recognition 562/1157 (49%) - Chunk 562 / 1157
[KG][d5d2b1c5-641] ea_recognition:ea_recognition 557/1157 (48%) - Chunk 557 / 1157
[KG][d5d2b1c5-641] ea_recognition:ea_recognition 563/1157 (49%) - Chunk 563 / 1157
[KG][d5d2b1c5-641] ea_recognition:ea_recognition 558/1157 (48%) - Chunk 558 / 1157
[KG][d5d2b1c5-641] ea_recognition:ea_recognition 564/1157 (49%) - Chunk 564 / 1157
[KG][d5d2b1c5-641] ea_recognition:ea_recognition 565/1157 (49%) - Chunk 565 / 1157
[KG][d5d2b1c5-641] ea_recognition:ea_recognition 559/1157 (48%) - Chunk 559 / 1157
[KG][d5d2b1c5-641] ea_recognition:ea_recognition 566/1157 (49%) - Chunk 566 / 1157
[KG][d5d2b1c5-641] ea_recognition:ea_recognition 560/1157 (48%) - Chunk 560 / 1157
[KG][d5d2b1c5-641] ea_recognition:ea_recognition 567/1157 (49%) - Chunk 567 / 1157
[KG][d5d2b1c5-641] ea_recognition:ea_recognition 561/1157 (48%) - Chunk 561 / 1157
[KG][d5d2b1c5-641] ea_recognition:ea_recognition 568/1157 (49%) - Chunk 568 / 1157
[KG][d5d2b1c5-641] ea_recognition:ea_recognition 562/1157 (49%) - Chunk 562 / 1157
[KG][d5d2b1c5-641] ea_recognition:ea_recognition 569/1157 (49%) - Chunk 569 / 1157
[KG][d5d2b1c5-641] ea_recognition:ea_recognition 563/1157 (49%) - Chunk 563 / 1157
[KG][d5d2b1c5-641] ea_recognition:ea_recognition 570/1157 (49%) - Chunk 570 / 1157
[KG][d5d2b1c5-641] ea_recognition:ea_recognition 564/1157 (49%) - Chunk 564 / 1157
[KG][d5d2b1c5-641] ea_recognition:ea_recognition 571/1157 (49%) - Chunk 571 / 1157
[KG][d5d2b1c5-641] ea_recognition:ea_recognition 565/1157 (49%) - Chunk 565 / 1157
[KG][d5d2b1c5-641] ea_recognition:ea_recognition 572/1157 (49%) - Chunk 572 / 1157
[KG][d5d2b1c5-641] ea_recognition:ea_recognition 566/1157 (49%) - Chunk 566 / 1157
[KG][d5d2b1c5-641] ea_recognition:ea_recognition 573/1157 (50%) - Chunk 573 / 1157
[KG][d5d2b1c5-641] ea_recognition:ea_recognition 567/1157 (49%) - Chunk 567 / 1157
[KG][d5d2b1c5-641] ea_recognition:ea_recognition 574/1157 (50%) - Chunk 574 / 1157
[KG][d5d2b1c5-641] ea_recognition:ea_recognition 568/1157 (49%) - Chunk 568 / 1157
[KG][d5d2b1c5-641] ea_recognition:ea_recognition 575/1157 (50%) - Chunk 575 / 1157
[KG][d5d2b1c5-641] ea_recognition:ea_recognition 569/1157 (49%) - Chunk 569 / 1157
[KG][d5d2b1c5-641] ea_recognition:ea_recognition 576/1157 (50%) - Chunk 576 / 1157
[KG][d5d2b1c5-641] ea_recognition:ea_recognition 570/1157 (49%) - Chunk 570 / 1157
[KG][d5d2b1c5-641] ea_recognition:ea_recognition 577/1157 (50%) - Chunk 577 / 1157
[KG][d5d2b1c5-641] ea_recognition:ea_recognition 571/1157 (49%) - Chunk 571 / 1157
[KG][d5d2b1c5-641] ea_recognition:ea_recognition 578/1157 (50%) - Chunk 578 / 1157
[KG][d5d2b1c5-641] ea_recognition:ea_recognition 572/1157 (49%) - Chunk 572 / 1157
[KG][d5d2b1c5-641] ea_recognition:ea_recognition 579/1157 (50%) - Chunk 579 / 1157
[KG][d5d2b1c5-641] ea_recognition:ea_recognition 573/1157 (50%) - Chunk 573 / 1157
[KG][d5d2b1c5-641] ea_recognition:ea_recognition 580/1157 (50%) - Chunk 580 / 1157
[KG][d5d2b1c5-641] ea_recognition:ea_recognition 574/1157 (50%) - Chunk 574 / 1157
[KG][d5d2b1c5-641] ea_recognition:ea_recognition 581/1157 (50%) - Chunk 581 / 1157
[KG][d5d2b1c5-641] ea_recognition:ea_recognition 575/1157 (50%) - Chunk 575 / 1157
[KG][d5d2b1c5-641] ea_recognition:ea_recognition 582/1157 (50%) - Chunk 582 / 1157
[KG][d5d2b1c5-641] ea_recognition:ea_recognition 576/1157 (50%) - Chunk 576 / 1157
[KG][d5d2b1c5-641] ea_recognition:ea_recognition 583/1157 (50%) - Chunk 583 / 1157
[KG][d5d2b1c5-641] ea_recognition:ea_recognition 577/1157 (50%) - Chunk 577 / 1157
[KG][d5d2b1c5-641] ea_recognition:ea_recognition 584/1157 (50%) - Chunk 584 / 1157
[KG][d5d2b1c5-641] ea_recognition:ea_recognition 578/1157 (50%) - Chunk 578 / 1157
[KG][d5d2b1c5-641] ea_recognition:ea_recognition 585/1157 (51%) - Chunk 585 / 1157
[KG][d5d2b1c5-641] ea_recognition:ea_recognition 579/1157 (50%) - Chunk 579 / 1157
[KG][d5d2b1c5-641] ea_recognition:ea_recognition 586/1157 (51%) - Chunk 586 / 1157
[KG][d5d2b1c5-641] ea_recognition:ea_recognition 580/1157 (50%) - Chunk 580 / 1157
[KG][d5d2b1c5-641] ea_recognition:ea_recognition 587/1157 (51%) - Chunk 587 / 1157
[KG][d5d2b1c5-641] ea_recognition:ea_recognition 581/1157 (50%) - Chunk 581 / 1157
[KG][d5d2b1c5-641] ea_recognition:ea_recognition 588/1157 (51%) - Chunk 588 / 1157
[KG][d5d2b1c5-641] ea_recognition:ea_recognition 582/1157 (50%) - Chunk 582 / 1157
[KG][d5d2b1c5-641] ea_recognition:ea_recognition 589/1157 (51%) - Chunk 589 / 1157
[KG][d5d2b1c5-641] ea_recognition:ea_recognition 583/1157 (50%) - Chunk 583 / 1157
[KG][d5d2b1c5-641] ea_recognition:ea_recognition 590/1157 (51%) - Chunk 590 / 1157
[KG][d5d2b1c5-641] ea_recognition:ea_recognition 584/1157 (50%) - Chunk 584 / 1157
[KG][d5d2b1c5-641] ea_recognition:ea_recognition 591/1157 (51%) - Chunk 591 / 1157
[KG][d5d2b1c5-641] ea_recognition:ea_recognition 585/1157 (51%) - Chunk 585 / 1157
[KG][d5d2b1c5-641] ea_recognition:ea_recognition 592/1157 (51%) - Chunk 592 / 1157
[KG][d5d2b1c5-641] ea_recognition:ea_recognition 586/1157 (51%) - Chunk 586 / 1157
[KG][d5d2b1c5-641] ea_recognition:ea_recognition 593/1157 (51%) - Chunk 593 / 1157
[KG][d5d2b1c5-641] ea_recognition:ea_recognition 587/1157 (51%) - Chunk 587 / 1157
[KG][d5d2b1c5-641] ea_recognition:ea_recognition 594/1157 (51%) - Chunk 594 / 1157
[KG][d5d2b1c5-641] ea_recognition:ea_recognition 588/1157 (51%) - Chunk 588 / 1157
[KG][d5d2b1c5-641] ea_recognition:ea_recognition 595/1157 (51%) - Chunk 595 / 1157
[KG][d5d2b1c5-641] ea_recognition:ea_recognition 589/1157 (51%) - Chunk 589 / 1157
[KG][d5d2b1c5-641] ea_recognition:ea_recognition 596/1157 (52%) - Chunk 596 / 1157
[KG][d5d2b1c5-641] ea_recognition:ea_recognition 590/1157 (51%) - Chunk 590 / 1157
[KG][d5d2b1c5-641] ea_recognition:ea_recognition 597/1157 (52%) - Chunk 597 / 1157
[KG][d5d2b1c5-641] ea_recognition:ea_recognition 591/1157 (51%) - Chunk 591 / 1157
[KG][d5d2b1c5-641] ea_recognition:ea_recognition 598/1157 (52%) - Chunk 598 / 1157
[KG][d5d2b1c5-641] ea_recognition:ea_recognition 592/1157 (51%) - Chunk 592 / 1157
[KG][d5d2b1c5-641] ea_recognition:ea_recognition 599/1157 (52%) - Chunk 599 / 1157
[KG][d5d2b1c5-641] ea_recognition:ea_recognition 593/1157 (51%) - Chunk 593 / 1157
[KG][d5d2b1c5-641] ea_recognition:ea_recognition 600/1157 (52%) - Chunk 600 / 1157
[KG][d5d2b1c5-641] ea_recognition:ea_recognition 594/1157 (51%) - Chunk 594 / 1157
[KG][d5d2b1c5-641] ea_recognition:ea_recognition 601/1157 (52%) - Chunk 601 / 1157
[KG][d5d2b1c5-641] ea_recognition:ea_recognition 595/1157 (51%) - Chunk 595 / 1157
[KG][d5d2b1c5-641] ea_recognition:ea_recognition 602/1157 (52%) - Chunk 602 / 1157
[KG][d5d2b1c5-641] ea_recognition:ea_recognition 596/1157 (52%) - Chunk 596 / 1157
[KG][d5d2b1c5-641] ea_recognition:ea_recognition 603/1157 (52%) - Chunk 603 / 1157
[KG][d5d2b1c5-641] ea_recognition:ea_recognition 597/1157 (52%) - Chunk 597 / 1157
[KG][d5d2b1c5-641] ea_recognition:ea_recognition 604/1157 (52%) - Chunk 604 / 1157
[KG][d5d2b1c5-641] ea_recognition:ea_recognition 598/1157 (52%) - Chunk 598 / 1157
[KG][d5d2b1c5-641] ea_recognition:ea_recognition 605/1157 (52%) - Chunk 605 / 1157
[KG][d5d2b1c5-641] ea_recognition:ea_recognition 599/1157 (52%) - Chunk 599 / 1157
[KG][d5d2b1c5-641] ea_recognition:ea_recognition 606/1157 (52%) - Chunk 606 / 1157
[KG][d5d2b1c5-641] ea_recognition:ea_recognition 600/1157 (52%) - Chunk 600 / 1157
[KG][d5d2b1c5-641] ea_recognition:ea_recognition 607/1157 (52%) - Chunk 607 / 1157
[KG][d5d2b1c5-641] ea_recognition:ea_recognition 601/1157 (52%) - Chunk 601 / 1157
[KG][d5d2b1c5-641] ea_recognition:ea_recognition 608/1157 (53%) - Chunk 608 / 1157
[KG][d5d2b1c5-641] ea_recognition:ea_recognition 602/1157 (52%) - Chunk 602 / 1157
[KG][d5d2b1c5-641] ea_recognition:ea_recognition 609/1157 (53%) - Chunk 609 / 1157
[KG][d5d2b1c5-641] ea_recognition:ea_recognition 603/1157 (52%) - Chunk 603 / 1157
[KG][d5d2b1c5-641] ea_recognition:ea_recognition 610/1157 (53%) - Chunk 610 / 1157
[KG][d5d2b1c5-641] ea_recognition:ea_recognition 604/1157 (52%) - Chunk 604 / 1157
[KG][d5d2b1c5-641] ea_recognition:ea_recognition 611/1157 (53%) - Chunk 611 / 1157
[KG][d5d2b1c5-641] ea_recognition:ea_recognition 605/1157 (52%) - Chunk 605 / 1157
[KG][d5d2b1c5-641] ea_recognition:ea_recognition 612/1157 (53%) - Chunk 612 / 1157
[KG][d5d2b1c5-641] ea_recognition:ea_recognition 606/1157 (52%) - Chunk 606 / 1157
[KG][d5d2b1c5-641] ea_recognition:ea_recognition 613/1157 (53%) - Chunk 613 / 1157
[KG][d5d2b1c5-641] ea_recognition:ea_recognition 607/1157 (52%) - Chunk 607 / 1157
[KG][d5d2b1c5-641] ea_recognition:ea_recognition 614/1157 (53%) - Chunk 614 / 1157
[KG][d5d2b1c5-641] ea_recognition:ea_recognition 608/1157 (53%) - Chunk 608 / 1157
[KG][d5d2b1c5-641] ea_recognition:ea_recognition 615/1157 (53%) - Chunk 615 / 1157
[KG][d5d2b1c5-641] ea_recognition:ea_recognition 609/1157 (53%) - Chunk 609 / 1157
[KG][d5d2b1c5-641] ea_recognition:ea_recognition 616/1157 (53%) - Chunk 616 / 1157
[KG][d5d2b1c5-641] ea_recognition:ea_recognition 610/1157 (53%) - Chunk 610 / 1157
[KG][d5d2b1c5-641] ea_recognition:ea_recognition 617/1157 (53%) - Chunk 617 / 1157
[KG][d5d2b1c5-641] ea_recognition:ea_recognition 611/1157 (53%) - Chunk 611 / 1157
[KG][d5d2b1c5-641] ea_recognition:ea_recognition 618/1157 (53%) - Chunk 618 / 1157
[KG][d5d2b1c5-641] ea_recognition:ea_recognition 612/1157 (53%) - Chunk 612 / 1157
[KG][d5d2b1c5-641] ea_recognition:ea_recognition 619/1157 (54%) - Chunk 619 / 1157
[KG][d5d2b1c5-641] ea_recognition:ea_recognition 613/1157 (53%) - Chunk 613 / 1157
[KG][d5d2b1c5-641] ea_recognition:ea_recognition 620/1157 (54%) - Chunk 620 / 1157
[KG][d5d2b1c5-641] ea_recognition:ea_recognition 614/1157 (53%) - Chunk 614 / 1157
[KG][d5d2b1c5-641] ea_recognition:ea_recognition 621/1157 (54%) - Chunk 621 / 1157
[KG][d5d2b1c5-641] ea_recognition:ea_recognition 615/1157 (53%) - Chunk 615 / 1157
[KG][d5d2b1c5-641] ea_recognition:ea_recognition 622/1157 (54%) - Chunk 622 / 1157
[KG][d5d2b1c5-641] ea_recognition:ea_recognition 616/1157 (53%) - Chunk 616 / 1157
[KG][d5d2b1c5-641] ea_recognition:ea_recognition 623/1157 (54%) - Chunk 623 / 1157
[KG][d5d2b1c5-641] ea_recognition:ea_recognition 617/1157 (53%) - Chunk 617 / 1157
[KG][d5d2b1c5-641] ea_recognition:ea_recognition 624/1157 (54%) - Chunk 624 / 1157
[KG][d5d2b1c5-641] ea_recognition:ea_recognition 618/1157 (53%) - Chunk 618 / 1157
[KG][d5d2b1c5-641] ea_recognition:ea_recognition 625/1157 (54%) - Chunk 625 / 1157
[KG][d5d2b1c5-641] ea_recognition:ea_recognition 619/1157 (54%) - Chunk 619 / 1157
[KG][d5d2b1c5-641] ea_recognition:ea_recognition 626/1157 (54%) - Chunk 626 / 1157
[KG][d5d2b1c5-641] ea_recognition:ea_recognition 620/1157 (54%) - Chunk 620 / 1157
[KG][d5d2b1c5-641] ea_recognition:ea_recognition 627/1157 (54%) - Chunk 627 / 1157
[KG][d5d2b1c5-641] ea_recognition:ea_recognition 621/1157 (54%) - Chunk 621 / 1157
[KG][d5d2b1c5-641] ea_recognition:ea_recognition 628/1157 (54%) - Chunk 628 / 1157
[KG][d5d2b1c5-641] ea_recognition:ea_recognition 622/1157 (54%) - Chunk 622 / 1157
[KG][d5d2b1c5-641] ea_recognition:ea_recognition 629/1157 (54%) - Chunk 629 / 1157
[KG][d5d2b1c5-641] ea_recognition:ea_recognition 623/1157 (54%) - Chunk 623 / 1157
[KG][d5d2b1c5-641] ea_recognition:ea_recognition 630/1157 (54%) - Chunk 630 / 1157
[KG][d5d2b1c5-641] ea_recognition:ea_recognition 624/1157 (54%) - Chunk 624 / 1157
[KG][d5d2b1c5-641] ea_recognition:ea_recognition 631/1157 (55%) - Chunk 631 / 1157
[KG][d5d2b1c5-641] ea_recognition:ea_recognition 625/1157 (54%) - Chunk 625 / 1157
[KG][d5d2b1c5-641] ea_recognition:ea_recognition 632/1157 (55%) - Chunk 632 / 1157
[KG][d5d2b1c5-641] ea_recognition:ea_recognition 626/1157 (54%) - Chunk 626 / 1157
[KG][d5d2b1c5-641] ea_recognition:ea_recognition 633/1157 (55%) - Chunk 633 / 1157
[KG][d5d2b1c5-641] ea_recognition:ea_recognition 627/1157 (54%) - Chunk 627 / 1157
[KG][d5d2b1c5-641] ea_recognition:ea_recognition 634/1157 (55%) - Chunk 634 / 1157
[KG][d5d2b1c5-641] ea_recognition:ea_recognition 628/1157 (54%) - Chunk 628 / 1157
[KG][d5d2b1c5-641] ea_recognition:ea_recognition 635/1157 (55%) - Chunk 635 / 1157
[KG][d5d2b1c5-641] ea_recognition:ea_recognition 629/1157 (54%) - Chunk 629 / 1157
[KG][d5d2b1c5-641] ea_recognition:ea_recognition 636/1157 (55%) - Chunk 636 / 1157
[KG][d5d2b1c5-641] ea_recognition:ea_recognition 630/1157 (54%) - Chunk 630 / 1157
[KG][d5d2b1c5-641] ea_recognition:ea_recognition 637/1157 (55%) - Chunk 637 / 1157
[KG][d5d2b1c5-641] ea_recognition:ea_recognition 631/1157 (55%) - Chunk 631 / 1157
[KG][d5d2b1c5-641] ea_recognition:ea_recognition 638/1157 (55%) - Chunk 638 / 1157
[KG][d5d2b1c5-641] ea_recognition:ea_recognition 632/1157 (55%) - Chunk 632 / 1157
[KG][d5d2b1c5-641] ea_recognition:ea_recognition 639/1157 (55%) - Chunk 639 / 1157
[KG][d5d2b1c5-641] ea_recognition:ea_recognition 633/1157 (55%) - Chunk 633 / 1157
[KG][d5d2b1c5-641] ea_recognition:ea_recognition 640/1157 (55%) - Chunk 640 / 1157
[KG][d5d2b1c5-641] ea_recognition:ea_recognition 634/1157 (55%) - Chunk 634 / 1157
[KG][d5d2b1c5-641] ea_recognition:ea_recognition 641/1157 (55%) - Chunk 641 / 1157
[KG][d5d2b1c5-641] ea_recognition:ea_recognition 635/1157 (55%) - Chunk 635 / 1157
[KG][d5d2b1c5-641] ea_recognition:ea_recognition 642/1157 (55%) - Chunk 642 / 1157
[KG][d5d2b1c5-641] ea_recognition:ea_recognition 636/1157 (55%) - Chunk 636 / 1157
[KG][d5d2b1c5-641] ea_recognition:ea_recognition 643/1157 (56%) - Chunk 643 / 1157
[KG][d5d2b1c5-641] ea_recognition:ea_recognition 637/1157 (55%) - Chunk 637 / 1157
[KG][d5d2b1c5-641] ea_recognition:ea_recognition 644/1157 (56%) - Chunk 644 / 1157
[KG][d5d2b1c5-641] ea_recognition:ea_recognition 638/1157 (55%) - Chunk 638 / 1157
[KG][d5d2b1c5-641] ea_recognition:ea_recognition 645/1157 (56%) - Chunk 645 / 1157
[KG][d5d2b1c5-641] ea_recognition:ea_recognition 639/1157 (55%) - Chunk 639 / 1157
[KG][d5d2b1c5-641] ea_recognition:ea_recognition 646/1157 (56%) - Chunk 646 / 1157
[KG][d5d2b1c5-641] ea_recognition:ea_recognition 640/1157 (55%) - Chunk 640 / 1157
[KG][d5d2b1c5-641] ea_recognition:ea_recognition 647/1157 (56%) - Chunk 647 / 1157
[KG][d5d2b1c5-641] ea_recognition:ea_recognition 641/1157 (55%) - Chunk 641 / 1157
[KG][d5d2b1c5-641] ea_recognition:ea_recognition 648/1157 (56%) - Chunk 648 / 1157
[KG][d5d2b1c5-641] ea_recognition:ea_recognition 642/1157 (55%) - Chunk 642 / 1157
[KG][d5d2b1c5-641] ea_recognition:ea_recognition 649/1157 (56%) - Chunk 649 / 1157
[KG][d5d2b1c5-641] ea_recognition:ea_recognition 643/1157 (56%) - Chunk 643 / 1157
[KG][d5d2b1c5-641] ea_recognition:ea_recognition 650/1157 (56%) - Chunk 650 / 1157
[KG][d5d2b1c5-641] ea_recognition:ea_recognition 644/1157 (56%) - Chunk 644 / 1157
[KG][d5d2b1c5-641] ea_recognition:ea_recognition 651/1157 (56%) - Chunk 651 / 1157
[KG][d5d2b1c5-641] ea_recognition:ea_recognition 645/1157 (56%) - Chunk 645 / 1157
[KG][d5d2b1c5-641] ea_recognition:ea_recognition 652/1157 (56%) - Chunk 652 / 1157
[KG][d5d2b1c5-641] ea_recognition:ea_recognition 646/1157 (56%) - Chunk 646 / 1157
[KG][d5d2b1c5-641] ea_recognition:ea_recognition 653/1157 (56%) - Chunk 653 / 1157
[KG][d5d2b1c5-641] ea_recognition:ea_recognition 647/1157 (56%) - Chunk 647 / 1157
[KG][d5d2b1c5-641] ea_recognition:ea_recognition 654/1157 (57%) - Chunk 654 / 1157
[KG][d5d2b1c5-641] ea_recognition:ea_recognition 648/1157 (56%) - Chunk 648 / 1157
[KG][d5d2b1c5-641] ea_recognition:ea_recognition 655/1157 (57%) - Chunk 655 / 1157
[KG][d5d2b1c5-641] ea_recognition:ea_recognition 649/1157 (56%) - Chunk 649 / 1157
[KG][d5d2b1c5-641] ea_recognition:ea_recognition 656/1157 (57%) - Chunk 656 / 1157
[KG][d5d2b1c5-641] ea_recognition:ea_recognition 650/1157 (56%) - Chunk 650 / 1157
[KG][d5d2b1c5-641] ea_recognition:ea_recognition 657/1157 (57%) - Chunk 657 / 1157
[KG][d5d2b1c5-641] ea_recognition:ea_recognition 651/1157 (56%) - Chunk 651 / 1157
[KG][d5d2b1c5-641] ea_recognition:ea_recognition 658/1157 (57%) - Chunk 658 / 1157
[KG][d5d2b1c5-641] ea_recognition:ea_recognition 652/1157 (56%) - Chunk 652 / 1157
[KG][d5d2b1c5-641] ea_recognition:ea_recognition 659/1157 (57%) - Chunk 659 / 1157
[KG][d5d2b1c5-641] ea_recognition:ea_recognition 653/1157 (56%) - Chunk 653 / 1157
[KG][d5d2b1c5-641] ea_recognition:ea_recognition 660/1157 (57%) - Chunk 660 / 1157
[KG][d5d2b1c5-641] ea_recognition:ea_recognition 654/1157 (57%) - Chunk 654 / 1157
[KG][d5d2b1c5-641] ea_recognition:ea_recognition 661/1157 (57%) - Chunk 661 / 1157
[KG][d5d2b1c5-641] ea_recognition:ea_recognition 655/1157 (57%) - Chunk 655 / 1157
[KG][d5d2b1c5-641] ea_recognition:ea_recognition 662/1157 (57%) - Chunk 662 / 1157
[KG][d5d2b1c5-641] ea_recognition:ea_recognition 656/1157 (57%) - Chunk 656 / 1157
[KG][d5d2b1c5-641] ea_recognition:ea_recognition 663/1157 (57%) - Chunk 663 / 1157
[KG][d5d2b1c5-641] ea_recognition:ea_recognition 657/1157 (57%) - Chunk 657 / 1157
[KG][d5d2b1c5-641] ea_recognition:ea_recognition 664/1157 (57%) - Chunk 664 / 1157
[KG][d5d2b1c5-641] ea_recognition:ea_recognition 658/1157 (57%) - Chunk 658 / 1157
[KG][d5d2b1c5-641] ea_recognition:ea_recognition 665/1157 (57%) - Chunk 665 / 1157
[KG][d5d2b1c5-641] ea_recognition:ea_recognition 659/1157 (57%) - Chunk 659 / 1157
[KG][d5d2b1c5-641] ea_recognition:ea_recognition 666/1157 (58%) - Chunk 666 / 1157
[KG][d5d2b1c5-641] ea_recognition:ea_recognition 660/1157 (57%) - Chunk 660 / 1157
[KG][d5d2b1c5-641] ea_recognition:ea_recognition 667/1157 (58%) - Chunk 667 / 1157
[KG][d5d2b1c5-641] ea_recognition:ea_recognition 661/1157 (57%) - Chunk 661 / 1157
[KG][d5d2b1c5-641] ea_recognition:ea_recognition 668/1157 (58%) - Chunk 668 / 1157
[KG][d5d2b1c5-641] ea_recognition:ea_recognition 662/1157 (57%) - Chunk 662 / 1157
[KG][d5d2b1c5-641] ea_recognition:ea_recognition 669/1157 (58%) - Chunk 669 / 1157
[KG][d5d2b1c5-641] ea_recognition:ea_recognition 663/1157 (57%) - Chunk 663 / 1157
[KG][d5d2b1c5-641] ea_recognition:ea_recognition 670/1157 (58%) - Chunk 670 / 1157
[KG][d5d2b1c5-641] ea_recognition:ea_recognition 664/1157 (57%) - Chunk 664 / 1157
[KG][d5d2b1c5-641] ea_recognition:ea_recognition 671/1157 (58%) - Chunk 671 / 1157
[KG][d5d2b1c5-641] ea_recognition:ea_recognition 665/1157 (57%) - Chunk 665 / 1157
[KG][d5d2b1c5-641] ea_recognition:ea_recognition 672/1157 (58%) - Chunk 672 / 1157
[KG][d5d2b1c5-641] ea_recognition:ea_recognition 666/1157 (58%) - Chunk 666 / 1157
[KG][d5d2b1c5-641] ea_recognition:ea_recognition 673/1157 (58%) - Chunk 673 / 1157
[KG][d5d2b1c5-641] ea_recognition:ea_recognition 667/1157 (58%) - Chunk 667 / 1157
[KG][d5d2b1c5-641] ea_recognition:ea_recognition 674/1157 (58%) - Chunk 674 / 1157
[KG][d5d2b1c5-641] ea_recognition:ea_recognition 668/1157 (58%) - Chunk 668 / 1157
[KG][d5d2b1c5-641] ea_recognition:ea_recognition 675/1157 (58%) - Chunk 675 / 1157
[KG][d5d2b1c5-641] ea_recognition:ea_recognition 669/1157 (58%) - Chunk 669 / 1157
[KG][d5d2b1c5-641] ea_recognition:ea_recognition 676/1157 (58%) - Chunk 676 / 1157
[KG][d5d2b1c5-641] ea_recognition:ea_recognition 670/1157 (58%) - Chunk 670 / 1157
[KG][d5d2b1c5-641] ea_recognition:ea_recognition 677/1157 (59%) - Chunk 677 / 1157
[KG][d5d2b1c5-641] ea_recognition:ea_recognition 671/1157 (58%) - Chunk 671 / 1157
[KG][d5d2b1c5-641] ea_recognition:ea_recognition 678/1157 (59%) - Chunk 678 / 1157
[KG][d5d2b1c5-641] ea_recognition:ea_recognition 672/1157 (58%) - Chunk 672 / 1157
[KG][d5d2b1c5-641] ea_recognition:ea_recognition 679/1157 (59%) - Chunk 679 / 1157
[KG][d5d2b1c5-641] ea_recognition:ea_recognition 673/1157 (58%) - Chunk 673 / 1157
[KG][d5d2b1c5-641] ea_recognition:ea_recognition 680/1157 (59%) - Chunk 680 / 1157
[KG][d5d2b1c5-641] ea_recognition:ea_recognition 674/1157 (58%) - Chunk 674 / 1157
[KG][d5d2b1c5-641] ea_recognition:ea_recognition 681/1157 (59%) - Chunk 681 / 1157
[KG][d5d2b1c5-641] ea_recognition:ea_recognition 675/1157 (58%) - Chunk 675 / 1157
[KG][d5d2b1c5-641] ea_recognition:ea_recognition 682/1157 (59%) - Chunk 682 / 1157
[KG][d5d2b1c5-641] ea_recognition:ea_recognition 676/1157 (58%) - Chunk 676 / 1157
[KG][d5d2b1c5-641] ea_recognition:ea_recognition 683/1157 (59%) - Chunk 683 / 1157
[KG][d5d2b1c5-641] ea_recognition:ea_recognition 677/1157 (59%) - Chunk 677 / 1157
[KG][d5d2b1c5-641] ea_recognition:ea_recognition 684/1157 (59%) - Chunk 684 / 1157
[KG][d5d2b1c5-641] ea_recognition:ea_recognition 678/1157 (59%) - Chunk 678 / 1157
[KG][d5d2b1c5-641] ea_recognition:ea_recognition 685/1157 (59%) - Chunk 685 / 1157
[KG][d5d2b1c5-641] ea_recognition:ea_recognition 679/1157 (59%) - Chunk 679 / 1157
[KG][d5d2b1c5-641] ea_recognition:ea_recognition 686/1157 (59%) - Chunk 686 / 1157
[KG][d5d2b1c5-641] ea_recognition:ea_recognition 680/1157 (59%) - Chunk 680 / 1157
[KG][d5d2b1c5-641] ea_recognition:ea_recognition 687/1157 (59%) - Chunk 687 / 1157
[KG][d5d2b1c5-641] ea_recognition:ea_recognition 681/1157 (59%) - Chunk 681 / 1157
[KG][d5d2b1c5-641] ea_recognition:ea_recognition 688/1157 (59%) - Chunk 688 / 1157
[KG][d5d2b1c5-641] ea_recognition:ea_recognition 682/1157 (59%) - Chunk 682 / 1157
[KG][d5d2b1c5-641] ea_recognition:ea_recognition 689/1157 (60%) - Chunk 689 / 1157
[KG][d5d2b1c5-641] ea_recognition:ea_recognition 683/1157 (59%) - Chunk 683 / 1157
[KG][d5d2b1c5-641] ea_recognition:ea_recognition 690/1157 (60%) - Chunk 690 / 1157
[KG][d5d2b1c5-641] ea_recognition:ea_recognition 684/1157 (59%) - Chunk 684 / 1157
[KG][d5d2b1c5-641] ea_recognition:ea_recognition 691/1157 (60%) - Chunk 691 / 1157
[KG][d5d2b1c5-641] ea_recognition:ea_recognition 685/1157 (59%) - Chunk 685 / 1157
[KG][d5d2b1c5-641] ea_recognition:ea_recognition 692/1157 (60%) - Chunk 692 / 1157
[KG][d5d2b1c5-641] ea_recognition:ea_recognition 686/1157 (59%) - Chunk 686 / 1157
[KG][d5d2b1c5-641] ea_recognition:ea_recognition 693/1157 (60%) - Chunk 693 / 1157
[KG][d5d2b1c5-641] ea_recognition:ea_recognition 687/1157 (59%) - Chunk 687 / 1157
[KG][d5d2b1c5-641] ea_recognition:ea_recognition 694/1157 (60%) - Chunk 694 / 1157
[KG][d5d2b1c5-641] ea_recognition:ea_recognition 688/1157 (59%) - Chunk 688 / 1157
[KG][d5d2b1c5-641] ea_recognition:ea_recognition 695/1157 (60%) - Chunk 695 / 1157
[KG][d5d2b1c5-641] ea_recognition:ea_recognition 689/1157 (60%) - Chunk 689 / 1157
[KG][d5d2b1c5-641] ea_recognition:ea_recognition 696/1157 (60%) - Chunk 696 / 1157
[KG][d5d2b1c5-641] ea_recognition:ea_recognition 690/1157 (60%) - Chunk 690 / 1157
[KG][d5d2b1c5-641] ea_recognition:ea_recognition 697/1157 (60%) - Chunk 697 / 1157
[KG][d5d2b1c5-641] ea_recognition:ea_recognition 691/1157 (60%) - Chunk 691 / 1157
[KG][d5d2b1c5-641] ea_recognition:ea_recognition 698/1157 (60%) - Chunk 698 / 1157
[KG][d5d2b1c5-641] ea_recognition:ea_recognition 692/1157 (60%) - Chunk 692 / 1157
[KG][d5d2b1c5-641] ea_recognition:ea_recognition 699/1157 (60%) - Chunk 699 / 1157
[KG][d5d2b1c5-641] ea_recognition:ea_recognition 693/1157 (60%) - Chunk 693 / 1157
[KG][d5d2b1c5-641] ea_recognition:ea_recognition 700/1157 (61%) - Chunk 700 / 1157
[KG][d5d2b1c5-641] ea_recognition:ea_recognition 694/1157 (60%) - Chunk 694 / 1157
[KG][d5d2b1c5-641] ea_recognition:ea_recognition 701/1157 (61%) - Chunk 701 / 1157
[KG][d5d2b1c5-641] ea_recognition:ea_recognition 695/1157 (60%) - Chunk 695 / 1157
[KG][d5d2b1c5-641] ea_recognition:ea_recognition 702/1157 (61%) - Chunk 702 / 1157
[KG][d5d2b1c5-641] ea_recognition:ea_recognition 696/1157 (60%) - Chunk 696 / 1157
[KG][d5d2b1c5-641] ea_recognition:ea_recognition 703/1157 (61%) - Chunk 703 / 1157
[KG][d5d2b1c5-641] ea_recognition:ea_recognition 697/1157 (60%) - Chunk 697 / 1157
[KG][d5d2b1c5-641] ea_recognition:ea_recognition 704/1157 (61%) - Chunk 704 / 1157
[KG][d5d2b1c5-641] ea_recognition:ea_recognition 698/1157 (60%) - Chunk 698 / 1157
[KG][d5d2b1c5-641] ea_recognition:ea_recognition 705/1157 (61%) - Chunk 705 / 1157
[KG][d5d2b1c5-641] ea_recognition:ea_recognition 699/1157 (60%) - Chunk 699 / 1157
[KG][d5d2b1c5-641] ea_recognition:ea_recognition 706/1157 (61%) - Chunk 706 / 1157
[KG][d5d2b1c5-641] ea_recognition:ea_recognition 700/1157 (61%) - Chunk 700 / 1157
[KG][d5d2b1c5-641] ea_recognition:ea_recognition 707/1157 (61%) - Chunk 707 / 1157
[KG][d5d2b1c5-641] ea_recognition:ea_recognition 701/1157 (61%) - Chunk 701 / 1157
[KG][d5d2b1c5-641] ea_recognition:ea_recognition 708/1157 (61%) - Chunk 708 / 1157
[KG][d5d2b1c5-641] ea_recognition:ea_recognition 702/1157 (61%) - Chunk 702 / 1157
[KG][d5d2b1c5-641] ea_recognition:ea_recognition 709/1157 (61%) - Chunk 709 / 1157
[KG][d5d2b1c5-641] ea_recognition:ea_recognition 703/1157 (61%) - Chunk 703 / 1157
[KG][d5d2b1c5-641] ea_recognition:ea_recognition 710/1157 (61%) - Chunk 710 / 1157
[KG][d5d2b1c5-641] ea_recognition:ea_recognition 704/1157 (61%) - Chunk 704 / 1157
[KG][d5d2b1c5-641] ea_recognition:ea_recognition 711/1157 (61%) - Chunk 711 / 1157
[KG][d5d2b1c5-641] ea_recognition:ea_recognition 705/1157 (61%) - Chunk 705 / 1157
[KG][d5d2b1c5-641] ea_recognition:ea_recognition 712/1157 (62%) - Chunk 712 / 1157
[KG][d5d2b1c5-641] ea_recognition:ea_recognition 706/1157 (61%) - Chunk 706 / 1157
[KG][d5d2b1c5-641] ea_recognition:ea_recognition 713/1157 (62%) - Chunk 713 / 1157
[KG][d5d2b1c5-641] ea_recognition:ea_recognition 707/1157 (61%) - Chunk 707 / 1157
[KG][d5d2b1c5-641] ea_recognition:ea_recognition 714/1157 (62%) - Chunk 714 / 1157
[KG][d5d2b1c5-641] ea_recognition:ea_recognition 708/1157 (61%) - Chunk 708 / 1157
[KG][d5d2b1c5-641] ea_recognition:ea_recognition 715/1157 (62%) - Chunk 715 / 1157
[KG][d5d2b1c5-641] ea_recognition:ea_recognition 709/1157 (61%) - Chunk 709 / 1157
[KG][d5d2b1c5-641] ea_recognition:ea_recognition 716/1157 (62%) - Chunk 716 / 1157
[KG][d5d2b1c5-641] ea_recognition:ea_recognition 710/1157 (61%) - Chunk 710 / 1157
[KG][d5d2b1c5-641] ea_recognition:ea_recognition 717/1157 (62%) - Chunk 717 / 1157
[KG][d5d2b1c5-641] ea_recognition:ea_recognition 711/1157 (61%) - Chunk 711 / 1157
[KG][d5d2b1c5-641] ea_recognition:ea_recognition 718/1157 (62%) - Chunk 718 / 1157
[KG][d5d2b1c5-641] ea_recognition:ea_recognition 712/1157 (62%) - Chunk 712 / 1157
[KG][d5d2b1c5-641] ea_recognition:ea_recognition 719/1157 (62%) - Chunk 719 / 1157
[KG][d5d2b1c5-641] ea_recognition:ea_recognition 713/1157 (62%) - Chunk 713 / 1157
[KG][d5d2b1c5-641] ea_recognition:ea_recognition 720/1157 (62%) - Chunk 720 / 1157
[KG][d5d2b1c5-641] ea_recognition:ea_recognition 714/1157 (62%) - Chunk 714 / 1157
[KG][d5d2b1c5-641] ea_recognition:ea_recognition 721/1157 (62%) - Chunk 721 / 1157
[KG][d5d2b1c5-641] ea_recognition:ea_recognition 715/1157 (62%) - Chunk 715 / 1157
[KG][d5d2b1c5-641] ea_recognition:ea_recognition 722/1157 (62%) - Chunk 722 / 1157
[KG][d5d2b1c5-641] ea_recognition:ea_recognition 716/1157 (62%) - Chunk 716 / 1157
[KG][d5d2b1c5-641] ea_recognition:ea_recognition 723/1157 (62%) - Chunk 723 / 1157
[KG][d5d2b1c5-641] ea_recognition:ea_recognition 717/1157 (62%) - Chunk 717 / 1157
[KG][d5d2b1c5-641] ea_recognition:ea_recognition 724/1157 (63%) - Chunk 724 / 1157
[KG][d5d2b1c5-641] ea_recognition:ea_recognition 718/1157 (62%) - Chunk 718 / 1157
[KG][d5d2b1c5-641] ea_recognition:ea_recognition 725/1157 (63%) - Chunk 725 / 1157
[KG][d5d2b1c5-641] ea_recognition:ea_recognition 719/1157 (62%) - Chunk 719 / 1157
[KG][d5d2b1c5-641] ea_recognition:ea_recognition 726/1157 (63%) - Chunk 726 / 1157
[KG][d5d2b1c5-641] ea_recognition:ea_recognition 720/1157 (62%) - Chunk 720 / 1157
[KG][d5d2b1c5-641] ea_recognition:ea_recognition 727/1157 (63%) - Chunk 727 / 1157
[KG][d5d2b1c5-641] ea_recognition:ea_recognition 721/1157 (62%) - Chunk 721 / 1157
[KG][d5d2b1c5-641] ea_recognition:ea_recognition 728/1157 (63%) - Chunk 728 / 1157
[KG][d5d2b1c5-641] ea_recognition:ea_recognition 722/1157 (62%) - Chunk 722 / 1157
[KG][d5d2b1c5-641] ea_recognition:ea_recognition 729/1157 (63%) - Chunk 729 / 1157
[KG][d5d2b1c5-641] ea_recognition:ea_recognition 723/1157 (62%) - Chunk 723 / 1157
[KG][d5d2b1c5-641] ea_recognition:ea_recognition 730/1157 (63%) - Chunk 730 / 1157
[KG][d5d2b1c5-641] ea_recognition:ea_recognition 724/1157 (63%) - Chunk 724 / 1157
[KG][d5d2b1c5-641] ea_recognition:ea_recognition 731/1157 (63%) - Chunk 731 / 1157
[KG][d5d2b1c5-641] ea_recognition:ea_recognition 725/1157 (63%) - Chunk 725 / 1157
[KG][d5d2b1c5-641] ea_recognition:ea_recognition 732/1157 (63%) - Chunk 732 / 1157
[KG][d5d2b1c5-641] ea_recognition:ea_recognition 726/1157 (63%) - Chunk 726 / 1157
[KG][d5d2b1c5-641] ea_recognition:ea_recognition 733/1157 (63%) - Chunk 733 / 1157
[KG][d5d2b1c5-641] ea_recognition:ea_recognition 727/1157 (63%) - Chunk 727 / 1157
[KG][d5d2b1c5-641] ea_recognition:ea_recognition 734/1157 (63%) - Chunk 734 / 1157
[KG][d5d2b1c5-641] ea_recognition:ea_recognition 728/1157 (63%) - Chunk 728 / 1157
[KG][d5d2b1c5-641] ea_recognition:ea_recognition 735/1157 (64%) - Chunk 735 / 1157
[KG][d5d2b1c5-641] ea_recognition:ea_recognition 729/1157 (63%) - Chunk 729 / 1157
[KG][d5d2b1c5-641] ea_recognition:ea_recognition 736/1157 (64%) - Chunk 736 / 1157
[KG][d5d2b1c5-641] ea_recognition:ea_recognition 730/1157 (63%) - Chunk 730 / 1157
[KG][d5d2b1c5-641] ea_recognition:ea_recognition 737/1157 (64%) - Chunk 737 / 1157
[KG][d5d2b1c5-641] ea_recognition:ea_recognition 731/1157 (63%) - Chunk 731 / 1157
[KG][d5d2b1c5-641] ea_recognition:ea_recognition 738/1157 (64%) - Chunk 738 / 1157
[KG][d5d2b1c5-641] ea_recognition:ea_recognition 732/1157 (63%) - Chunk 732 / 1157
[KG][d5d2b1c5-641] ea_recognition:ea_recognition 739/1157 (64%) - Chunk 739 / 1157
[KG][d5d2b1c5-641] ea_recognition:ea_recognition 733/1157 (63%) - Chunk 733 / 1157
[KG][d5d2b1c5-641] ea_recognition:ea_recognition 740/1157 (64%) - Chunk 740 / 1157
[KG][d5d2b1c5-641] ea_recognition:ea_recognition 734/1157 (63%) - Chunk 734 / 1157
[KG][d5d2b1c5-641] ea_recognition:ea_recognition 741/1157 (64%) - Chunk 741 / 1157
[KG][d5d2b1c5-641] ea_recognition:ea_recognition 742/1157 (64%) - Chunk 742 / 1157
[KG][d5d2b1c5-641] ea_recognition:ea_recognition 735/1157 (64%) - Chunk 735 / 1157
[KG][d5d2b1c5-641] ea_recognition:ea_recognition 743/1157 (64%) - Chunk 743 / 1157
[KG][d5d2b1c5-641] ea_recognition:ea_recognition 736/1157 (64%) - Chunk 736 / 1157
[KG][d5d2b1c5-641] ea_recognition:ea_recognition 744/1157 (64%) - Chunk 744 / 1157
[KG][d5d2b1c5-641] ea_recognition:ea_recognition 737/1157 (64%) - Chunk 737 / 1157
[KG][d5d2b1c5-641] ea_recognition:ea_recognition 745/1157 (64%) - Chunk 745 / 1157
[KG][d5d2b1c5-641] ea_recognition:ea_recognition 738/1157 (64%) - Chunk 738 / 1157
[KG][d5d2b1c5-641] ea_recognition:ea_recognition 746/1157 (64%) - Chunk 746 / 1157
[KG][d5d2b1c5-641] ea_recognition:ea_recognition 739/1157 (64%) - Chunk 739 / 1157
[KG][d5d2b1c5-641] ea_recognition:ea_recognition 747/1157 (65%) - Chunk 747 / 1157
[KG][d5d2b1c5-641] ea_recognition:ea_recognition 740/1157 (64%) - Chunk 740 / 1157
[KG][d5d2b1c5-641] ea_recognition:ea_recognition 748/1157 (65%) - Chunk 748 / 1157
[KG][d5d2b1c5-641] ea_recognition:ea_recognition 741/1157 (64%) - Chunk 741 / 1157
[KG][d5d2b1c5-641] ea_recognition:ea_recognition 749/1157 (65%) - Chunk 749 / 1157
[KG][d5d2b1c5-641] ea_recognition:ea_recognition 742/1157 (64%) - Chunk 742 / 1157
[KG][d5d2b1c5-641] ea_recognition:ea_recognition 750/1157 (65%) - Chunk 750 / 1157
[KG][d5d2b1c5-641] ea_recognition:ea_recognition 743/1157 (64%) - Chunk 743 / 1157
[KG][d5d2b1c5-641] ea_recognition:ea_recognition 751/1157 (65%) - Chunk 751 / 1157
[KG][d5d2b1c5-641] ea_recognition:ea_recognition 744/1157 (64%) - Chunk 744 / 1157
[KG][d5d2b1c5-641] ea_recognition:ea_recognition 752/1157 (65%) - Chunk 752 / 1157
[KG][d5d2b1c5-641] ea_recognition:ea_recognition 745/1157 (64%) - Chunk 745 / 1157
[KG][d5d2b1c5-641] ea_recognition:ea_recognition 753/1157 (65%) - Chunk 753 / 1157
[KG][d5d2b1c5-641] ea_recognition:ea_recognition 746/1157 (64%) - Chunk 746 / 1157
[KG][d5d2b1c5-641] ea_recognition:ea_recognition 754/1157 (65%) - Chunk 754 / 1157
[KG][d5d2b1c5-641] ea_recognition:ea_recognition 747/1157 (65%) - Chunk 747 / 1157
[KG][d5d2b1c5-641] ea_recognition:ea_recognition 755/1157 (65%) - Chunk 755 / 1157
[KG][d5d2b1c5-641] ea_recognition:ea_recognition 748/1157 (65%) - Chunk 748 / 1157
[KG][d5d2b1c5-641] ea_recognition:ea_recognition 756/1157 (65%) - Chunk 756 / 1157
[KG][d5d2b1c5-641] ea_recognition:ea_recognition 749/1157 (65%) - Chunk 749 / 1157
[KG][d5d2b1c5-641] ea_recognition:ea_recognition 757/1157 (65%) - Chunk 757 / 1157
[KG][d5d2b1c5-641] ea_recognition:ea_recognition 750/1157 (65%) - Chunk 750 / 1157
[KG][d5d2b1c5-641] ea_recognition:ea_recognition 758/1157 (66%) - Chunk 758 / 1157
[KG][d5d2b1c5-641] ea_recognition:ea_recognition 751/1157 (65%) - Chunk 751 / 1157
[KG][d5d2b1c5-641] ea_recognition:ea_recognition 759/1157 (66%) - Chunk 759 / 1157
[KG][d5d2b1c5-641] ea_recognition:ea_recognition 752/1157 (65%) - Chunk 752 / 1157
[KG][d5d2b1c5-641] ea_recognition:ea_recognition 760/1157 (66%) - Chunk 760 / 1157
[KG][d5d2b1c5-641] ea_recognition:ea_recognition 753/1157 (65%) - Chunk 753 / 1157
[KG][d5d2b1c5-641] ea_recognition:ea_recognition 761/1157 (66%) - Chunk 761 / 1157
[KG][d5d2b1c5-641] ea_recognition:ea_recognition 754/1157 (65%) - Chunk 754 / 1157
[KG][d5d2b1c5-641] ea_recognition:ea_recognition 762/1157 (66%) - Chunk 762 / 1157
[KG][d5d2b1c5-641] ea_recognition:ea_recognition 755/1157 (65%) - Chunk 755 / 1157
[KG][d5d2b1c5-641] ea_recognition:ea_recognition 763/1157 (66%) - Chunk 763 / 1157
[KG][d5d2b1c5-641] ea_recognition:ea_recognition 756/1157 (65%) - Chunk 756 / 1157
[KG][d5d2b1c5-641] ea_recognition:ea_recognition 764/1157 (66%) - Chunk 764 / 1157
[KG][d5d2b1c5-641] ea_recognition:ea_recognition 757/1157 (65%) - Chunk 757 / 1157
[KG][d5d2b1c5-641] ea_recognition:ea_recognition 765/1157 (66%) - Chunk 765 / 1157
[KG][d5d2b1c5-641] ea_recognition:ea_recognition 758/1157 (66%) - Chunk 758 / 1157
[KG][d5d2b1c5-641] ea_recognition:ea_recognition 766/1157 (66%) - Chunk 766 / 1157
[KG][d5d2b1c5-641] ea_recognition:ea_recognition 759/1157 (66%) - Chunk 759 / 1157
[KG][d5d2b1c5-641] ea_recognition:ea_recognition 767/1157 (66%) - Chunk 767 / 1157
[KG][d5d2b1c5-641] ea_recognition:ea_recognition 760/1157 (66%) - Chunk 760 / 1157
[KG][d5d2b1c5-641] ea_recognition:ea_recognition 768/1157 (66%) - Chunk 768 / 1157
[KG][d5d2b1c5-641] ea_recognition:ea_recognition 761/1157 (66%) - Chunk 761 / 1157
[KG][d5d2b1c5-641] ea_recognition:ea_recognition 769/1157 (66%) - Chunk 769 / 1157
[KG][d5d2b1c5-641] ea_recognition:ea_recognition 762/1157 (66%) - Chunk 762 / 1157
[KG][d5d2b1c5-641] ea_recognition:ea_recognition 770/1157 (67%) - Chunk 770 / 1157
[KG][d5d2b1c5-641] ea_recognition:ea_recognition 763/1157 (66%) - Chunk 763 / 1157
[KG][d5d2b1c5-641] ea_recognition:ea_recognition 771/1157 (67%) - Chunk 771 / 1157
[KG][d5d2b1c5-641] ea_recognition:ea_recognition 764/1157 (66%) - Chunk 764 / 1157
[KG][d5d2b1c5-641] ea_recognition:ea_recognition 772/1157 (67%) - Chunk 772 / 1157
[KG][d5d2b1c5-641] ea_recognition:ea_recognition 765/1157 (66%) - Chunk 765 / 1157
[KG][d5d2b1c5-641] ea_recognition:ea_recognition 773/1157 (67%) - Chunk 773 / 1157
[KG][d5d2b1c5-641] ea_recognition:ea_recognition 766/1157 (66%) - Chunk 766 / 1157
[KG][d5d2b1c5-641] ea_recognition:ea_recognition 774/1157 (67%) - Chunk 774 / 1157
[KG][d5d2b1c5-641] ea_recognition:ea_recognition 767/1157 (66%) - Chunk 767 / 1157
[KG][d5d2b1c5-641] ea_recognition:ea_recognition 775/1157 (67%) - Chunk 775 / 1157
[KG][d5d2b1c5-641] ea_recognition:ea_recognition 768/1157 (66%) - Chunk 768 / 1157
[KG][d5d2b1c5-641] ea_recognition:ea_recognition 776/1157 (67%) - Chunk 776 / 1157
[KG][d5d2b1c5-641] ea_recognition:ea_recognition 769/1157 (66%) - Chunk 769 / 1157
[KG][d5d2b1c5-641] ea_recognition:ea_recognition 777/1157 (67%) - Chunk 777 / 1157
[KG][d5d2b1c5-641] ea_recognition:ea_recognition 770/1157 (67%) - Chunk 770 / 1157
[KG][d5d2b1c5-641] ea_recognition:ea_recognition 778/1157 (67%) - Chunk 778 / 1157
[KG][d5d2b1c5-641] ea_recognition:ea_recognition 771/1157 (67%) - Chunk 771 / 1157
[KG][d5d2b1c5-641] ea_recognition:ea_recognition 779/1157 (67%) - Chunk 779 / 1157
[KG][d5d2b1c5-641] ea_recognition:ea_recognition 772/1157 (67%) - Chunk 772 / 1157
[KG][d5d2b1c5-641] ea_recognition:ea_recognition 780/1157 (67%) - Chunk 780 / 1157
[KG][d5d2b1c5-641] ea_recognition:ea_recognition 773/1157 (67%) - Chunk 773 / 1157
[KG][d5d2b1c5-641] ea_recognition:ea_recognition 781/1157 (68%) - Chunk 781 / 1157
[KG][d5d2b1c5-641] ea_recognition:ea_recognition 774/1157 (67%) - Chunk 774 / 1157
[KG][d5d2b1c5-641] ea_recognition:ea_recognition 782/1157 (68%) - Chunk 782 / 1157
[KG][d5d2b1c5-641] ea_recognition:ea_recognition 775/1157 (67%) - Chunk 775 / 1157
[KG][d5d2b1c5-641] ea_recognition:ea_recognition 783/1157 (68%) - Chunk 783 / 1157
[KG][d5d2b1c5-641] ea_recognition:ea_recognition 776/1157 (67%) - Chunk 776 / 1157
[KG][d5d2b1c5-641] ea_recognition:ea_recognition 784/1157 (68%) - Chunk 784 / 1157
[KG][d5d2b1c5-641] ea_recognition:ea_recognition 777/1157 (67%) - Chunk 777 / 1157
[KG][d5d2b1c5-641] ea_recognition:ea_recognition 785/1157 (68%) - Chunk 785 / 1157
[KG][d5d2b1c5-641] ea_recognition:ea_recognition 778/1157 (67%) - Chunk 778 / 1157
[KG][d5d2b1c5-641] ea_recognition:ea_recognition 786/1157 (68%) - Chunk 786 / 1157
[KG][d5d2b1c5-641] ea_recognition:ea_recognition 779/1157 (67%) - Chunk 779 / 1157
[KG][d5d2b1c5-641] ea_recognition:ea_recognition 787/1157 (68%) - Chunk 787 / 1157
[KG][d5d2b1c5-641] ea_recognition:ea_recognition 780/1157 (67%) - Chunk 780 / 1157
[KG][d5d2b1c5-641] ea_recognition:ea_recognition 788/1157 (68%) - Chunk 788 / 1157
[KG][d5d2b1c5-641] ea_recognition:ea_recognition 781/1157 (68%) - Chunk 781 / 1157
[KG][d5d2b1c5-641] ea_recognition:ea_recognition 789/1157 (68%) - Chunk 789 / 1157
[KG][d5d2b1c5-641] ea_recognition:ea_recognition 782/1157 (68%) - Chunk 782 / 1157
[KG][d5d2b1c5-641] ea_recognition:ea_recognition 790/1157 (68%) - Chunk 790 / 1157
[KG][d5d2b1c5-641] ea_recognition:ea_recognition 783/1157 (68%) - Chunk 783 / 1157
[KG][d5d2b1c5-641] ea_recognition:ea_recognition 791/1157 (68%) - Chunk 791 / 1157
[KG][d5d2b1c5-641] ea_recognition:ea_recognition 784/1157 (68%) - Chunk 784 / 1157
[KG][d5d2b1c5-641] ea_recognition:ea_recognition 792/1157 (68%) - Chunk 792 / 1157
[KG][d5d2b1c5-641] ea_recognition:ea_recognition 785/1157 (68%) - Chunk 785 / 1157
[KG][d5d2b1c5-641] ea_recognition:ea_recognition 793/1157 (69%) - Chunk 793 / 1157
[KG][d5d2b1c5-641] ea_recognition:ea_recognition 786/1157 (68%) - Chunk 786 / 1157
[KG][d5d2b1c5-641] ea_recognition:ea_recognition 794/1157 (69%) - Chunk 794 / 1157
[KG][d5d2b1c5-641] ea_recognition:ea_recognition 787/1157 (68%) - Chunk 787 / 1157
[KG][d5d2b1c5-641] ea_recognition:ea_recognition 795/1157 (69%) - Chunk 795 / 1157
[KG][d5d2b1c5-641] ea_recognition:ea_recognition 788/1157 (68%) - Chunk 788 / 1157
[KG][d5d2b1c5-641] ea_recognition:ea_recognition 796/1157 (69%) - Chunk 796 / 1157
[KG][d5d2b1c5-641] ea_recognition:ea_recognition 789/1157 (68%) - Chunk 789 / 1157
[KG][d5d2b1c5-641] ea_recognition:ea_recognition 797/1157 (69%) - Chunk 797 / 1157
[KG][d5d2b1c5-641] ea_recognition:ea_recognition 790/1157 (68%) - Chunk 790 / 1157
[KG][d5d2b1c5-641] ea_recognition:ea_recognition 798/1157 (69%) - Chunk 798 / 1157
[KG][d5d2b1c5-641] ea_recognition:ea_recognition 791/1157 (68%) - Chunk 791 / 1157
[KG][d5d2b1c5-641] ea_recognition:ea_recognition 799/1157 (69%) - Chunk 799 / 1157
[KG][d5d2b1c5-641] ea_recognition:ea_recognition 792/1157 (68%) - Chunk 792 / 1157
[KG][d5d2b1c5-641] ea_recognition:ea_recognition 800/1157 (69%) - Chunk 800 / 1157
[KG][d5d2b1c5-641] ea_recognition:ea_recognition 793/1157 (69%) - Chunk 793 / 1157
[KG][d5d2b1c5-641] ea_recognition:ea_recognition 801/1157 (69%) - Chunk 801 / 1157
[KG][d5d2b1c5-641] ea_recognition:ea_recognition 794/1157 (69%) - Chunk 794 / 1157
[KG][d5d2b1c5-641] ea_recognition:ea_recognition 802/1157 (69%) - Chunk 802 / 1157
[KG][d5d2b1c5-641] ea_recognition:ea_recognition 795/1157 (69%) - Chunk 795 / 1157
[KG][d5d2b1c5-641] ea_recognition:ea_recognition 803/1157 (69%) - Chunk 803 / 1157
[KG][d5d2b1c5-641] ea_recognition:ea_recognition 796/1157 (69%) - Chunk 796 / 1157
[KG][d5d2b1c5-641] ea_recognition:ea_recognition 804/1157 (69%) - Chunk 804 / 1157
[KG][d5d2b1c5-641] ea_recognition:ea_recognition 797/1157 (69%) - Chunk 797 / 1157
[KG][d5d2b1c5-641] ea_recognition:ea_recognition 805/1157 (70%) - Chunk 805 / 1157
[KG][d5d2b1c5-641] ea_recognition:ea_recognition 798/1157 (69%) - Chunk 798 / 1157
[KG][d5d2b1c5-641] ea_recognition:ea_recognition 806/1157 (70%) - Chunk 806 / 1157
[KG][d5d2b1c5-641] ea_recognition:ea_recognition 799/1157 (69%) - Chunk 799 / 1157
[KG][d5d2b1c5-641] ea_recognition:ea_recognition 807/1157 (70%) - Chunk 807 / 1157
[KG][d5d2b1c5-641] ea_recognition:ea_recognition 800/1157 (69%) - Chunk 800 / 1157
[KG][d5d2b1c5-641] ea_recognition:ea_recognition 808/1157 (70%) - Chunk 808 / 1157
[KG][d5d2b1c5-641] ea_recognition:ea_recognition 801/1157 (69%) - Chunk 801 / 1157
[KG][d5d2b1c5-641] ea_recognition:ea_recognition 809/1157 (70%) - Chunk 809 / 1157
[KG][d5d2b1c5-641] ea_recognition:ea_recognition 802/1157 (69%) - Chunk 802 / 1157
[KG][d5d2b1c5-641] ea_recognition:ea_recognition 810/1157 (70%) - Chunk 810 / 1157
[KG][d5d2b1c5-641] ea_recognition:ea_recognition 803/1157 (69%) - Chunk 803 / 1157
[KG][d5d2b1c5-641] ea_recognition:ea_recognition 811/1157 (70%) - Chunk 811 / 1157
[KG][d5d2b1c5-641] ea_recognition:ea_recognition 804/1157 (69%) - Chunk 804 / 1157
[KG][d5d2b1c5-641] ea_recognition:ea_recognition 812/1157 (70%) - Chunk 812 / 1157
[KG][d5d2b1c5-641] ea_recognition:ea_recognition 805/1157 (70%) - Chunk 805 / 1157
[KG][d5d2b1c5-641] ea_recognition:ea_recognition 813/1157 (70%) - Chunk 813 / 1157
[KG][d5d2b1c5-641] ea_recognition:ea_recognition 806/1157 (70%) - Chunk 806 / 1157
[KG][d5d2b1c5-641] ea_recognition:ea_recognition 814/1157 (70%) - Chunk 814 / 1157
[KG][d5d2b1c5-641] ea_recognition:ea_recognition 807/1157 (70%) - Chunk 807 / 1157
[KG][d5d2b1c5-641] ea_recognition:ea_recognition 815/1157 (70%) - Chunk 815 / 1157
[KG][d5d2b1c5-641] ea_recognition:ea_recognition 808/1157 (70%) - Chunk 808 / 1157
[KG][d5d2b1c5-641] ea_recognition:ea_recognition 816/1157 (71%) - Chunk 816 / 1157
[KG][d5d2b1c5-641] ea_recognition:ea_recognition 809/1157 (70%) - Chunk 809 / 1157
[KG][d5d2b1c5-641] ea_recognition:ea_recognition 817/1157 (71%) - Chunk 817 / 1157
[KG][d5d2b1c5-641] ea_recognition:ea_recognition 810/1157 (70%) - Chunk 810 / 1157
[KG][d5d2b1c5-641] ea_recognition:ea_recognition 818/1157 (71%) - Chunk 818 / 1157
[KG][d5d2b1c5-641] ea_recognition:ea_recognition 811/1157 (70%) - Chunk 811 / 1157
[KG][d5d2b1c5-641] ea_recognition:ea_recognition 819/1157 (71%) - Chunk 819 / 1157
[KG][d5d2b1c5-641] ea_recognition:ea_recognition 812/1157 (70%) - Chunk 812 / 1157
[KG][d5d2b1c5-641] ea_recognition:ea_recognition 820/1157 (71%) - Chunk 820 / 1157
[KG][d5d2b1c5-641] ea_recognition:ea_recognition 813/1157 (70%) - Chunk 813 / 1157
[KG][d5d2b1c5-641] ea_recognition:ea_recognition 821/1157 (71%) - Chunk 821 / 1157
[KG][d5d2b1c5-641] ea_recognition:ea_recognition 814/1157 (70%) - Chunk 814 / 1157
[KG][d5d2b1c5-641] ea_recognition:ea_recognition 822/1157 (71%) - Chunk 822 / 1157
[KG][d5d2b1c5-641] ea_recognition:ea_recognition 815/1157 (70%) - Chunk 815 / 1157
[KG][d5d2b1c5-641] ea_recognition:ea_recognition 823/1157 (71%) - Chunk 823 / 1157
[KG][d5d2b1c5-641] ea_recognition:ea_recognition 816/1157 (71%) - Chunk 816 / 1157
[KG][d5d2b1c5-641] ea_recognition:ea_recognition 824/1157 (71%) - Chunk 824 / 1157
[KG][d5d2b1c5-641] ea_recognition:ea_recognition 817/1157 (71%) - Chunk 817 / 1157
[KG][d5d2b1c5-641] ea_recognition:ea_recognition 825/1157 (71%) - Chunk 825 / 1157
[KG][d5d2b1c5-641] ea_recognition:ea_recognition 818/1157 (71%) - Chunk 818 / 1157
[KG][d5d2b1c5-641] ea_recognition:ea_recognition 826/1157 (71%) - Chunk 826 / 1157
[KG][d5d2b1c5-641] ea_recognition:ea_recognition 819/1157 (71%) - Chunk 819 / 1157
[KG][d5d2b1c5-641] ea_recognition:ea_recognition 827/1157 (71%) - Chunk 827 / 1157
[KG][d5d2b1c5-641] ea_recognition:ea_recognition 820/1157 (71%) - Chunk 820 / 1157
[KG][d5d2b1c5-641] ea_recognition:ea_recognition 828/1157 (72%) - Chunk 828 / 1157
[KG][d5d2b1c5-641] ea_recognition:ea_recognition 821/1157 (71%) - Chunk 821 / 1157
[KG][d5d2b1c5-641] ea_recognition:ea_recognition 829/1157 (72%) - Chunk 829 / 1157
[KG][d5d2b1c5-641] ea_recognition:ea_recognition 822/1157 (71%) - Chunk 822 / 1157
[KG][d5d2b1c5-641] ea_recognition:ea_recognition 830/1157 (72%) - Chunk 830 / 1157
[KG][d5d2b1c5-641] ea_recognition:ea_recognition 823/1157 (71%) - Chunk 823 / 1157
[KG][d5d2b1c5-641] ea_recognition:ea_recognition 831/1157 (72%) - Chunk 831 / 1157
[KG][d5d2b1c5-641] ea_recognition:ea_recognition 824/1157 (71%) - Chunk 824 / 1157
[KG][d5d2b1c5-641] ea_recognition:ea_recognition 832/1157 (72%) - Chunk 832 / 1157
[KG][d5d2b1c5-641] ea_recognition:ea_recognition 825/1157 (71%) - Chunk 825 / 1157
[KG][d5d2b1c5-641] ea_recognition:ea_recognition 833/1157 (72%) - Chunk 833 / 1157
[KG][d5d2b1c5-641] ea_recognition:ea_recognition 826/1157 (71%) - Chunk 826 / 1157
[KG][d5d2b1c5-641] ea_recognition:ea_recognition 834/1157 (72%) - Chunk 834 / 1157
[KG][d5d2b1c5-641] ea_recognition:ea_recognition 827/1157 (71%) - Chunk 827 / 1157
[KG][d5d2b1c5-641] ea_recognition:ea_recognition 835/1157 (72%) - Chunk 835 / 1157
[KG][d5d2b1c5-641] ea_recognition:ea_recognition 828/1157 (72%) - Chunk 828 / 1157
[KG][d5d2b1c5-641] ea_recognition:ea_recognition 836/1157 (72%) - Chunk 836 / 1157
[KG][d5d2b1c5-641] ea_recognition:ea_recognition 829/1157 (72%) - Chunk 829 / 1157
[KG][d5d2b1c5-641] ea_recognition:ea_recognition 837/1157 (72%) - Chunk 837 / 1157
[KG][d5d2b1c5-641] ea_recognition:ea_recognition 830/1157 (72%) - Chunk 830 / 1157
[KG][d5d2b1c5-641] ea_recognition:ea_recognition 838/1157 (72%) - Chunk 838 / 1157
[KG][d5d2b1c5-641] ea_recognition:ea_recognition 831/1157 (72%) - Chunk 831 / 1157
[KG][d5d2b1c5-641] ea_recognition:ea_recognition 839/1157 (73%) - Chunk 839 / 1157
[KG][d5d2b1c5-641] ea_recognition:ea_recognition 832/1157 (72%) - Chunk 832 / 1157
[KG][d5d2b1c5-641] ea_recognition:ea_recognition 840/1157 (73%) - Chunk 840 / 1157
[KG][d5d2b1c5-641] ea_recognition:ea_recognition 833/1157 (72%) - Chunk 833 / 1157
[KG][d5d2b1c5-641] ea_recognition:ea_recognition 841/1157 (73%) - Chunk 841 / 1157
[KG][d5d2b1c5-641] ea_recognition:ea_recognition 834/1157 (72%) - Chunk 834 / 1157
[KG][d5d2b1c5-641] ea_recognition:ea_recognition 842/1157 (73%) - Chunk 842 / 1157
[KG][d5d2b1c5-641] ea_recognition:ea_recognition 835/1157 (72%) - Chunk 835 / 1157
[KG][d5d2b1c5-641] ea_recognition:ea_recognition 843/1157 (73%) - Chunk 843 / 1157
[KG][d5d2b1c5-641] ea_recognition:ea_recognition 836/1157 (72%) - Chunk 836 / 1157
[KG][d5d2b1c5-641] ea_recognition:ea_recognition 844/1157 (73%) - Chunk 844 / 1157
[KG][d5d2b1c5-641] ea_recognition:ea_recognition 837/1157 (72%) - Chunk 837 / 1157
[KG][d5d2b1c5-641] ea_recognition:ea_recognition 845/1157 (73%) - Chunk 845 / 1157
[KG][d5d2b1c5-641] ea_recognition:ea_recognition 838/1157 (72%) - Chunk 838 / 1157
[KG][d5d2b1c5-641] ea_recognition:ea_recognition 846/1157 (73%) - Chunk 846 / 1157
[KG][d5d2b1c5-641] ea_recognition:ea_recognition 839/1157 (73%) - Chunk 839 / 1157
[KG][d5d2b1c5-641] ea_recognition:ea_recognition 847/1157 (73%) - Chunk 847 / 1157
[KG][d5d2b1c5-641] ea_recognition:ea_recognition 840/1157 (73%) - Chunk 840 / 1157
[KG][d5d2b1c5-641] ea_recognition:ea_recognition 848/1157 (73%) - Chunk 848 / 1157
[KG][d5d2b1c5-641] ea_recognition:ea_recognition 841/1157 (73%) - Chunk 841 / 1157
[KG][d5d2b1c5-641] ea_recognition:ea_recognition 849/1157 (73%) - Chunk 849 / 1157
[KG][d5d2b1c5-641] ea_recognition:ea_recognition 842/1157 (73%) - Chunk 842 / 1157
[KG][d5d2b1c5-641] ea_recognition:ea_recognition 850/1157 (73%) - Chunk 850 / 1157
[KG][d5d2b1c5-641] ea_recognition:ea_recognition 843/1157 (73%) - Chunk 843 / 1157
[KG][d5d2b1c5-641] ea_recognition:ea_recognition 851/1157 (74%) - Chunk 851 / 1157
[KG][d5d2b1c5-641] ea_recognition:ea_recognition 844/1157 (73%) - Chunk 844 / 1157
[KG][d5d2b1c5-641] ea_recognition:ea_recognition 852/1157 (74%) - Chunk 852 / 1157
[KG][d5d2b1c5-641] ea_recognition:ea_recognition 853/1157 (74%) - Chunk 853 / 1157
[KG][d5d2b1c5-641] ea_recognition:ea_recognition 845/1157 (73%) - Chunk 845 / 1157
[KG][d5d2b1c5-641] ea_recognition:ea_recognition 854/1157 (74%) - Chunk 854 / 1157
[KG][d5d2b1c5-641] ea_recognition:ea_recognition 846/1157 (73%) - Chunk 846 / 1157
[KG][d5d2b1c5-641] ea_recognition:ea_recognition 855/1157 (74%) - Chunk 855 / 1157
[KG][d5d2b1c5-641] ea_recognition:ea_recognition 847/1157 (73%) - Chunk 847 / 1157
[KG][d5d2b1c5-641] ea_recognition:ea_recognition 856/1157 (74%) - Chunk 856 / 1157
[KG][d5d2b1c5-641] ea_recognition:ea_recognition 848/1157 (73%) - Chunk 848 / 1157
[KG][d5d2b1c5-641] ea_recognition:ea_recognition 857/1157 (74%) - Chunk 857 / 1157
[KG][d5d2b1c5-641] ea_recognition:ea_recognition 849/1157 (73%) - Chunk 849 / 1157
[KG][d5d2b1c5-641] ea_recognition:ea_recognition 858/1157 (74%) - Chunk 858 / 1157
[KG][d5d2b1c5-641] ea_recognition:ea_recognition 850/1157 (73%) - Chunk 850 / 1157
[KG][d5d2b1c5-641] ea_recognition:ea_recognition 859/1157 (74%) - Chunk 859 / 1157
[KG][d5d2b1c5-641] ea_recognition:ea_recognition 851/1157 (74%) - Chunk 851 / 1157
[KG][d5d2b1c5-641] ea_recognition:ea_recognition 860/1157 (74%) - Chunk 860 / 1157
[KG][d5d2b1c5-641] ea_recognition:ea_recognition 852/1157 (74%) - Chunk 852 / 1157
[KG][d5d2b1c5-641] ea_recognition:ea_recognition 861/1157 (74%) - Chunk 861 / 1157
[KG][d5d2b1c5-641] ea_recognition:ea_recognition 853/1157 (74%) - Chunk 853 / 1157
[KG][d5d2b1c5-641] ea_recognition:ea_recognition 862/1157 (75%) - Chunk 862 / 1157
[KG][d5d2b1c5-641] ea_recognition:ea_recognition 854/1157 (74%) - Chunk 854 / 1157
[KG][d5d2b1c5-641] ea_recognition:ea_recognition 863/1157 (75%) - Chunk 863 / 1157
[KG][d5d2b1c5-641] ea_recognition:ea_recognition 855/1157 (74%) - Chunk 855 / 1157
[KG][d5d2b1c5-641] ea_recognition:ea_recognition 864/1157 (75%) - Chunk 864 / 1157
[KG][d5d2b1c5-641] ea_recognition:ea_recognition 856/1157 (74%) - Chunk 856 / 1157
[KG][d5d2b1c5-641] ea_recognition:ea_recognition 865/1157 (75%) - Chunk 865 / 1157
[KG][d5d2b1c5-641] ea_recognition:ea_recognition 857/1157 (74%) - Chunk 857 / 1157
[KG][d5d2b1c5-641] ea_recognition:ea_recognition 866/1157 (75%) - Chunk 866 / 1157
[KG][d5d2b1c5-641] ea_recognition:ea_recognition 858/1157 (74%) - Chunk 858 / 1157
[KG][d5d2b1c5-641] ea_recognition:ea_recognition 867/1157 (75%) - Chunk 867 / 1157
[KG][d5d2b1c5-641] ea_recognition:ea_recognition 859/1157 (74%) - Chunk 859 / 1157
[KG][d5d2b1c5-641] ea_recognition:ea_recognition 868/1157 (75%) - Chunk 868 / 1157
[KG][d5d2b1c5-641] ea_recognition:ea_recognition 860/1157 (74%) - Chunk 860 / 1157
[KG][d5d2b1c5-641] ea_recognition:ea_recognition 869/1157 (75%) - Chunk 869 / 1157
[KG][d5d2b1c5-641] ea_recognition:ea_recognition 861/1157 (74%) - Chunk 861 / 1157
[KG][d5d2b1c5-641] ea_recognition:ea_recognition 870/1157 (75%) - Chunk 870 / 1157
[KG][d5d2b1c5-641] ea_recognition:ea_recognition 862/1157 (75%) - Chunk 862 / 1157
[KG][d5d2b1c5-641] ea_recognition:ea_recognition 871/1157 (75%) - Chunk 871 / 1157
[KG][d5d2b1c5-641] ea_recognition:ea_recognition 863/1157 (75%) - Chunk 863 / 1157
[KG][d5d2b1c5-641] ea_recognition:ea_recognition 872/1157 (75%) - Chunk 872 / 1157
[KG][d5d2b1c5-641] ea_recognition:ea_recognition 864/1157 (75%) - Chunk 864 / 1157
[KG][d5d2b1c5-641] ea_recognition:ea_recognition 873/1157 (75%) - Chunk 873 / 1157
[KG][d5d2b1c5-641] ea_recognition:ea_recognition 865/1157 (75%) - Chunk 865 / 1157
[KG][d5d2b1c5-641] ea_recognition:ea_recognition 874/1157 (76%) - Chunk 874 / 1157
[KG][d5d2b1c5-641] ea_recognition:ea_recognition 866/1157 (75%) - Chunk 866 / 1157
[KG][d5d2b1c5-641] ea_recognition:ea_recognition 875/1157 (76%) - Chunk 875 / 1157
[KG][d5d2b1c5-641] ea_recognition:ea_recognition 867/1157 (75%) - Chunk 867 / 1157
[KG][d5d2b1c5-641] ea_recognition:ea_recognition 868/1157 (75%) - Chunk 868 / 1157
[KG][d5d2b1c5-641] ea_recognition:ea_recognition 876/1157 (76%) - Chunk 876 / 1157
[KG][d5d2b1c5-641] ea_recognition:ea_recognition 877/1157 (76%) - Chunk 877 / 1157
[KG][d5d2b1c5-641] ea_recognition:ea_recognition 869/1157 (75%) - Chunk 869 / 1157
[KG][d5d2b1c5-641] ea_recognition:ea_recognition 878/1157 (76%) - Chunk 878 / 1157
[KG][d5d2b1c5-641] ea_recognition:ea_recognition 870/1157 (75%) - Chunk 870 / 1157
[KG][d5d2b1c5-641] ea_recognition:ea_recognition 879/1157 (76%) - Chunk 879 / 1157
[KG][d5d2b1c5-641] ea_recognition:ea_recognition 871/1157 (75%) - Chunk 871 / 1157
[KG][d5d2b1c5-641] ea_recognition:ea_recognition 880/1157 (76%) - Chunk 880 / 1157
[KG][d5d2b1c5-641] ea_recognition:ea_recognition 872/1157 (75%) - Chunk 872 / 1157
[KG][d5d2b1c5-641] ea_recognition:ea_recognition 881/1157 (76%) - Chunk 881 / 1157
[KG][d5d2b1c5-641] ea_recognition:ea_recognition 873/1157 (75%) - Chunk 873 / 1157
[KG][d5d2b1c5-641] ea_recognition:ea_recognition 882/1157 (76%) - Chunk 882 / 1157
[KG][d5d2b1c5-641] ea_recognition:ea_recognition 874/1157 (76%) - Chunk 874 / 1157
[KG][d5d2b1c5-641] ea_recognition:ea_recognition 883/1157 (76%) - Chunk 883 / 1157
[KG][d5d2b1c5-641] ea_recognition:ea_recognition 875/1157 (76%) - Chunk 875 / 1157
[KG][d5d2b1c5-641] ea_recognition:ea_recognition 884/1157 (76%) - Chunk 884 / 1157
[KG][d5d2b1c5-641] ea_recognition:ea_recognition 876/1157 (76%) - Chunk 876 / 1157
[KG][d5d2b1c5-641] ea_recognition:ea_recognition 885/1157 (76%) - Chunk 885 / 1157
[KG][d5d2b1c5-641] ea_recognition:ea_recognition 877/1157 (76%) - Chunk 877 / 1157
[KG][d5d2b1c5-641] ea_recognition:ea_recognition 886/1157 (77%) - Chunk 886 / 1157
[KG][d5d2b1c5-641] ea_recognition:ea_recognition 878/1157 (76%) - Chunk 878 / 1157
[KG][d5d2b1c5-641] ea_recognition:ea_recognition 887/1157 (77%) - Chunk 887 / 1157
[KG][d5d2b1c5-641] ea_recognition:ea_recognition 879/1157 (76%) - Chunk 879 / 1157
[KG][d5d2b1c5-641] ea_recognition:ea_recognition 888/1157 (77%) - Chunk 888 / 1157
[KG][d5d2b1c5-641] ea_recognition:ea_recognition 880/1157 (76%) - Chunk 880 / 1157
[KG][d5d2b1c5-641] ea_recognition:ea_recognition 889/1157 (77%) - Chunk 889 / 1157
[KG][d5d2b1c5-641] ea_recognition:ea_recognition 881/1157 (76%) - Chunk 881 / 1157
[KG][d5d2b1c5-641] ea_recognition:ea_recognition 890/1157 (77%) - Chunk 890 / 1157
[KG][d5d2b1c5-641] ea_recognition:ea_recognition 882/1157 (76%) - Chunk 882 / 1157
[KG][d5d2b1c5-641] ea_recognition:ea_recognition 891/1157 (77%) - Chunk 891 / 1157
[KG][d5d2b1c5-641] ea_recognition:ea_recognition 883/1157 (76%) - Chunk 883 / 1157
[KG][d5d2b1c5-641] ea_recognition:ea_recognition 892/1157 (77%) - Chunk 892 / 1157
[KG][d5d2b1c5-641] ea_recognition:ea_recognition 884/1157 (76%) - Chunk 884 / 1157
[KG][d5d2b1c5-641] ea_recognition:ea_recognition 893/1157 (77%) - Chunk 893 / 1157
[KG][d5d2b1c5-641] ea_recognition:ea_recognition 885/1157 (76%) - Chunk 885 / 1157
[KG][d5d2b1c5-641] ea_recognition:ea_recognition 894/1157 (77%) - Chunk 894 / 1157
[KG][d5d2b1c5-641] ea_recognition:ea_recognition 886/1157 (77%) - Chunk 886 / 1157
[KG][d5d2b1c5-641] ea_recognition:ea_recognition 895/1157 (77%) - Chunk 895 / 1157
[KG][d5d2b1c5-641] ea_recognition:ea_recognition 887/1157 (77%) - Chunk 887 / 1157
[KG][d5d2b1c5-641] ea_recognition:ea_recognition 896/1157 (77%) - Chunk 896 / 1157
[KG][d5d2b1c5-641] ea_recognition:ea_recognition 888/1157 (77%) - Chunk 888 / 1157
[KG][d5d2b1c5-641] ea_recognition:ea_recognition 897/1157 (78%) - Chunk 897 / 1157
[KG][d5d2b1c5-641] ea_recognition:ea_recognition 889/1157 (77%) - Chunk 889 / 1157
[KG][d5d2b1c5-641] ea_recognition:ea_recognition 898/1157 (78%) - Chunk 898 / 1157
[KG][d5d2b1c5-641] ea_recognition:ea_recognition 890/1157 (77%) - Chunk 890 / 1157
[KG][d5d2b1c5-641] ea_recognition:ea_recognition 899/1157 (78%) - Chunk 899 / 1157
[KG][d5d2b1c5-641] ea_recognition:ea_recognition 891/1157 (77%) - Chunk 891 / 1157
[KG][d5d2b1c5-641] ea_recognition:ea_recognition 900/1157 (78%) - Chunk 900 / 1157
[KG][d5d2b1c5-641] ea_recognition:ea_recognition 892/1157 (77%) - Chunk 892 / 1157
[KG][d5d2b1c5-641] ea_recognition:ea_recognition 901/1157 (78%) - Chunk 901 / 1157
[KG][d5d2b1c5-641] ea_recognition:ea_recognition 893/1157 (77%) - Chunk 893 / 1157
[KG][d5d2b1c5-641] ea_recognition:ea_recognition 902/1157 (78%) - Chunk 902 / 1157
[KG][d5d2b1c5-641] ea_recognition:ea_recognition 894/1157 (77%) - Chunk 894 / 1157
[KG][d5d2b1c5-641] ea_recognition:ea_recognition 903/1157 (78%) - Chunk 903 / 1157
[KG][d5d2b1c5-641] ea_recognition:ea_recognition 895/1157 (77%) - Chunk 895 / 1157
[KG][d5d2b1c5-641] ea_recognition:ea_recognition 904/1157 (78%) - Chunk 904 / 1157
[KG][d5d2b1c5-641] ea_recognition:ea_recognition 896/1157 (77%) - Chunk 896 / 1157
[KG][d5d2b1c5-641] ea_recognition:ea_recognition 905/1157 (78%) - Chunk 905 / 1157
[KG][d5d2b1c5-641] ea_recognition:ea_recognition 897/1157 (78%) - Chunk 897 / 1157
[KG][d5d2b1c5-641] ea_recognition:ea_recognition 906/1157 (78%) - Chunk 906 / 1157
[KG][d5d2b1c5-641] ea_recognition:ea_recognition 898/1157 (78%) - Chunk 898 / 1157
[KG][d5d2b1c5-641] ea_recognition:ea_recognition 907/1157 (78%) - Chunk 907 / 1157
[KG][d5d2b1c5-641] ea_recognition:ea_recognition 899/1157 (78%) - Chunk 899 / 1157
[KG][d5d2b1c5-641] ea_recognition:ea_recognition 908/1157 (78%) - Chunk 908 / 1157
[KG][d5d2b1c5-641] ea_recognition:ea_recognition 900/1157 (78%) - Chunk 900 / 1157
[KG][d5d2b1c5-641] ea_recognition:ea_recognition 909/1157 (79%) - Chunk 909 / 1157
[KG][d5d2b1c5-641] ea_recognition:ea_recognition 901/1157 (78%) - Chunk 901 / 1157
[KG][d5d2b1c5-641] ea_recognition:ea_recognition 910/1157 (79%) - Chunk 910 / 1157
[KG][d5d2b1c5-641] ea_recognition:ea_recognition 902/1157 (78%) - Chunk 902 / 1157
[KG][d5d2b1c5-641] ea_recognition:ea_recognition 911/1157 (79%) - Chunk 911 / 1157
[KG][d5d2b1c5-641] ea_recognition:ea_recognition 903/1157 (78%) - Chunk 903 / 1157
[KG][d5d2b1c5-641] ea_recognition:ea_recognition 912/1157 (79%) - Chunk 912 / 1157
[KG][d5d2b1c5-641] ea_recognition:ea_recognition 904/1157 (78%) - Chunk 904 / 1157
[KG][d5d2b1c5-641] ea_recognition:ea_recognition 913/1157 (79%) - Chunk 913 / 1157
[KG][d5d2b1c5-641] ea_recognition:ea_recognition 905/1157 (78%) - Chunk 905 / 1157
[KG][d5d2b1c5-641] ea_recognition:ea_recognition 914/1157 (79%) - Chunk 914 / 1157
[KG][d5d2b1c5-641] ea_recognition:ea_recognition 906/1157 (78%) - Chunk 906 / 1157
[KG][d5d2b1c5-641] ea_recognition:ea_recognition 915/1157 (79%) - Chunk 915 / 1157
[KG][d5d2b1c5-641] ea_recognition:ea_recognition 907/1157 (78%) - Chunk 907 / 1157
[KG][d5d2b1c5-641] ea_recognition:ea_recognition 916/1157 (79%) - Chunk 916 / 1157
[KG][d5d2b1c5-641] ea_recognition:ea_recognition 908/1157 (78%) - Chunk 908 / 1157
[KG][d5d2b1c5-641] ea_recognition:ea_recognition 917/1157 (79%) - Chunk 917 / 1157
[KG][d5d2b1c5-641] ea_recognition:ea_recognition 909/1157 (79%) - Chunk 909 / 1157
[KG][d5d2b1c5-641] ea_recognition:ea_recognition 918/1157 (79%) - Chunk 918 / 1157
[KG][d5d2b1c5-641] ea_recognition:ea_recognition 910/1157 (79%) - Chunk 910 / 1157
[KG][d5d2b1c5-641] ea_recognition:ea_recognition 919/1157 (79%) - Chunk 919 / 1157
[KG][d5d2b1c5-641] ea_recognition:ea_recognition 911/1157 (79%) - Chunk 911 / 1157
[KG][d5d2b1c5-641] ea_recognition:ea_recognition 920/1157 (80%) - Chunk 920 / 1157
[KG][d5d2b1c5-641] ea_recognition:ea_recognition 912/1157 (79%) - Chunk 912 / 1157
[KG][d5d2b1c5-641] ea_recognition:ea_recognition 921/1157 (80%) - Chunk 921 / 1157
[KG][d5d2b1c5-641] ea_recognition:ea_recognition 913/1157 (79%) - Chunk 913 / 1157
[KG][d5d2b1c5-641] ea_recognition:ea_recognition 922/1157 (80%) - Chunk 922 / 1157
[KG][d5d2b1c5-641] ea_recognition:ea_recognition 914/1157 (79%) - Chunk 914 / 1157
[KG][d5d2b1c5-641] ea_recognition:ea_recognition 923/1157 (80%) - Chunk 923 / 1157
[KG][d5d2b1c5-641] ea_recognition:ea_recognition 915/1157 (79%) - Chunk 915 / 1157
[KG][d5d2b1c5-641] ea_recognition:ea_recognition 924/1157 (80%) - Chunk 924 / 1157
[KG][d5d2b1c5-641] ea_recognition:ea_recognition 916/1157 (79%) - Chunk 916 / 1157
[KG][d5d2b1c5-641] ea_recognition:ea_recognition 925/1157 (80%) - Chunk 925 / 1157
[KG][d5d2b1c5-641] ea_recognition:ea_recognition 917/1157 (79%) - Chunk 917 / 1157
[KG][d5d2b1c5-641] ea_recognition:ea_recognition 926/1157 (80%) - Chunk 926 / 1157
[KG][d5d2b1c5-641] ea_recognition:ea_recognition 918/1157 (79%) - Chunk 918 / 1157
[KG][d5d2b1c5-641] ea_recognition:ea_recognition 927/1157 (80%) - Chunk 927 / 1157
[KG][d5d2b1c5-641] ea_recognition:ea_recognition 919/1157 (79%) - Chunk 919 / 1157
[KG][d5d2b1c5-641] ea_recognition:ea_recognition 928/1157 (80%) - Chunk 928 / 1157
[KG][d5d2b1c5-641] ea_recognition:ea_recognition 920/1157 (80%) - Chunk 920 / 1157
[KG][d5d2b1c5-641] ea_recognition:ea_recognition 929/1157 (80%) - Chunk 929 / 1157
[KG][d5d2b1c5-641] ea_recognition:ea_recognition 921/1157 (80%) - Chunk 921 / 1157
[KG][d5d2b1c5-641] ea_recognition:ea_recognition 930/1157 (80%) - Chunk 930 / 1157
[KG][d5d2b1c5-641] ea_recognition:ea_recognition 922/1157 (80%) - Chunk 922 / 1157
[KG][d5d2b1c5-641] ea_recognition:ea_recognition 931/1157 (80%) - Chunk 931 / 1157
[KG][d5d2b1c5-641] ea_recognition:ea_recognition 923/1157 (80%) - Chunk 923 / 1157
[KG][d5d2b1c5-641] ea_recognition:ea_recognition 932/1157 (81%) - Chunk 932 / 1157
[KG][d5d2b1c5-641] ea_recognition:ea_recognition 924/1157 (80%) - Chunk 924 / 1157
[KG][d5d2b1c5-641] ea_recognition:ea_recognition 933/1157 (81%) - Chunk 933 / 1157
[KG][d5d2b1c5-641] ea_recognition:ea_recognition 925/1157 (80%) - Chunk 925 / 1157
[KG][d5d2b1c5-641] ea_recognition:ea_recognition 934/1157 (81%) - Chunk 934 / 1157
[KG][d5d2b1c5-641] ea_recognition:ea_recognition 926/1157 (80%) - Chunk 926 / 1157
[KG][d5d2b1c5-641] ea_recognition:ea_recognition 935/1157 (81%) - Chunk 935 / 1157
[KG][d5d2b1c5-641] ea_recognition:ea_recognition 927/1157 (80%) - Chunk 927 / 1157
[KG][d5d2b1c5-641] ea_recognition:ea_recognition 936/1157 (81%) - Chunk 936 / 1157
[KG][d5d2b1c5-641] ea_recognition:ea_recognition 928/1157 (80%) - Chunk 928 / 1157
[KG][d5d2b1c5-641] ea_recognition:ea_recognition 937/1157 (81%) - Chunk 937 / 1157
[KG][d5d2b1c5-641] ea_recognition:ea_recognition 929/1157 (80%) - Chunk 929 / 1157
[KG][d5d2b1c5-641] ea_recognition:ea_recognition 938/1157 (81%) - Chunk 938 / 1157
[KG][d5d2b1c5-641] ea_recognition:ea_recognition 930/1157 (80%) - Chunk 930 / 1157
[KG][d5d2b1c5-641] ea_recognition:ea_recognition 939/1157 (81%) - Chunk 939 / 1157
[KG][d5d2b1c5-641] ea_recognition:ea_recognition 931/1157 (80%) - Chunk 931 / 1157
[KG][d5d2b1c5-641] ea_recognition:ea_recognition 940/1157 (81%) - Chunk 940 / 1157
[KG][d5d2b1c5-641] ea_recognition:ea_recognition 932/1157 (81%) - Chunk 932 / 1157
[KG][d5d2b1c5-641] ea_recognition:ea_recognition 941/1157 (81%) - Chunk 941 / 1157
[KG][d5d2b1c5-641] ea_recognition:ea_recognition 933/1157 (81%) - Chunk 933 / 1157
[KG][d5d2b1c5-641] ea_recognition:ea_recognition 942/1157 (81%) - Chunk 942 / 1157
[KG][d5d2b1c5-641] ea_recognition:ea_recognition 934/1157 (81%) - Chunk 934 / 1157
[KG][d5d2b1c5-641] ea_recognition:ea_recognition 943/1157 (82%) - Chunk 943 / 1157
[KG][d5d2b1c5-641] ea_recognition:ea_recognition 935/1157 (81%) - Chunk 935 / 1157
[KG][d5d2b1c5-641] ea_recognition:ea_recognition 944/1157 (82%) - Chunk 944 / 1157
[KG][d5d2b1c5-641] ea_recognition:ea_recognition 936/1157 (81%) - Chunk 936 / 1157
[KG][d5d2b1c5-641] ea_recognition:ea_recognition 945/1157 (82%) - Chunk 945 / 1157
[KG][d5d2b1c5-641] ea_recognition:ea_recognition 937/1157 (81%) - Chunk 937 / 1157
[KG][d5d2b1c5-641] ea_recognition:ea_recognition 946/1157 (82%) - Chunk 946 / 1157
[KG][d5d2b1c5-641] ea_recognition:ea_recognition 938/1157 (81%) - Chunk 938 / 1157
[KG][d5d2b1c5-641] ea_recognition:ea_recognition 947/1157 (82%) - Chunk 947 / 1157
[KG][d5d2b1c5-641] ea_recognition:ea_recognition 939/1157 (81%) - Chunk 939 / 1157
[KG][d5d2b1c5-641] ea_recognition:ea_recognition 948/1157 (82%) - Chunk 948 / 1157
[KG][d5d2b1c5-641] ea_recognition:ea_recognition 940/1157 (81%) - Chunk 940 / 1157
[KG][d5d2b1c5-641] ea_recognition:ea_recognition 949/1157 (82%) - Chunk 949 / 1157
[KG][d5d2b1c5-641] ea_recognition:ea_recognition 941/1157 (81%) - Chunk 941 / 1157
[KG][d5d2b1c5-641] ea_recognition:ea_recognition 950/1157 (82%) - Chunk 950 / 1157
[KG][d5d2b1c5-641] ea_recognition:ea_recognition 942/1157 (81%) - Chunk 942 / 1157
[KG][d5d2b1c5-641] ea_recognition:ea_recognition 951/1157 (82%) - Chunk 951 / 1157
[KG][d5d2b1c5-641] ea_recognition:ea_recognition 943/1157 (82%) - Chunk 943 / 1157
[KG][d5d2b1c5-641] ea_recognition:ea_recognition 952/1157 (82%) - Chunk 952 / 1157
[KG][d5d2b1c5-641] ea_recognition:ea_recognition 944/1157 (82%) - Chunk 944 / 1157
[KG][d5d2b1c5-641] ea_recognition:ea_recognition 953/1157 (82%) - Chunk 953 / 1157
[KG][d5d2b1c5-641] ea_recognition:ea_recognition 945/1157 (82%) - Chunk 945 / 1157
[KG][d5d2b1c5-641] ea_recognition:ea_recognition 954/1157 (82%) - Chunk 954 / 1157
[KG][d5d2b1c5-641] ea_recognition:ea_recognition 946/1157 (82%) - Chunk 946 / 1157
[KG][d5d2b1c5-641] ea_recognition:ea_recognition 955/1157 (83%) - Chunk 955 / 1157
[KG][d5d2b1c5-641] ea_recognition:ea_recognition 947/1157 (82%) - Chunk 947 / 1157
[KG][d5d2b1c5-641] ea_recognition:ea_recognition 956/1157 (83%) - Chunk 956 / 1157
[KG][d5d2b1c5-641] ea_recognition:ea_recognition 948/1157 (82%) - Chunk 948 / 1157
[KG][d5d2b1c5-641] ea_recognition:ea_recognition 957/1157 (83%) - Chunk 957 / 1157
[KG][d5d2b1c5-641] ea_recognition:ea_recognition 949/1157 (82%) - Chunk 949 / 1157
[KG][d5d2b1c5-641] ea_recognition:ea_recognition 958/1157 (83%) - Chunk 958 / 1157
[KG][d5d2b1c5-641] ea_recognition:ea_recognition 950/1157 (82%) - Chunk 950 / 1157
[KG][d5d2b1c5-641] ea_recognition:ea_recognition 959/1157 (83%) - Chunk 959 / 1157
[KG][d5d2b1c5-641] ea_recognition:ea_recognition 951/1157 (82%) - Chunk 951 / 1157
[KG][d5d2b1c5-641] ea_recognition:ea_recognition 960/1157 (83%) - Chunk 960 / 1157
[KG][d5d2b1c5-641] ea_recognition:ea_recognition 952/1157 (82%) - Chunk 952 / 1157
[KG][d5d2b1c5-641] ea_recognition:ea_recognition 961/1157 (83%) - Chunk 961 / 1157
[KG][d5d2b1c5-641] ea_recognition:ea_recognition 953/1157 (82%) - Chunk 953 / 1157
[KG][d5d2b1c5-641] ea_recognition:ea_recognition 962/1157 (83%) - Chunk 962 / 1157
[KG][d5d2b1c5-641] ea_recognition:ea_recognition 954/1157 (82%) - Chunk 954 / 1157
[KG][d5d2b1c5-641] ea_recognition:ea_recognition 963/1157 (83%) - Chunk 963 / 1157
[KG][d5d2b1c5-641] ea_recognition:ea_recognition 955/1157 (83%) - Chunk 955 / 1157
[KG][d5d2b1c5-641] ea_recognition:ea_recognition 964/1157 (83%) - Chunk 964 / 1157
[KG][d5d2b1c5-641] ea_recognition:ea_recognition 956/1157 (83%) - Chunk 956 / 1157
[KG][d5d2b1c5-641] ea_recognition:ea_recognition 965/1157 (83%) - Chunk 965 / 1157
[KG][d5d2b1c5-641] ea_recognition:ea_recognition 966/1157 (83%) - Chunk 966 / 1157
[KG][d5d2b1c5-641] ea_recognition:ea_recognition 957/1157 (83%) - Chunk 957 / 1157
[KG][d5d2b1c5-641] ea_recognition:ea_recognition 967/1157 (84%) - Chunk 967 / 1157
[KG][d5d2b1c5-641] ea_recognition:ea_recognition 958/1157 (83%) - Chunk 958 / 1157
[KG][d5d2b1c5-641] ea_recognition:ea_recognition 968/1157 (84%) - Chunk 968 / 1157
[KG][d5d2b1c5-641] ea_recognition:ea_recognition 959/1157 (83%) - Chunk 959 / 1157
[KG][d5d2b1c5-641] ea_recognition:ea_recognition 969/1157 (84%) - Chunk 969 / 1157
[KG][d5d2b1c5-641] ea_recognition:ea_recognition 960/1157 (83%) - Chunk 960 / 1157
[KG][d5d2b1c5-641] ea_recognition:ea_recognition 970/1157 (84%) - Chunk 970 / 1157
[KG][d5d2b1c5-641] ea_recognition:ea_recognition 961/1157 (83%) - Chunk 961 / 1157
[KG][d5d2b1c5-641] ea_recognition:ea_recognition 971/1157 (84%) - Chunk 971 / 1157
[KG][d5d2b1c5-641] ea_recognition:ea_recognition 962/1157 (83%) - Chunk 962 / 1157
[KG][d5d2b1c5-641] ea_recognition:ea_recognition 972/1157 (84%) - Chunk 972 / 1157
[KG][d5d2b1c5-641] ea_recognition:ea_recognition 963/1157 (83%) - Chunk 963 / 1157
[KG][d5d2b1c5-641] ea_recognition:ea_recognition 973/1157 (84%) - Chunk 973 / 1157
[KG][d5d2b1c5-641] ea_recognition:ea_recognition 964/1157 (83%) - Chunk 964 / 1157
[KG][d5d2b1c5-641] ea_recognition:ea_recognition 974/1157 (84%) - Chunk 974 / 1157
[KG][d5d2b1c5-641] ea_recognition:ea_recognition 965/1157 (83%) - Chunk 965 / 1157
[KG][d5d2b1c5-641] ea_recognition:ea_recognition 975/1157 (84%) - Chunk 975 / 1157
[KG][d5d2b1c5-641] ea_recognition:ea_recognition 966/1157 (83%) - Chunk 966 / 1157
[KG][d5d2b1c5-641] ea_recognition:ea_recognition 976/1157 (84%) - Chunk 976 / 1157
[KG][d5d2b1c5-641] ea_recognition:ea_recognition 967/1157 (84%) - Chunk 967 / 1157
[KG][d5d2b1c5-641] ea_recognition:ea_recognition 977/1157 (84%) - Chunk 977 / 1157
[KG][d5d2b1c5-641] ea_recognition:ea_recognition 968/1157 (84%) - Chunk 968 / 1157
[KG][d5d2b1c5-641] ea_recognition:ea_recognition 978/1157 (85%) - Chunk 978 / 1157
[KG][d5d2b1c5-641] ea_recognition:ea_recognition 969/1157 (84%) - Chunk 969 / 1157
[KG][d5d2b1c5-641] ea_recognition:ea_recognition 979/1157 (85%) - Chunk 979 / 1157
[KG][d5d2b1c5-641] ea_recognition:ea_recognition 970/1157 (84%) - Chunk 970 / 1157
[KG][d5d2b1c5-641] ea_recognition:ea_recognition 980/1157 (85%) - Chunk 980 / 1157
[KG][d5d2b1c5-641] ea_recognition:ea_recognition 971/1157 (84%) - Chunk 971 / 1157
[KG][d5d2b1c5-641] ea_recognition:ea_recognition 981/1157 (85%) - Chunk 981 / 1157
[KG][d5d2b1c5-641] ea_recognition:ea_recognition 972/1157 (84%) - Chunk 972 / 1157
[KG][d5d2b1c5-641] ea_recognition:ea_recognition 982/1157 (85%) - Chunk 982 / 1157
[KG][d5d2b1c5-641] ea_recognition:ea_recognition 973/1157 (84%) - Chunk 973 / 1157
[KG][d5d2b1c5-641] ea_recognition:ea_recognition 983/1157 (85%) - Chunk 983 / 1157
[KG][d5d2b1c5-641] ea_recognition:ea_recognition 974/1157 (84%) - Chunk 974 / 1157
[KG][d5d2b1c5-641] ea_recognition:ea_recognition 984/1157 (85%) - Chunk 984 / 1157
[KG][d5d2b1c5-641] ea_recognition:ea_recognition 975/1157 (84%) - Chunk 975 / 1157
[KG][d5d2b1c5-641] ea_recognition:ea_recognition 985/1157 (85%) - Chunk 985 / 1157
[KG][d5d2b1c5-641] ea_recognition:ea_recognition 976/1157 (84%) - Chunk 976 / 1157
[KG][d5d2b1c5-641] ea_recognition:ea_recognition 977/1157 (84%) - Chunk 977 / 1157
[KG][d5d2b1c5-641] ea_recognition:ea_recognition 986/1157 (85%) - Chunk 986 / 1157
[KG][d5d2b1c5-641] ea_recognition:ea_recognition 987/1157 (85%) - Chunk 987 / 1157
[KG][d5d2b1c5-641] ea_recognition:ea_recognition 978/1157 (85%) - Chunk 978 / 1157
[KG][d5d2b1c5-641] ea_recognition:ea_recognition 988/1157 (85%) - Chunk 988 / 1157
[KG][d5d2b1c5-641] ea_recognition:ea_recognition 979/1157 (85%) - Chunk 979 / 1157
[KG][d5d2b1c5-641] ea_recognition:ea_recognition 989/1157 (85%) - Chunk 989 / 1157
[KG][d5d2b1c5-641] ea_recognition:ea_recognition 980/1157 (85%) - Chunk 980 / 1157
[KG][d5d2b1c5-641] ea_recognition:ea_recognition 990/1157 (86%) - Chunk 990 / 1157
[KG][d5d2b1c5-641] ea_recognition:ea_recognition 981/1157 (85%) - Chunk 981 / 1157
[KG][d5d2b1c5-641] ea_recognition:ea_recognition 991/1157 (86%) - Chunk 991 / 1157
[KG][d5d2b1c5-641] ea_recognition:ea_recognition 982/1157 (85%) - Chunk 982 / 1157
[KG][d5d2b1c5-641] ea_recognition:ea_recognition 992/1157 (86%) - Chunk 992 / 1157
[KG][d5d2b1c5-641] ea_recognition:ea_recognition 983/1157 (85%) - Chunk 983 / 1157
[KG][d5d2b1c5-641] ea_recognition:ea_recognition 993/1157 (86%) - Chunk 993 / 1157
[KG][d5d2b1c5-641] ea_recognition:ea_recognition 984/1157 (85%) - Chunk 984 / 1157
[KG][d5d2b1c5-641] ea_recognition:ea_recognition 994/1157 (86%) - Chunk 994 / 1157
[KG][d5d2b1c5-641] ea_recognition:ea_recognition 985/1157 (85%) - Chunk 985 / 1157
[KG][d5d2b1c5-641] ea_recognition:ea_recognition 995/1157 (86%) - Chunk 995 / 1157
[KG][d5d2b1c5-641] ea_recognition:ea_recognition 986/1157 (85%) - Chunk 986 / 1157
[KG][d5d2b1c5-641] ea_recognition:ea_recognition 996/1157 (86%) - Chunk 996 / 1157
[KG][d5d2b1c5-641] ea_recognition:ea_recognition 987/1157 (85%) - Chunk 987 / 1157
[KG][d5d2b1c5-641] ea_recognition:ea_recognition 997/1157 (86%) - Chunk 997 / 1157
[KG][d5d2b1c5-641] ea_recognition:ea_recognition 988/1157 (85%) - Chunk 988 / 1157
[KG][d5d2b1c5-641] ea_recognition:ea_recognition 998/1157 (86%) - Chunk 998 / 1157
[KG][d5d2b1c5-641] ea_recognition:ea_recognition 989/1157 (85%) - Chunk 989 / 1157
[KG][d5d2b1c5-641] ea_recognition:ea_recognition 999/1157 (86%) - Chunk 999 / 1157
[KG][d5d2b1c5-641] ea_recognition:ea_recognition 990/1157 (86%) - Chunk 990 / 1157
[KG][d5d2b1c5-641] ea_recognition:ea_recognition 1000/1157 (86%) - Chunk 1000 / 1157
[KG][d5d2b1c5-641] ea_recognition:ea_recognition 991/1157 (86%) - Chunk 991 / 1157
[KG][d5d2b1c5-641] ea_recognition:ea_recognition 1001/1157 (87%) - Chunk 1001 / 1157
[KG][d5d2b1c5-641] ea_recognition:ea_recognition 992/1157 (86%) - Chunk 992 / 1157
[KG][d5d2b1c5-641] ea_recognition:ea_recognition 1002/1157 (87%) - Chunk 1002 / 1157
[KG][d5d2b1c5-641] ea_recognition:ea_recognition 993/1157 (86%) - Chunk 993 / 1157
[KG][d5d2b1c5-641] ea_recognition:ea_recognition 1003/1157 (87%) - Chunk 1003 / 1157
[KG][d5d2b1c5-641] ea_recognition:ea_recognition 994/1157 (86%) - Chunk 994 / 1157
[KG][d5d2b1c5-641] ea_recognition:ea_recognition 1004/1157 (87%) - Chunk 1004 / 1157
[KG][d5d2b1c5-641] ea_recognition:ea_recognition 995/1157 (86%) - Chunk 995 / 1157
[KG][d5d2b1c5-641] ea_recognition:ea_recognition 1005/1157 (87%) - Chunk 1005 / 1157
[KG][d5d2b1c5-641] ea_recognition:ea_recognition 996/1157 (86%) - Chunk 996 / 1157
[KG][d5d2b1c5-641] ea_recognition:ea_recognition 1006/1157 (87%) - Chunk 1006 / 1157
[KG][d5d2b1c5-641] ea_recognition:ea_recognition 997/1157 (86%) - Chunk 997 / 1157
[KG][d5d2b1c5-641] ea_recognition:ea_recognition 1007/1157 (87%) - Chunk 1007 / 1157
[KG][d5d2b1c5-641] ea_recognition:ea_recognition 998/1157 (86%) - Chunk 998 / 1157
[KG][d5d2b1c5-641] ea_recognition:ea_recognition 1008/1157 (87%) - Chunk 1008 / 1157
[KG][d5d2b1c5-641] ea_recognition:ea_recognition 999/1157 (86%) - Chunk 999 / 1157
[KG][d5d2b1c5-641] ea_recognition:ea_recognition 1009/1157 (87%) - Chunk 1009 / 1157
[KG][d5d2b1c5-641] ea_recognition:ea_recognition 1000/1157 (86%) - Chunk 1000 / 1157
[KG][d5d2b1c5-641] ea_recognition:ea_recognition 1010/1157 (87%) - Chunk 1010 / 1157
[KG][d5d2b1c5-641] ea_recognition:ea_recognition 1001/1157 (87%) - Chunk 1001 / 1157
[KG][d5d2b1c5-641] ea_recognition:ea_recognition 1011/1157 (87%) - Chunk 1011 / 1157
[KG][d5d2b1c5-641] ea_recognition:ea_recognition 1002/1157 (87%) - Chunk 1002 / 1157
[KG][d5d2b1c5-641] ea_recognition:ea_recognition 1012/1157 (87%) - Chunk 1012 / 1157
[KG][d5d2b1c5-641] ea_recognition:ea_recognition 1003/1157 (87%) - Chunk 1003 / 1157
[KG][d5d2b1c5-641] ea_recognition:ea_recognition 1013/1157 (88%) - Chunk 1013 / 1157
[KG][d5d2b1c5-641] ea_recognition:ea_recognition 1004/1157 (87%) - Chunk 1004 / 1157
[KG][d5d2b1c5-641] ea_recognition:ea_recognition 1014/1157 (88%) - Chunk 1014 / 1157
[KG][d5d2b1c5-641] ea_recognition:ea_recognition 1005/1157 (87%) - Chunk 1005 / 1157
[KG][d5d2b1c5-641] ea_recognition:ea_recognition 1015/1157 (88%) - Chunk 1015 / 1157
[KG][d5d2b1c5-641] ea_recognition:ea_recognition 1006/1157 (87%) - Chunk 1006 / 1157
[KG][d5d2b1c5-641] ea_recognition:ea_recognition 1016/1157 (88%) - Chunk 1016 / 1157
[KG][d5d2b1c5-641] ea_recognition:ea_recognition 1007/1157 (87%) - Chunk 1007 / 1157
[KG][d5d2b1c5-641] ea_recognition:ea_recognition 1017/1157 (88%) - Chunk 1017 / 1157
[KG][d5d2b1c5-641] ea_recognition:ea_recognition 1008/1157 (87%) - Chunk 1008 / 1157
[KG][d5d2b1c5-641] ea_recognition:ea_recognition 1018/1157 (88%) - Chunk 1018 / 1157
[KG][d5d2b1c5-641] ea_recognition:ea_recognition 1009/1157 (87%) - Chunk 1009 / 1157
[KG][d5d2b1c5-641] ea_recognition:ea_recognition 1019/1157 (88%) - Chunk 1019 / 1157
[KG][d5d2b1c5-641] ea_recognition:ea_recognition 1010/1157 (87%) - Chunk 1010 / 1157
[KG][d5d2b1c5-641] ea_recognition:ea_recognition 1020/1157 (88%) - Chunk 1020 / 1157
[KG][d5d2b1c5-641] ea_recognition:ea_recognition 1011/1157 (87%) - Chunk 1011 / 1157
[KG][d5d2b1c5-641] ea_recognition:ea_recognition 1021/1157 (88%) - Chunk 1021 / 1157
[KG][d5d2b1c5-641] ea_recognition:ea_recognition 1012/1157 (87%) - Chunk 1012 / 1157
[KG][d5d2b1c5-641] ea_recognition:ea_recognition 1022/1157 (88%) - Chunk 1022 / 1157
[KG][d5d2b1c5-641] ea_recognition:ea_recognition 1013/1157 (88%) - Chunk 1013 / 1157
[KG][d5d2b1c5-641] ea_recognition:ea_recognition 1023/1157 (88%) - Chunk 1023 / 1157
[KG][d5d2b1c5-641] ea_recognition:ea_recognition 1014/1157 (88%) - Chunk 1014 / 1157
[KG][d5d2b1c5-641] ea_recognition:ea_recognition 1024/1157 (89%) - Chunk 1024 / 1157
[KG][d5d2b1c5-641] ea_recognition:ea_recognition 1015/1157 (88%) - Chunk 1015 / 1157
[KG][d5d2b1c5-641] ea_recognition:ea_recognition 1025/1157 (89%) - Chunk 1025 / 1157
[KG][d5d2b1c5-641] ea_recognition:ea_recognition 1016/1157 (88%) - Chunk 1016 / 1157
[KG][d5d2b1c5-641] ea_recognition:ea_recognition 1026/1157 (89%) - Chunk 1026 / 1157
[KG][d5d2b1c5-641] ea_recognition:ea_recognition 1017/1157 (88%) - Chunk 1017 / 1157
[KG][d5d2b1c5-641] ea_recognition:ea_recognition 1027/1157 (89%) - Chunk 1027 / 1157
[KG][d5d2b1c5-641] ea_recognition:ea_recognition 1018/1157 (88%) - Chunk 1018 / 1157
[KG][d5d2b1c5-641] ea_recognition:ea_recognition 1028/1157 (89%) - Chunk 1028 / 1157
[KG][d5d2b1c5-641] ea_recognition:ea_recognition 1019/1157 (88%) - Chunk 1019 / 1157
[KG][d5d2b1c5-641] ea_recognition:ea_recognition 1029/1157 (89%) - Chunk 1029 / 1157
[KG][d5d2b1c5-641] ea_recognition:ea_recognition 1020/1157 (88%) - Chunk 1020 / 1157
[KG][d5d2b1c5-641] ea_recognition:ea_recognition 1030/1157 (89%) - Chunk 1030 / 1157
[KG][d5d2b1c5-641] ea_recognition:ea_recognition 1021/1157 (88%) - Chunk 1021 / 1157
[KG][d5d2b1c5-641] ea_recognition:ea_recognition 1031/1157 (89%) - Chunk 1031 / 1157
[KG][d5d2b1c5-641] ea_recognition:ea_recognition 1022/1157 (88%) - Chunk 1022 / 1157
[KG][d5d2b1c5-641] ea_recognition:ea_recognition 1032/1157 (89%) - Chunk 1032 / 1157
[KG][d5d2b1c5-641] ea_recognition:ea_recognition 1023/1157 (88%) - Chunk 1023 / 1157
[KG][d5d2b1c5-641] ea_recognition:ea_recognition 1033/1157 (89%) - Chunk 1033 / 1157
[KG][d5d2b1c5-641] ea_recognition:ea_recognition 1024/1157 (89%) - Chunk 1024 / 1157
[KG][d5d2b1c5-641] ea_recognition:ea_recognition 1034/1157 (89%) - Chunk 1034 / 1157
[KG][d5d2b1c5-641] ea_recognition:ea_recognition 1025/1157 (89%) - Chunk 1025 / 1157
[KG][d5d2b1c5-641] ea_recognition:ea_recognition 1035/1157 (89%) - Chunk 1035 / 1157
[KG][d5d2b1c5-641] ea_recognition:ea_recognition 1026/1157 (89%) - Chunk 1026 / 1157
[KG][d5d2b1c5-641] ea_recognition:ea_recognition 1036/1157 (90%) - Chunk 1036 / 1157
[KG][d5d2b1c5-641] ea_recognition:ea_recognition 1027/1157 (89%) - Chunk 1027 / 1157
[KG][d5d2b1c5-641] ea_recognition:ea_recognition 1037/1157 (90%) - Chunk 1037 / 1157
[KG][d5d2b1c5-641] ea_recognition:ea_recognition 1028/1157 (89%) - Chunk 1028 / 1157
[KG][d5d2b1c5-641] ea_recognition:ea_recognition 1038/1157 (90%) - Chunk 1038 / 1157
[KG][d5d2b1c5-641] ea_recognition:ea_recognition 1029/1157 (89%) - Chunk 1029 / 1157
[KG][d5d2b1c5-641] ea_recognition:ea_recognition 1039/1157 (90%) - Chunk 1039 / 1157
[KG][d5d2b1c5-641] ea_recognition:ea_recognition 1030/1157 (89%) - Chunk 1030 / 1157
[KG][d5d2b1c5-641] ea_recognition:ea_recognition 1040/1157 (90%) - Chunk 1040 / 1157
[KG][d5d2b1c5-641] ea_recognition:ea_recognition 1031/1157 (89%) - Chunk 1031 / 1157
[KG][d5d2b1c5-641] ea_recognition:ea_recognition 1041/1157 (90%) - Chunk 1041 / 1157
[KG][d5d2b1c5-641] ea_recognition:ea_recognition 1032/1157 (89%) - Chunk 1032 / 1157
[KG][d5d2b1c5-641] ea_recognition:ea_recognition 1042/1157 (90%) - Chunk 1042 / 1157
[KG][d5d2b1c5-641] ea_recognition:ea_recognition 1033/1157 (89%) - Chunk 1033 / 1157
[KG][d5d2b1c5-641] ea_recognition:ea_recognition 1043/1157 (90%) - Chunk 1043 / 1157
[KG][d5d2b1c5-641] ea_recognition:ea_recognition 1034/1157 (89%) - Chunk 1034 / 1157
[KG][d5d2b1c5-641] ea_recognition:ea_recognition 1044/1157 (90%) - Chunk 1044 / 1157
[KG][d5d2b1c5-641] ea_recognition:ea_recognition 1035/1157 (89%) - Chunk 1035 / 1157
[KG][d5d2b1c5-641] ea_recognition:ea_recognition 1045/1157 (90%) - Chunk 1045 / 1157
[KG][d5d2b1c5-641] ea_recognition:ea_recognition 1036/1157 (90%) - Chunk 1036 / 1157
[KG][d5d2b1c5-641] ea_recognition:ea_recognition 1046/1157 (90%) - Chunk 1046 / 1157
[KG][d5d2b1c5-641] ea_recognition:ea_recognition 1037/1157 (90%) - Chunk 1037 / 1157
[KG][d5d2b1c5-641] ea_recognition:ea_recognition 1047/1157 (90%) - Chunk 1047 / 1157
[KG][d5d2b1c5-641] ea_recognition:ea_recognition 1038/1157 (90%) - Chunk 1038 / 1157
[KG][d5d2b1c5-641] ea_recognition:ea_recognition 1048/1157 (91%) - Chunk 1048 / 1157
[KG][d5d2b1c5-641] ea_recognition:ea_recognition 1039/1157 (90%) - Chunk 1039 / 1157
[KG][d5d2b1c5-641] ea_recognition:ea_recognition 1049/1157 (91%) - Chunk 1049 / 1157
[KG][d5d2b1c5-641] ea_recognition:ea_recognition 1040/1157 (90%) - Chunk 1040 / 1157
[KG][d5d2b1c5-641] ea_recognition:ea_recognition 1050/1157 (91%) - Chunk 1050 / 1157
[KG][d5d2b1c5-641] ea_recognition:ea_recognition 1041/1157 (90%) - Chunk 1041 / 1157
[KG][d5d2b1c5-641] ea_recognition:ea_recognition 1051/1157 (91%) - Chunk 1051 / 1157
[KG][d5d2b1c5-641] ea_recognition:ea_recognition 1042/1157 (90%) - Chunk 1042 / 1157
[KG][d5d2b1c5-641] ea_recognition:ea_recognition 1052/1157 (91%) - Chunk 1052 / 1157
[KG][d5d2b1c5-641] ea_recognition:ea_recognition 1043/1157 (90%) - Chunk 1043 / 1157
[KG][d5d2b1c5-641] ea_recognition:ea_recognition 1053/1157 (91%) - Chunk 1053 / 1157
[KG][d5d2b1c5-641] ea_recognition:ea_recognition 1044/1157 (90%) - Chunk 1044 / 1157
[KG][d5d2b1c5-641] ea_recognition:ea_recognition 1054/1157 (91%) - Chunk 1054 / 1157
[KG][d5d2b1c5-641] ea_recognition:ea_recognition 1045/1157 (90%) - Chunk 1045 / 1157
[KG][d5d2b1c5-641] ea_recognition:ea_recognition 1055/1157 (91%) - Chunk 1055 / 1157
[KG][d5d2b1c5-641] ea_recognition:ea_recognition 1046/1157 (90%) - Chunk 1046 / 1157
[KG][d5d2b1c5-641] ea_recognition:ea_recognition 1056/1157 (91%) - Chunk 1056 / 1157
[KG][d5d2b1c5-641] ea_recognition:ea_recognition 1047/1157 (90%) - Chunk 1047 / 1157
[KG][d5d2b1c5-641] ea_recognition:ea_recognition 1057/1157 (91%) - Chunk 1057 / 1157
[KG][d5d2b1c5-641] ea_recognition:ea_recognition 1048/1157 (91%) - Chunk 1048 / 1157
[KG][d5d2b1c5-641] ea_recognition:ea_recognition 1058/1157 (91%) - Chunk 1058 / 1157
[KG][d5d2b1c5-641] ea_recognition:ea_recognition 1049/1157 (91%) - Chunk 1049 / 1157
[KG][d5d2b1c5-641] ea_recognition:ea_recognition 1059/1157 (92%) - Chunk 1059 / 1157
[KG][d5d2b1c5-641] ea_recognition:ea_recognition 1050/1157 (91%) - Chunk 1050 / 1157
[KG][d5d2b1c5-641] ea_recognition:ea_recognition 1060/1157 (92%) - Chunk 1060 / 1157
[KG][d5d2b1c5-641] ea_recognition:ea_recognition 1051/1157 (91%) - Chunk 1051 / 1157
[KG][d5d2b1c5-641] ea_recognition:ea_recognition 1061/1157 (92%) - Chunk 1061 / 1157
[KG][d5d2b1c5-641] ea_recognition:ea_recognition 1052/1157 (91%) - Chunk 1052 / 1157
[KG][d5d2b1c5-641] ea_recognition:ea_recognition 1062/1157 (92%) - Chunk 1062 / 1157
[KG][d5d2b1c5-641] ea_recognition:ea_recognition 1053/1157 (91%) - Chunk 1053 / 1157
[KG][d5d2b1c5-641] ea_recognition:ea_recognition 1063/1157 (92%) - Chunk 1063 / 1157
[KG][d5d2b1c5-641] ea_recognition:ea_recognition 1054/1157 (91%) - Chunk 1054 / 1157
[KG][d5d2b1c5-641] ea_recognition:ea_recognition 1064/1157 (92%) - Chunk 1064 / 1157
[KG][d5d2b1c5-641] ea_recognition:ea_recognition 1055/1157 (91%) - Chunk 1055 / 1157
[KG][d5d2b1c5-641] ea_recognition:ea_recognition 1065/1157 (92%) - Chunk 1065 / 1157
[KG][d5d2b1c5-641] ea_recognition:ea_recognition 1056/1157 (91%) - Chunk 1056 / 1157
[KG][d5d2b1c5-641] ea_recognition:ea_recognition 1066/1157 (92%) - Chunk 1066 / 1157
[KG][d5d2b1c5-641] ea_recognition:ea_recognition 1057/1157 (91%) - Chunk 1057 / 1157
[KG][d5d2b1c5-641] ea_recognition:ea_recognition 1067/1157 (92%) - Chunk 1067 / 1157
[KG][d5d2b1c5-641] ea_recognition:ea_recognition 1058/1157 (91%) - Chunk 1058 / 1157
[KG][d5d2b1c5-641] ea_recognition:ea_recognition 1068/1157 (92%) - Chunk 1068 / 1157
[KG][d5d2b1c5-641] ea_recognition:ea_recognition 1059/1157 (92%) - Chunk 1059 / 1157
[KG][d5d2b1c5-641] ea_recognition:ea_recognition 1069/1157 (92%) - Chunk 1069 / 1157
[KG][d5d2b1c5-641] ea_recognition:ea_recognition 1060/1157 (92%) - Chunk 1060 / 1157
[KG][d5d2b1c5-641] ea_recognition:ea_recognition 1070/1157 (92%) - Chunk 1070 / 1157
[KG][d5d2b1c5-641] ea_recognition:ea_recognition 1061/1157 (92%) - Chunk 1061 / 1157
[KG][d5d2b1c5-641] ea_recognition:ea_recognition 1071/1157 (93%) - Chunk 1071 / 1157
[KG][d5d2b1c5-641] ea_recognition:ea_recognition 1062/1157 (92%) - Chunk 1062 / 1157
[KG][d5d2b1c5-641] ea_recognition:ea_recognition 1072/1157 (93%) - Chunk 1072 / 1157
[KG][d5d2b1c5-641] ea_recognition:ea_recognition 1063/1157 (92%) - Chunk 1063 / 1157
[KG][d5d2b1c5-641] ea_recognition:ea_recognition 1073/1157 (93%) - Chunk 1073 / 1157
[KG][d5d2b1c5-641] ea_recognition:ea_recognition 1064/1157 (92%) - Chunk 1064 / 1157
[KG][d5d2b1c5-641] ea_recognition:ea_recognition 1074/1157 (93%) - Chunk 1074 / 1157
[KG][d5d2b1c5-641] ea_recognition:ea_recognition 1065/1157 (92%) - Chunk 1065 / 1157
[KG][d5d2b1c5-641] ea_recognition:ea_recognition 1075/1157 (93%) - Chunk 1075 / 1157
[KG][d5d2b1c5-641] ea_recognition:ea_recognition 1066/1157 (92%) - Chunk 1066 / 1157
[KG][d5d2b1c5-641] ea_recognition:ea_recognition 1076/1157 (93%) - Chunk 1076 / 1157
[KG][d5d2b1c5-641] ea_recognition:ea_recognition 1067/1157 (92%) - Chunk 1067 / 1157
[KG][d5d2b1c5-641] ea_recognition:ea_recognition 1077/1157 (93%) - Chunk 1077 / 1157
[KG][d5d2b1c5-641] ea_recognition:ea_recognition 1068/1157 (92%) - Chunk 1068 / 1157
[KG][d5d2b1c5-641] ea_recognition:ea_recognition 1078/1157 (93%) - Chunk 1078 / 1157
[KG][d5d2b1c5-641] ea_recognition:ea_recognition 1069/1157 (92%) - Chunk 1069 / 1157
[KG][d5d2b1c5-641] ea_recognition:ea_recognition 1079/1157 (93%) - Chunk 1079 / 1157
[KG][d5d2b1c5-641] ea_recognition:ea_recognition 1070/1157 (92%) - Chunk 1070 / 1157
[KG][d5d2b1c5-641] ea_recognition:ea_recognition 1080/1157 (93%) - Chunk 1080 / 1157
[KG][d5d2b1c5-641] ea_recognition:ea_recognition 1071/1157 (93%) - Chunk 1071 / 1157
[KG][d5d2b1c5-641] ea_recognition:ea_recognition 1081/1157 (93%) - Chunk 1081 / 1157
[KG][d5d2b1c5-641] ea_recognition:ea_recognition 1072/1157 (93%) - Chunk 1072 / 1157
[KG][d5d2b1c5-641] ea_recognition:ea_recognition 1082/1157 (94%) - Chunk 1082 / 1157
[KG][d5d2b1c5-641] ea_recognition:ea_recognition 1073/1157 (93%) - Chunk 1073 / 1157
[KG][d5d2b1c5-641] ea_recognition:ea_recognition 1083/1157 (94%) - Chunk 1083 / 1157
[KG][d5d2b1c5-641] ea_recognition:ea_recognition 1074/1157 (93%) - Chunk 1074 / 1157
[KG][d5d2b1c5-641] ea_recognition:ea_recognition 1084/1157 (94%) - Chunk 1084 / 1157
[KG][d5d2b1c5-641] ea_recognition:ea_recognition 1075/1157 (93%) - Chunk 1075 / 1157
[KG][d5d2b1c5-641] ea_recognition:ea_recognition 1085/1157 (94%) - Chunk 1085 / 1157
[KG][d5d2b1c5-641] ea_recognition:ea_recognition 1076/1157 (93%) - Chunk 1076 / 1157
[KG][d5d2b1c5-641] ea_recognition:ea_recognition 1086/1157 (94%) - Chunk 1086 / 1157
[KG][d5d2b1c5-641] ea_recognition:ea_recognition 1077/1157 (93%) - Chunk 1077 / 1157
[KG][d5d2b1c5-641] ea_recognition:ea_recognition 1087/1157 (94%) - Chunk 1087 / 1157
[KG][d5d2b1c5-641] ea_recognition:ea_recognition 1078/1157 (93%) - Chunk 1078 / 1157
[KG][d5d2b1c5-641] ea_recognition:ea_recognition 1088/1157 (94%) - Chunk 1088 / 1157
[KG][d5d2b1c5-641] ea_recognition:ea_recognition 1079/1157 (93%) - Chunk 1079 / 1157
[KG][d5d2b1c5-641] ea_recognition:ea_recognition 1089/1157 (94%) - Chunk 1089 / 1157
[KG][d5d2b1c5-641] ea_recognition:ea_recognition 1080/1157 (93%) - Chunk 1080 / 1157
[KG][d5d2b1c5-641] ea_recognition:ea_recognition 1090/1157 (94%) - Chunk 1090 / 1157
[KG][d5d2b1c5-641] ea_recognition:ea_recognition 1081/1157 (93%) - Chunk 1081 / 1157
[KG][d5d2b1c5-641] ea_recognition:ea_recognition 1091/1157 (94%) - Chunk 1091 / 1157
[KG][d5d2b1c5-641] ea_recognition:ea_recognition 1082/1157 (94%) - Chunk 1082 / 1157
[KG][d5d2b1c5-641] ea_recognition:ea_recognition 1092/1157 (94%) - Chunk 1092 / 1157
[KG][d5d2b1c5-641] ea_recognition:ea_recognition 1083/1157 (94%) - Chunk 1083 / 1157
[KG][d5d2b1c5-641] ea_recognition:ea_recognition 1093/1157 (94%) - Chunk 1093 / 1157
[KG][d5d2b1c5-641] ea_recognition:ea_recognition 1084/1157 (94%) - Chunk 1084 / 1157
[KG][d5d2b1c5-641] ea_recognition:ea_recognition 1094/1157 (95%) - Chunk 1094 / 1157
[KG][d5d2b1c5-641] ea_recognition:ea_recognition 1085/1157 (94%) - Chunk 1085 / 1157
[KG][d5d2b1c5-641] ea_recognition:ea_recognition 1095/1157 (95%) - Chunk 1095 / 1157
[KG][d5d2b1c5-641] ea_recognition:ea_recognition 1086/1157 (94%) - Chunk 1086 / 1157
[KG][d5d2b1c5-641] ea_recognition:ea_recognition 1096/1157 (95%) - Chunk 1096 / 1157
[KG][d5d2b1c5-641] ea_recognition:ea_recognition 1087/1157 (94%) - Chunk 1087 / 1157
[KG][d5d2b1c5-641] ea_recognition:ea_recognition 1097/1157 (95%) - Chunk 1097 / 1157
[KG][d5d2b1c5-641] ea_recognition:ea_recognition 1088/1157 (94%) - Chunk 1088 / 1157
[KG][d5d2b1c5-641] ea_recognition:ea_recognition 1098/1157 (95%) - Chunk 1098 / 1157
[KG][d5d2b1c5-641] ea_recognition:ea_recognition 1089/1157 (94%) - Chunk 1089 / 1157
[KG][d5d2b1c5-641] ea_recognition:ea_recognition 1099/1157 (95%) - Chunk 1099 / 1157
[KG][d5d2b1c5-641] ea_recognition:ea_recognition 1090/1157 (94%) - Chunk 1090 / 1157
[KG][d5d2b1c5-641] ea_recognition:ea_recognition 1100/1157 (95%) - Chunk 1100 / 1157
[KG][d5d2b1c5-641] ea_recognition:ea_recognition 1091/1157 (94%) - Chunk 1091 / 1157
[KG][d5d2b1c5-641] ea_recognition:ea_recognition 1101/1157 (95%) - Chunk 1101 / 1157
[KG][d5d2b1c5-641] ea_recognition:ea_recognition 1092/1157 (94%) - Chunk 1092 / 1157
[KG][d5d2b1c5-641] ea_recognition:ea_recognition 1102/1157 (95%) - Chunk 1102 / 1157
[KG][d5d2b1c5-641] ea_recognition:ea_recognition 1093/1157 (94%) - Chunk 1093 / 1157
[KG][d5d2b1c5-641] ea_recognition:ea_recognition 1103/1157 (95%) - Chunk 1103 / 1157
[KG][d5d2b1c5-641] ea_recognition:ea_recognition 1094/1157 (95%) - Chunk 1094 / 1157
[KG][d5d2b1c5-641] ea_recognition:ea_recognition 1104/1157 (95%) - Chunk 1104 / 1157
[KG][d5d2b1c5-641] ea_recognition:ea_recognition 1095/1157 (95%) - Chunk 1095 / 1157
[KG][d5d2b1c5-641] ea_recognition:ea_recognition 1105/1157 (96%) - Chunk 1105 / 1157
[KG][d5d2b1c5-641] ea_recognition:ea_recognition 1096/1157 (95%) - Chunk 1096 / 1157
[KG][d5d2b1c5-641] ea_recognition:ea_recognition 1106/1157 (96%) - Chunk 1106 / 1157
[KG][d5d2b1c5-641] ea_recognition:ea_recognition 1097/1157 (95%) - Chunk 1097 / 1157
[KG][d5d2b1c5-641] ea_recognition:ea_recognition 1107/1157 (96%) - Chunk 1107 / 1157
[KG][d5d2b1c5-641] ea_recognition:ea_recognition 1098/1157 (95%) - Chunk 1098 / 1157
[KG][d5d2b1c5-641] ea_recognition:ea_recognition 1108/1157 (96%) - Chunk 1108 / 1157
[KG][d5d2b1c5-641] ea_recognition:ea_recognition 1099/1157 (95%) - Chunk 1099 / 1157
[KG][d5d2b1c5-641] ea_recognition:ea_recognition 1109/1157 (96%) - Chunk 1109 / 1157
[KG][d5d2b1c5-641] ea_recognition:ea_recognition 1100/1157 (95%) - Chunk 1100 / 1157
[KG][d5d2b1c5-641] ea_recognition:ea_recognition 1110/1157 (96%) - Chunk 1110 / 1157
[KG][d5d2b1c5-641] ea_recognition:ea_recognition 1101/1157 (95%) - Chunk 1101 / 1157
[KG][d5d2b1c5-641] ea_recognition:ea_recognition 1111/1157 (96%) - Chunk 1111 / 1157
[KG][d5d2b1c5-641] ea_recognition:ea_recognition 1102/1157 (95%) - Chunk 1102 / 1157
[KG][d5d2b1c5-641] ea_recognition:ea_recognition 1112/1157 (96%) - Chunk 1112 / 1157
[KG][d5d2b1c5-641] ea_recognition:ea_recognition 1103/1157 (95%) - Chunk 1103 / 1157
[KG][d5d2b1c5-641] ea_recognition:ea_recognition 1113/1157 (96%) - Chunk 1113 / 1157
[KG][d5d2b1c5-641] ea_recognition:ea_recognition 1104/1157 (95%) - Chunk 1104 / 1157
[KG][d5d2b1c5-641] ea_recognition:ea_recognition 1114/1157 (96%) - Chunk 1114 / 1157
[KG][d5d2b1c5-641] ea_recognition:ea_recognition 1105/1157 (96%) - Chunk 1105 / 1157
[KG][d5d2b1c5-641] ea_recognition:ea_recognition 1115/1157 (96%) - Chunk 1115 / 1157
[KG][d5d2b1c5-641] ea_recognition:ea_recognition 1106/1157 (96%) - Chunk 1106 / 1157
[KG][d5d2b1c5-641] ea_recognition:ea_recognition 1116/1157 (96%) - Chunk 1116 / 1157
[KG][d5d2b1c5-641] ea_recognition:ea_recognition 1107/1157 (96%) - Chunk 1107 / 1157
[KG][d5d2b1c5-641] ea_recognition:ea_recognition 1117/1157 (97%) - Chunk 1117 / 1157
[KG][d5d2b1c5-641] ea_recognition:ea_recognition 1108/1157 (96%) - Chunk 1108 / 1157
[KG][d5d2b1c5-641] ea_recognition:ea_recognition 1118/1157 (97%) - Chunk 1118 / 1157
[KG][d5d2b1c5-641] ea_recognition:ea_recognition 1109/1157 (96%) - Chunk 1109 / 1157
[KG][d5d2b1c5-641] ea_recognition:ea_recognition 1119/1157 (97%) - Chunk 1119 / 1157
[KG][d5d2b1c5-641] ea_recognition:ea_recognition 1110/1157 (96%) - Chunk 1110 / 1157
[KG][d5d2b1c5-641] ea_recognition:ea_recognition 1120/1157 (97%) - Chunk 1120 / 1157
[KG][d5d2b1c5-641] ea_recognition:ea_recognition 1111/1157 (96%) - Chunk 1111 / 1157
[KG][d5d2b1c5-641] ea_recognition:ea_recognition 1121/1157 (97%) - Chunk 1121 / 1157
[KG][d5d2b1c5-641] ea_recognition:ea_recognition 1112/1157 (96%) - Chunk 1112 / 1157
[KG][d5d2b1c5-641] ea_recognition:ea_recognition 1122/1157 (97%) - Chunk 1122 / 1157
[KG][d5d2b1c5-641] ea_recognition:ea_recognition 1113/1157 (96%) - Chunk 1113 / 1157
[KG][d5d2b1c5-641] ea_recognition:ea_recognition 1123/1157 (97%) - Chunk 1123 / 1157
[KG][d5d2b1c5-641] ea_recognition:ea_recognition 1114/1157 (96%) - Chunk 1114 / 1157
[KG][d5d2b1c5-641] ea_recognition:ea_recognition 1124/1157 (97%) - Chunk 1124 / 1157
[KG][d5d2b1c5-641] ea_recognition:ea_recognition 1115/1157 (96%) - Chunk 1115 / 1157
[KG][d5d2b1c5-641] ea_recognition:ea_recognition 1125/1157 (97%) - Chunk 1125 / 1157
[KG][d5d2b1c5-641] ea_recognition:ea_recognition 1116/1157 (96%) - Chunk 1116 / 1157
[KG][d5d2b1c5-641] ea_recognition:ea_recognition 1126/1157 (97%) - Chunk 1126 / 1157
[KG][d5d2b1c5-641] ea_recognition:ea_recognition 1117/1157 (97%) - Chunk 1117 / 1157
[KG][d5d2b1c5-641] ea_recognition:ea_recognition 1127/1157 (97%) - Chunk 1127 / 1157
[KG][d5d2b1c5-641] ea_recognition:ea_recognition 1118/1157 (97%) - Chunk 1118 / 1157
[KG][d5d2b1c5-641] ea_recognition:ea_recognition 1128/1157 (97%) - Chunk 1128 / 1157
[KG][d5d2b1c5-641] ea_recognition:ea_recognition 1119/1157 (97%) - Chunk 1119 / 1157
[KG][d5d2b1c5-641] ea_recognition:ea_recognition 1129/1157 (98%) - Chunk 1129 / 1157
[KG][d5d2b1c5-641] ea_recognition:ea_recognition 1120/1157 (97%) - Chunk 1120 / 1157
[KG][d5d2b1c5-641] ea_recognition:ea_recognition 1130/1157 (98%) - Chunk 1130 / 1157
[KG][d5d2b1c5-641] ea_recognition:ea_recognition 1131/1157 (98%) - Chunk 1131 / 1157
[KG][d5d2b1c5-641] ea_recognition:ea_recognition 1121/1157 (97%) - Chunk 1121 / 1157
[KG][d5d2b1c5-641] ea_recognition:ea_recognition 1132/1157 (98%) - Chunk 1132 / 1157
[KG][d5d2b1c5-641] ea_recognition:ea_recognition 1122/1157 (97%) - Chunk 1122 / 1157
[KG][d5d2b1c5-641] ea_recognition:ea_recognition 1133/1157 (98%) - Chunk 1133 / 1157
[KG][d5d2b1c5-641] ea_recognition:ea_recognition 1123/1157 (97%) - Chunk 1123 / 1157
[KG][d5d2b1c5-641] ea_recognition:ea_recognition 1134/1157 (98%) - Chunk 1134 / 1157
[KG][d5d2b1c5-641] ea_recognition:ea_recognition 1124/1157 (97%) - Chunk 1124 / 1157
[KG][d5d2b1c5-641] ea_recognition:ea_recognition 1135/1157 (98%) - Chunk 1135 / 1157
[KG][d5d2b1c5-641] ea_recognition:ea_recognition 1125/1157 (97%) - Chunk 1125 / 1157
[KG][d5d2b1c5-641] ea_recognition:ea_recognition 1136/1157 (98%) - Chunk 1136 / 1157
[KG][d5d2b1c5-641] ea_recognition:ea_recognition 1126/1157 (97%) - Chunk 1126 / 1157
[KG][d5d2b1c5-641] ea_recognition:ea_recognition 1137/1157 (98%) - Chunk 1137 / 1157
[KG][d5d2b1c5-641] ea_recognition:ea_recognition 1127/1157 (97%) - Chunk 1127 / 1157
[KG][d5d2b1c5-641] ea_recognition:ea_recognition 1138/1157 (98%) - Chunk 1138 / 1157
[KG][d5d2b1c5-641] ea_recognition:ea_recognition 1128/1157 (97%) - Chunk 1128 / 1157
[KG][d5d2b1c5-641] ea_recognition:ea_recognition 1139/1157 (98%) - Chunk 1139 / 1157
[KG][d5d2b1c5-641] ea_recognition:ea_recognition 1129/1157 (98%) - Chunk 1129 / 1157
[KG][d5d2b1c5-641] ea_recognition:ea_recognition 1140/1157 (99%) - Chunk 1140 / 1157
[KG][d5d2b1c5-641] ea_recognition:ea_recognition 1130/1157 (98%) - Chunk 1130 / 1157
[KG][d5d2b1c5-641] ea_recognition:ea_recognition 1141/1157 (99%) - Chunk 1141 / 1157
[KG][d5d2b1c5-641] ea_recognition:ea_recognition 1131/1157 (98%) - Chunk 1131 / 1157
[KG][d5d2b1c5-641] ea_recognition:ea_recognition 1142/1157 (99%) - Chunk 1142 / 1157
[KG][d5d2b1c5-641] ea_recognition:ea_recognition 1132/1157 (98%) - Chunk 1132 / 1157
[KG][d5d2b1c5-641] ea_recognition:ea_recognition 1143/1157 (99%) - Chunk 1143 / 1157
[KG][d5d2b1c5-641] ea_recognition:ea_recognition 1133/1157 (98%) - Chunk 1133 / 1157
[KG][d5d2b1c5-641] ea_recognition:ea_recognition 1144/1157 (99%) - Chunk 1144 / 1157
[KG][d5d2b1c5-641] ea_recognition:ea_recognition 1134/1157 (98%) - Chunk 1134 / 1157
[KG][d5d2b1c5-641] ea_recognition:ea_recognition 1145/1157 (99%) - Chunk 1145 / 1157
[KG][d5d2b1c5-641] ea_recognition:ea_recognition 1135/1157 (98%) - Chunk 1135 / 1157
[KG][d5d2b1c5-641] ea_recognition:ea_recognition 1146/1157 (99%) - Chunk 1146 / 1157
[KG][d5d2b1c5-641] ea_recognition:ea_recognition 1136/1157 (98%) - Chunk 1136 / 1157
[KG][d5d2b1c5-641] ea_recognition:ea_recognition 1147/1157 (99%) - Chunk 1147 / 1157
[KG][d5d2b1c5-641] ea_recognition:ea_recognition 1137/1157 (98%) - Chunk 1137 / 1157
[KG][d5d2b1c5-641] ea_recognition:ea_recognition 1148/1157 (99%) - Chunk 1148 / 1157
[KG][d5d2b1c5-641] ea_recognition:ea_recognition 1138/1157 (98%) - Chunk 1138 / 1157
[KG][d5d2b1c5-641] ea_recognition:ea_recognition 1149/1157 (99%) - Chunk 1149 / 1157
[KG][d5d2b1c5-641] ea_recognition:ea_recognition 1139/1157 (98%) - Chunk 1139 / 1157
[KG][d5d2b1c5-641] ea_recognition:ea_recognition 1150/1157 (99%) - Chunk 1150 / 1157
[KG][d5d2b1c5-641] ea_recognition:ea_recognition 1140/1157 (99%) - Chunk 1140 / 1157
[KG][d5d2b1c5-641] ea_recognition:ea_recognition 1151/1157 (99%) - Chunk 1151 / 1157
[KG][d5d2b1c5-641] ea_recognition:ea_recognition 1141/1157 (99%) - Chunk 1141 / 1157
[KG][d5d2b1c5-641] ea_recognition:ea_recognition 1152/1157 (100%) - Chunk 1152 / 1157
[KG][d5d2b1c5-641] ea_recognition:ea_recognition 1142/1157 (99%) - Chunk 1142 / 1157
[KG][d5d2b1c5-641] ea_recognition:ea_recognition 1153/1157 (100%) - Chunk 1153 / 1157
[KG][d5d2b1c5-641] ea_recognition:ea_recognition 1143/1157 (99%) - Chunk 1143 / 1157
[KG][d5d2b1c5-641] ea_recognition:ea_recognition 1154/1157 (100%) - Chunk 1154 / 1157
[KG][d5d2b1c5-641] ea_recognition:ea_recognition 1144/1157 (99%) - Chunk 1144 / 1157
[KG][d5d2b1c5-641] ea_recognition:ea_recognition 1155/1157 (100%) - Chunk 1155 / 1157
[KG][d5d2b1c5-641] ea_recognition:ea_recognition 1145/1157 (99%) - Chunk 1145 / 1157
[KG][d5d2b1c5-641] ea_recognition:ea_recognition 1156/1157 (100%) - Chunk 1156 / 1157
[KG][d5d2b1c5-641] ea_recognition:ea_recognition 1146/1157 (99%) - Chunk 1146 / 1157
[KG][d5d2b1c5-641] ea_recognition:ea_recognition 1157/1157 (100%) - Chunk 1157 / 1157
[KG][d5d2b1c5-641] ea_recognition:ea_recognition 1147/1157 (99%) - Chunk 1147 / 1157
[KG][d5d2b1c5-641] ea_recognition:ea_recognition 1157/1157 (100%) - Chunk 1157 / 1157
[KG][d5d2b1c5-641] ea_recognition:ea_recognition 1148/1157 (99%) - Chunk 1148 / 1157
[KG][d5d2b1c5-641] ea_recognition:ea_recognition 1149/1157 (99%) - Chunk 1149 / 1157
[KG][d5d2b1c5-641] ea_recognition:ea_recognition 1150/1157 (99%) - Chunk 1150 / 1157
[KG][d5d2b1c5-641] ea_recognition:ea_recognition 1151/1157 (99%) - Chunk 1151 / 1157
[KG][d5d2b1c5-641] ea_recognition:ea_recognition 1152/1157 (100%) - Chunk 1152 / 1157
[KG][d5d2b1c5-641] ea_recognition:ea_recognition 1153/1157 (100%) - Chunk 1153 / 1157
[KG][d5d2b1c5-641] ea_recognition:ea_recognition 1154/1157 (100%) - Chunk 1154 / 1157
[KG][d5d2b1c5-641] ea_recognition:ea_recognition 1155/1157 (100%) - Chunk 1155 / 1157
[KG][d5d2b1c5-641] ea_recognition:ea_recognition 1156/1157 (100%) - Chunk 1156 / 1157
[KG][d5d2b1c5-641] relation_extraction:relation_extraction 2/1157 (0%) - Chunk 2 / 1157
[KG][d5d2b1c5-641] ea_recognition:ea_recognition 1157/1157 (100%) - Chunk 1157 / 1157
[KG][d5d2b1c5-641] ea_recognition:ea_recognition 1157/1157 (100%) - Chunk 1157 / 1157
[KG][d5d2b1c5-641] relation_extraction:relation_extraction 3/1157 (0%) - Chunk 3 / 1157
[KG][d5d2b1c5-641] relation_extraction:relation_extraction 4/1157 (0%) - Chunk 4 / 1157
[KG][d5d2b1c5-641] relation_extraction:relation_extraction 5/1157 (0%) - Chunk 5 / 1157
[KG][d5d2b1c5-641] relation_extraction:relation_extraction 6/1157 (1%) - Chunk 6 / 1157
[KG][d5d2b1c5-641] relation_extraction:relation_extraction 7/1157 (1%) - Chunk 7 / 1157
[KG][d5d2b1c5-641] relation_extraction:relation_extraction 2/1157 (0%) - Chunk 2 / 1157
[KG][d5d2b1c5-641] relation_extraction:relation_extraction 8/1157 (1%) - Chunk 8 / 1157
[KG][d5d2b1c5-641] relation_extraction:relation_extraction 9/1157 (1%) - Chunk 9 / 1157
[KG][d5d2b1c5-641] relation_extraction:relation_extraction 10/1157 (1%) - Chunk 10 / 1157
[KG][d5d2b1c5-641] relation_extraction:relation_extraction 11/1157 (1%) - Chunk 11 / 1157
[KG][d5d2b1c5-641] relation_extraction:relation_extraction 12/1157 (1%) - Chunk 12 / 1157
[KG][d5d2b1c5-641] relation_extraction:relation_extraction 13/1157 (1%) - Chunk 13 / 1157
[KG][d5d2b1c5-641] relation_extraction:relation_extraction 3/1157 (0%) - Chunk 3 / 1157
[KG][d5d2b1c5-641] relation_extraction:relation_extraction 14/1157 (1%) - Chunk 14 / 1157
[KG][d5d2b1c5-641] relation_extraction:relation_extraction 4/1157 (0%) - Chunk 4 / 1157
[KG][d5d2b1c5-641] relation_extraction:relation_extraction 15/1157 (1%) - Chunk 15 / 1157
[KG][d5d2b1c5-641] relation_extraction:relation_extraction 5/1157 (0%) - Chunk 5 / 1157
[KG][d5d2b1c5-641] relation_extraction:relation_extraction 16/1157 (1%) - Chunk 16 / 1157
[KG][d5d2b1c5-641] relation_extraction:relation_extraction 6/1157 (1%) - Chunk 6 / 1157
[KG][d5d2b1c5-641] relation_extraction:relation_extraction 17/1157 (1%) - Chunk 17 / 1157
[KG][d5d2b1c5-641] relation_extraction:relation_extraction 7/1157 (1%) - Chunk 7 / 1157
[KG][d5d2b1c5-641] relation_extraction:relation_extraction 18/1157 (2%) - Chunk 18 / 1157
[KG][d5d2b1c5-641] relation_extraction:relation_extraction 8/1157 (1%) - Chunk 8 / 1157
[KG][d5d2b1c5-641] relation_extraction:relation_extraction 19/1157 (2%) - Chunk 19 / 1157
[KG][d5d2b1c5-641] relation_extraction:relation_extraction 9/1157 (1%) - Chunk 9 / 1157
[KG][d5d2b1c5-641] relation_extraction:relation_extraction 20/1157 (2%) - Chunk 20 / 1157
[KG][d5d2b1c5-641] relation_extraction:relation_extraction 10/1157 (1%) - Chunk 10 / 1157
[KG][d5d2b1c5-641] relation_extraction:relation_extraction 21/1157 (2%) - Chunk 21 / 1157
[KG][d5d2b1c5-641] relation_extraction:relation_extraction 11/1157 (1%) - Chunk 11 / 1157
[KG][d5d2b1c5-641] relation_extraction:relation_extraction 22/1157 (2%) - Chunk 22 / 1157
[KG][d5d2b1c5-641] relation_extraction:relation_extraction 12/1157 (1%) - Chunk 12 / 1157
[KG][d5d2b1c5-641] relation_extraction:relation_extraction 23/1157 (2%) - Chunk 23 / 1157
[KG][d5d2b1c5-641] relation_extraction:relation_extraction 13/1157 (1%) - Chunk 13 / 1157
[KG][d5d2b1c5-641] relation_extraction:relation_extraction 24/1157 (2%) - Chunk 24 / 1157
[KG][d5d2b1c5-641] relation_extraction:relation_extraction 14/1157 (1%) - Chunk 14 / 1157
[KG][d5d2b1c5-641] relation_extraction:relation_extraction 25/1157 (2%) - Chunk 25 / 1157
[KG][d5d2b1c5-641] relation_extraction:relation_extraction 15/1157 (1%) - Chunk 15 / 1157
[KG][d5d2b1c5-641] relation_extraction:relation_extraction 26/1157 (2%) - Chunk 26 / 1157
[KG][d5d2b1c5-641] relation_extraction:relation_extraction 16/1157 (1%) - Chunk 16 / 1157
[KG][d5d2b1c5-641] relation_extraction:relation_extraction 27/1157 (2%) - Chunk 27 / 1157
[KG][d5d2b1c5-641] relation_extraction:relation_extraction 17/1157 (1%) - Chunk 17 / 1157
[KG][d5d2b1c5-641] relation_extraction:relation_extraction 28/1157 (2%) - Chunk 28 / 1157
[KG][d5d2b1c5-641] relation_extraction:relation_extraction 18/1157 (2%) - Chunk 18 / 1157
[KG][d5d2b1c5-641] relation_extraction:relation_extraction 29/1157 (3%) - Chunk 29 / 1157
[KG][d5d2b1c5-641] relation_extraction:relation_extraction 19/1157 (2%) - Chunk 19 / 1157
[KG][d5d2b1c5-641] relation_extraction:relation_extraction 30/1157 (3%) - Chunk 30 / 1157
[KG][d5d2b1c5-641] relation_extraction:relation_extraction 20/1157 (2%) - Chunk 20 / 1157
[KG][d5d2b1c5-641] relation_extraction:relation_extraction 31/1157 (3%) - Chunk 31 / 1157
[KG][d5d2b1c5-641] relation_extraction:relation_extraction 21/1157 (2%) - Chunk 21 / 1157
[KG][d5d2b1c5-641] relation_extraction:relation_extraction 32/1157 (3%) - Chunk 32 / 1157
[KG][d5d2b1c5-641] relation_extraction:relation_extraction 22/1157 (2%) - Chunk 22 / 1157
[KG][d5d2b1c5-641] relation_extraction:relation_extraction 33/1157 (3%) - Chunk 33 / 1157
[KG][d5d2b1c5-641] relation_extraction:relation_extraction 23/1157 (2%) - Chunk 23 / 1157
[KG][d5d2b1c5-641] relation_extraction:relation_extraction 34/1157 (3%) - Chunk 34 / 1157
[KG][d5d2b1c5-641] relation_extraction:relation_extraction 24/1157 (2%) - Chunk 24 / 1157
[KG][d5d2b1c5-641] relation_extraction:relation_extraction 35/1157 (3%) - Chunk 35 / 1157
[KG][d5d2b1c5-641] relation_extraction:relation_extraction 25/1157 (2%) - Chunk 25 / 1157
[KG][d5d2b1c5-641] relation_extraction:relation_extraction 36/1157 (3%) - Chunk 36 / 1157
[KG][d5d2b1c5-641] relation_extraction:relation_extraction 26/1157 (2%) - Chunk 26 / 1157
[KG][d5d2b1c5-641] relation_extraction:relation_extraction 37/1157 (3%) - Chunk 37 / 1157
[KG][d5d2b1c5-641] relation_extraction:relation_extraction 27/1157 (2%) - Chunk 27 / 1157
[KG][d5d2b1c5-641] relation_extraction:relation_extraction 38/1157 (3%) - Chunk 38 / 1157
[KG][d5d2b1c5-641] relation_extraction:relation_extraction 28/1157 (2%) - Chunk 28 / 1157
[KG][d5d2b1c5-641] relation_extraction:relation_extraction 39/1157 (3%) - Chunk 39 / 1157
[KG][d5d2b1c5-641] relation_extraction:relation_extraction 29/1157 (3%) - Chunk 29 / 1157
[KG][d5d2b1c5-641] relation_extraction:relation_extraction 40/1157 (3%) - Chunk 40 / 1157
[KG][d5d2b1c5-641] relation_extraction:relation_extraction 30/1157 (3%) - Chunk 30 / 1157
[KG][d5d2b1c5-641] relation_extraction:relation_extraction 41/1157 (4%) - Chunk 41 / 1157
[KG][d5d2b1c5-641] relation_extraction:relation_extraction 31/1157 (3%) - Chunk 31 / 1157
[KG][d5d2b1c5-641] relation_extraction:relation_extraction 42/1157 (4%) - Chunk 42 / 1157
[KG][d5d2b1c5-641] relation_extraction:relation_extraction 32/1157 (3%) - Chunk 32 / 1157
[KG][d5d2b1c5-641] relation_extraction:relation_extraction 43/1157 (4%) - Chunk 43 / 1157
[KG][d5d2b1c5-641] relation_extraction:relation_extraction 33/1157 (3%) - Chunk 33 / 1157
[KG][d5d2b1c5-641] relation_extraction:relation_extraction 44/1157 (4%) - Chunk 44 / 1157
[KG][d5d2b1c5-641] relation_extraction:relation_extraction 34/1157 (3%) - Chunk 34 / 1157
[KG][d5d2b1c5-641] relation_extraction:relation_extraction 45/1157 (4%) - Chunk 45 / 1157
[KG][d5d2b1c5-641] relation_extraction:relation_extraction 35/1157 (3%) - Chunk 35 / 1157
[KG][d5d2b1c5-641] relation_extraction:relation_extraction 46/1157 (4%) - Chunk 46 / 1157
[KG][d5d2b1c5-641] relation_extraction:relation_extraction 36/1157 (3%) - Chunk 36 / 1157
[KG][d5d2b1c5-641] relation_extraction:relation_extraction 47/1157 (4%) - Chunk 47 / 1157
[KG][d5d2b1c5-641] relation_extraction:relation_extraction 37/1157 (3%) - Chunk 37 / 1157
[KG][d5d2b1c5-641] relation_extraction:relation_extraction 48/1157 (4%) - Chunk 48 / 1157
[KG][d5d2b1c5-641] relation_extraction:relation_extraction 38/1157 (3%) - Chunk 38 / 1157
[KG][d5d2b1c5-641] relation_extraction:relation_extraction 49/1157 (4%) - Chunk 49 / 1157
[KG][d5d2b1c5-641] relation_extraction:relation_extraction 39/1157 (3%) - Chunk 39 / 1157
[KG][d5d2b1c5-641] relation_extraction:relation_extraction 50/1157 (4%) - Chunk 50 / 1157
[KG][d5d2b1c5-641] relation_extraction:relation_extraction 40/1157 (3%) - Chunk 40 / 1157
[KG][d5d2b1c5-641] relation_extraction:relation_extraction 51/1157 (4%) - Chunk 51 / 1157
[KG][d5d2b1c5-641] relation_extraction:relation_extraction 41/1157 (4%) - Chunk 41 / 1157
[KG][d5d2b1c5-641] relation_extraction:relation_extraction 52/1157 (4%) - Chunk 52 / 1157
[KG][d5d2b1c5-641] relation_extraction:relation_extraction 42/1157 (4%) - Chunk 42 / 1157
[KG][d5d2b1c5-641] relation_extraction:relation_extraction 53/1157 (5%) - Chunk 53 / 1157
[KG][d5d2b1c5-641] relation_extraction:relation_extraction 43/1157 (4%) - Chunk 43 / 1157
[KG][d5d2b1c5-641] relation_extraction:relation_extraction 54/1157 (5%) - Chunk 54 / 1157
[KG][d5d2b1c5-641] relation_extraction:relation_extraction 44/1157 (4%) - Chunk 44 / 1157
[KG][d5d2b1c5-641] relation_extraction:relation_extraction 55/1157 (5%) - Chunk 55 / 1157
[KG][d5d2b1c5-641] relation_extraction:relation_extraction 45/1157 (4%) - Chunk 45 / 1157
[KG][d5d2b1c5-641] relation_extraction:relation_extraction 56/1157 (5%) - Chunk 56 / 1157
[KG][d5d2b1c5-641] relation_extraction:relation_extraction 46/1157 (4%) - Chunk 46 / 1157
[KG][d5d2b1c5-641] relation_extraction:relation_extraction 57/1157 (5%) - Chunk 57 / 1157
[KG][d5d2b1c5-641] relation_extraction:relation_extraction 47/1157 (4%) - Chunk 47 / 1157
[KG][d5d2b1c5-641] relation_extraction:relation_extraction 58/1157 (5%) - Chunk 58 / 1157
[KG][d5d2b1c5-641] relation_extraction:relation_extraction 48/1157 (4%) - Chunk 48 / 1157
[KG][d5d2b1c5-641] relation_extraction:relation_extraction 59/1157 (5%) - Chunk 59 / 1157
[KG][d5d2b1c5-641] relation_extraction:relation_extraction 49/1157 (4%) - Chunk 49 / 1157
[KG][d5d2b1c5-641] relation_extraction:relation_extraction 60/1157 (5%) - Chunk 60 / 1157
[KG][d5d2b1c5-641] relation_extraction:relation_extraction 50/1157 (4%) - Chunk 50 / 1157
[KG][d5d2b1c5-641] relation_extraction:relation_extraction 61/1157 (5%) - Chunk 61 / 1157
[KG][d5d2b1c5-641] relation_extraction:relation_extraction 51/1157 (4%) - Chunk 51 / 1157
[KG][d5d2b1c5-641] relation_extraction:relation_extraction 62/1157 (5%) - Chunk 62 / 1157
[KG][d5d2b1c5-641] relation_extraction:relation_extraction 52/1157 (4%) - Chunk 52 / 1157
[KG][d5d2b1c5-641] relation_extraction:relation_extraction 63/1157 (5%) - Chunk 63 / 1157
[KG][d5d2b1c5-641] relation_extraction:relation_extraction 53/1157 (5%) - Chunk 53 / 1157
[KG][d5d2b1c5-641] relation_extraction:relation_extraction 64/1157 (6%) - Chunk 64 / 1157
[KG][d5d2b1c5-641] relation_extraction:relation_extraction 54/1157 (5%) - Chunk 54 / 1157
[KG][d5d2b1c5-641] relation_extraction:relation_extraction 65/1157 (6%) - Chunk 65 / 1157
[KG][d5d2b1c5-641] relation_extraction:relation_extraction 55/1157 (5%) - Chunk 55 / 1157
[KG][d5d2b1c5-641] relation_extraction:relation_extraction 66/1157 (6%) - Chunk 66 / 1157
[KG][d5d2b1c5-641] relation_extraction:relation_extraction 56/1157 (5%) - Chunk 56 / 1157
[KG][d5d2b1c5-641] relation_extraction:relation_extraction 67/1157 (6%) - Chunk 67 / 1157
[KG][d5d2b1c5-641] relation_extraction:relation_extraction 57/1157 (5%) - Chunk 57 / 1157
[KG][d5d2b1c5-641] relation_extraction:relation_extraction 68/1157 (6%) - Chunk 68 / 1157
[KG][d5d2b1c5-641] relation_extraction:relation_extraction 58/1157 (5%) - Chunk 58 / 1157
[KG][d5d2b1c5-641] relation_extraction:relation_extraction 69/1157 (6%) - Chunk 69 / 1157
[KG][d5d2b1c5-641] relation_extraction:relation_extraction 59/1157 (5%) - Chunk 59 / 1157
[KG][d5d2b1c5-641] relation_extraction:relation_extraction 60/1157 (5%) - Chunk 60 / 1157
[KG][d5d2b1c5-641] relation_extraction:relation_extraction 61/1157 (5%) - Chunk 61 / 1157
[KG][d5d2b1c5-641] relation_extraction:relation_extraction 62/1157 (5%) - Chunk 62 / 1157
[KG][d5d2b1c5-641] relation_extraction:relation_extraction 63/1157 (5%) - Chunk 63 / 1157
[KG][d5d2b1c5-641] relation_extraction:relation_extraction 64/1157 (6%) - Chunk 64 / 1157
[KG][d5d2b1c5-641] relation_extraction:relation_extraction 65/1157 (6%) - Chunk 65 / 1157
[KG][d5d2b1c5-641] relation_extraction:relation_extraction 66/1157 (6%) - Chunk 66 / 1157
[KG][d5d2b1c5-641] relation_extraction:relation_extraction 67/1157 (6%) - Chunk 67 / 1157
[KG][d5d2b1c5-641] relation_extraction:relation_extraction 68/1157 (6%) - Chunk 68 / 1157
[KG][d5d2b1c5-641] relation_extraction:relation_extraction 69/1157 (6%) - Chunk 69 / 1157
[KG][d5d2b1c5-641] relation_extraction:relation_extraction 70/1157 (6%) - Chunk 70 / 1157
[KG][d5d2b1c5-641] relation_extraction:relation_extraction 71/1157 (6%) - Chunk 71 / 1157
[KG][d5d2b1c5-641] relation_extraction:relation_extraction 70/1157 (6%) - Chunk 70 / 1157
[KG][d5d2b1c5-641] relation_extraction:relation_extraction 71/1157 (6%) - Chunk 71 / 1157
[KG][d5d2b1c5-641] relation_extraction:relation_extraction 72/1157 (6%) - Chunk 72 / 1157
[KG][d5d2b1c5-641] relation_extraction:relation_extraction 73/1157 (6%) - Chunk 73 / 1157
[KG][d5d2b1c5-641] relation_extraction:relation_extraction 72/1157 (6%) - Chunk 72 / 1157
[KG][d5d2b1c5-641] relation_extraction:relation_extraction 74/1157 (6%) - Chunk 74 / 1157
[KG][d5d2b1c5-641] relation_extraction:relation_extraction 73/1157 (6%) - Chunk 73 / 1157
[KG][d5d2b1c5-641] relation_extraction:relation_extraction 74/1157 (6%) - Chunk 74 / 1157
[KG][d5d2b1c5-641] relation_extraction:relation_extraction 75/1157 (6%) - Chunk 75 / 1157
[KG][d5d2b1c5-641] relation_extraction:relation_extraction 76/1157 (7%) - Chunk 76 / 1157
[KG][d5d2b1c5-641] relation_extraction:relation_extraction 75/1157 (6%) - Chunk 75 / 1157
[KG][d5d2b1c5-641] relation_extraction:relation_extraction 77/1157 (7%) - Chunk 77 / 1157
[KG][d5d2b1c5-641] relation_extraction:relation_extraction 76/1157 (7%) - Chunk 76 / 1157
[KG][d5d2b1c5-641] relation_extraction:relation_extraction 78/1157 (7%) - Chunk 78 / 1157
[KG][d5d2b1c5-641] relation_extraction:relation_extraction 79/1157 (7%) - Chunk 79 / 1157
[KG][d5d2b1c5-641] relation_extraction:relation_extraction 80/1157 (7%) - Chunk 80 / 1157
[KG][d5d2b1c5-641] relation_extraction:relation_extraction 81/1157 (7%) - Chunk 81 / 1157
[KG][d5d2b1c5-641] relation_extraction:relation_extraction 77/1157 (7%) - Chunk 77 / 1157
[KG][d5d2b1c5-641] relation_extraction:relation_extraction 78/1157 (7%) - Chunk 78 / 1157
[KG][d5d2b1c5-641] relation_extraction:relation_extraction 79/1157 (7%) - Chunk 79 / 1157
[KG][d5d2b1c5-641] relation_extraction:relation_extraction 80/1157 (7%) - Chunk 80 / 1157
[KG][d5d2b1c5-641] relation_extraction:relation_extraction 82/1157 (7%) - Chunk 82 / 1157
[KG][d5d2b1c5-641] relation_extraction:relation_extraction 81/1157 (7%) - Chunk 81 / 1157
[KG][d5d2b1c5-641] relation_extraction:relation_extraction 82/1157 (7%) - Chunk 82 / 1157
[KG][d5d2b1c5-641] relation_extraction:relation_extraction 83/1157 (7%) - Chunk 83 / 1157
[KG][d5d2b1c5-641] relation_extraction:relation_extraction 84/1157 (7%) - Chunk 84 / 1157
[KG][d5d2b1c5-641] relation_extraction:relation_extraction 83/1157 (7%) - Chunk 83 / 1157
[KG][d5d2b1c5-641] relation_extraction:relation_extraction 84/1157 (7%) - Chunk 84 / 1157
[KG][d5d2b1c5-641] relation_extraction:relation_extraction 85/1157 (7%) - Chunk 85 / 1157
[KG][d5d2b1c5-641] relation_extraction:relation_extraction 86/1157 (7%) - Chunk 86 / 1157
[KG][d5d2b1c5-641] relation_extraction:relation_extraction 87/1157 (8%) - Chunk 87 / 1157
[KG][d5d2b1c5-641] relation_extraction:relation_extraction 85/1157 (7%) - Chunk 85 / 1157
[KG][d5d2b1c5-641] relation_extraction:relation_extraction 86/1157 (7%) - Chunk 86 / 1157
[KG][d5d2b1c5-641] relation_extraction:relation_extraction 87/1157 (8%) - Chunk 87 / 1157
[KG][d5d2b1c5-641] relation_extraction:relation_extraction 88/1157 (8%) - Chunk 88 / 1157
[KG][d5d2b1c5-641] relation_extraction:relation_extraction 88/1157 (8%) - Chunk 88 / 1157
[KG][d5d2b1c5-641] relation_extraction:relation_extraction 89/1157 (8%) - Chunk 89 / 1157
[KG][d5d2b1c5-641] relation_extraction:relation_extraction 89/1157 (8%) - Chunk 89 / 1157
[KG][d5d2b1c5-641] relation_extraction:relation_extraction 90/1157 (8%) - Chunk 90 / 1157
[KG][d5d2b1c5-641] relation_extraction:relation_extraction 90/1157 (8%) - Chunk 90 / 1157
[KG][d5d2b1c5-641] relation_extraction:relation_extraction 91/1157 (8%) - Chunk 91 / 1157
[KG][d5d2b1c5-641] relation_extraction:relation_extraction 91/1157 (8%) - Chunk 91 / 1157
[KG][d5d2b1c5-641] relation_extraction:relation_extraction 92/1157 (8%) - Chunk 92 / 1157
[KG][d5d2b1c5-641] relation_extraction:relation_extraction 92/1157 (8%) - Chunk 92 / 1157
[KG][d5d2b1c5-641] relation_extraction:relation_extraction 93/1157 (8%) - Chunk 93 / 1157
[KG][d5d2b1c5-641] relation_extraction:relation_extraction 93/1157 (8%) - Chunk 93 / 1157
[KG][d5d2b1c5-641] relation_extraction:relation_extraction 94/1157 (8%) - Chunk 94 / 1157
[KG][d5d2b1c5-641] relation_extraction:relation_extraction 95/1157 (8%) - Chunk 95 / 1157
[KG][d5d2b1c5-641] relation_extraction:relation_extraction 94/1157 (8%) - Chunk 94 / 1157
[KG][d5d2b1c5-641] relation_extraction:relation_extraction 96/1157 (8%) - Chunk 96 / 1157
[KG][d5d2b1c5-641] relation_extraction:relation_extraction 95/1157 (8%) - Chunk 95 / 1157
[KG][d5d2b1c5-641] relation_extraction:relation_extraction 96/1157 (8%) - Chunk 96 / 1157
[KG][d5d2b1c5-641] relation_extraction:relation_extraction 97/1157 (8%) - Chunk 97 / 1157
[KG][d5d2b1c5-641] relation_extraction:relation_extraction 98/1157 (8%) - Chunk 98 / 1157
[KG][d5d2b1c5-641] relation_extraction:relation_extraction 97/1157 (8%) - Chunk 97 / 1157
[KG][d5d2b1c5-641] relation_extraction:relation_extraction 98/1157 (8%) - Chunk 98 / 1157
[KG][d5d2b1c5-641] relation_extraction:relation_extraction 99/1157 (9%) - Chunk 99 / 1157
[KG][d5d2b1c5-641] relation_extraction:relation_extraction 100/1157 (9%) - Chunk 100 / 1157
[KG][d5d2b1c5-641] relation_extraction:relation_extraction 99/1157 (9%) - Chunk 99 / 1157
[KG][d5d2b1c5-641] relation_extraction:relation_extraction 101/1157 (9%) - Chunk 101 / 1157
[KG][d5d2b1c5-641] relation_extraction:relation_extraction 100/1157 (9%) - Chunk 100 / 1157
[KG][d5d2b1c5-641] relation_extraction:relation_extraction 101/1157 (9%) - Chunk 101 / 1157
[KG][d5d2b1c5-641] relation_extraction:relation_extraction 102/1157 (9%) - Chunk 102 / 1157
[KG][d5d2b1c5-641] relation_extraction:relation_extraction 102/1157 (9%) - Chunk 102 / 1157
[KG][d5d2b1c5-641] relation_extraction:relation_extraction 103/1157 (9%) - Chunk 103 / 1157
[KG][d5d2b1c5-641] relation_extraction:relation_extraction 104/1157 (9%) - Chunk 104 / 1157
[KG][d5d2b1c5-641] relation_extraction:relation_extraction 105/1157 (9%) - Chunk 105 / 1157
[KG][d5d2b1c5-641] relation_extraction:relation_extraction 103/1157 (9%) - Chunk 103 / 1157
[KG][d5d2b1c5-641] relation_extraction:relation_extraction 106/1157 (9%) - Chunk 106 / 1157
[KG][d5d2b1c5-641] relation_extraction:relation_extraction 107/1157 (9%) - Chunk 107 / 1157
[KG][d5d2b1c5-641] relation_extraction:relation_extraction 104/1157 (9%) - Chunk 104 / 1157
[KG][d5d2b1c5-641] relation_extraction:relation_extraction 105/1157 (9%) - Chunk 105 / 1157
[KG][d5d2b1c5-641] relation_extraction:relation_extraction 106/1157 (9%) - Chunk 106 / 1157
[KG][d5d2b1c5-641] relation_extraction:relation_extraction 108/1157 (9%) - Chunk 108 / 1157
[KG][d5d2b1c5-641] relation_extraction:relation_extraction 107/1157 (9%) - Chunk 107 / 1157
[KG][d5d2b1c5-641] relation_extraction:relation_extraction 109/1157 (9%) - Chunk 109 / 1157
[KG][d5d2b1c5-641] relation_extraction:relation_extraction 110/1157 (10%) - Chunk 110 / 1157
[KG][d5d2b1c5-641] relation_extraction:relation_extraction 108/1157 (9%) - Chunk 108 / 1157
[KG][d5d2b1c5-641] relation_extraction:relation_extraction 111/1157 (10%) - Chunk 111 / 1157
[KG][d5d2b1c5-641] relation_extraction:relation_extraction 112/1157 (10%) - Chunk 112 / 1157
[KG][d5d2b1c5-641] relation_extraction:relation_extraction 109/1157 (9%) - Chunk 109 / 1157
[KG][d5d2b1c5-641] relation_extraction:relation_extraction 110/1157 (10%) - Chunk 110 / 1157
[KG][d5d2b1c5-641] relation_extraction:relation_extraction 113/1157 (10%) - Chunk 113 / 1157
[KG][d5d2b1c5-641] relation_extraction:relation_extraction 114/1157 (10%) - Chunk 114 / 1157
[KG][d5d2b1c5-641] relation_extraction:relation_extraction 115/1157 (10%) - Chunk 115 / 1157
[KG][d5d2b1c5-641] relation_extraction:relation_extraction 111/1157 (10%) - Chunk 111 / 1157
[KG][d5d2b1c5-641] relation_extraction:relation_extraction 116/1157 (10%) - Chunk 116 / 1157
[KG][d5d2b1c5-641] relation_extraction:relation_extraction 117/1157 (10%) - Chunk 117 / 1157
[KG][d5d2b1c5-641] relation_extraction:relation_extraction 112/1157 (10%) - Chunk 112 / 1157
[KG][d5d2b1c5-641] relation_extraction:relation_extraction 113/1157 (10%) - Chunk 113 / 1157
[KG][d5d2b1c5-641] relation_extraction:relation_extraction 118/1157 (10%) - Chunk 118 / 1157
[KG][d5d2b1c5-641] relation_extraction:relation_extraction 114/1157 (10%) - Chunk 114 / 1157
[KG][d5d2b1c5-641] relation_extraction:relation_extraction 115/1157 (10%) - Chunk 115 / 1157
[KG][d5d2b1c5-641] relation_extraction:relation_extraction 116/1157 (10%) - Chunk 116 / 1157
[KG][d5d2b1c5-641] relation_extraction:relation_extraction 117/1157 (10%) - Chunk 117 / 1157
[KG][d5d2b1c5-641] relation_extraction:relation_extraction 119/1157 (10%) - Chunk 119 / 1157
[KG][d5d2b1c5-641] relation_extraction:relation_extraction 120/1157 (10%) - Chunk 120 / 1157
[KG][d5d2b1c5-641] relation_extraction:relation_extraction 118/1157 (10%) - Chunk 118 / 1157
[KG][d5d2b1c5-641] relation_extraction:relation_extraction 119/1157 (10%) - Chunk 119 / 1157
[KG][d5d2b1c5-641] relation_extraction:relation_extraction 121/1157 (10%) - Chunk 121 / 1157
[KG][d5d2b1c5-641] relation_extraction:relation_extraction 122/1157 (11%) - Chunk 122 / 1157
[KG][d5d2b1c5-641] relation_extraction:relation_extraction 123/1157 (11%) - Chunk 123 / 1157
[KG][d5d2b1c5-641] relation_extraction:relation_extraction 120/1157 (10%) - Chunk 120 / 1157
[KG][d5d2b1c5-641] relation_extraction:relation_extraction 121/1157 (10%) - Chunk 121 / 1157
[KG][d5d2b1c5-641] relation_extraction:relation_extraction 124/1157 (11%) - Chunk 124 / 1157
[KG][d5d2b1c5-641] relation_extraction:relation_extraction 125/1157 (11%) - Chunk 125 / 1157
[KG][d5d2b1c5-641] relation_extraction:relation_extraction 126/1157 (11%) - Chunk 126 / 1157
[KG][d5d2b1c5-641] relation_extraction:relation_extraction 122/1157 (11%) - Chunk 122 / 1157
[KG][d5d2b1c5-641] relation_extraction:relation_extraction 127/1157 (11%) - Chunk 127 / 1157
[KG][d5d2b1c5-641] relation_extraction:relation_extraction 128/1157 (11%) - Chunk 128 / 1157
[KG][d5d2b1c5-641] relation_extraction:relation_extraction 129/1157 (11%) - Chunk 129 / 1157
[KG][d5d2b1c5-641] relation_extraction:relation_extraction 130/1157 (11%) - Chunk 130 / 1157
[KG][d5d2b1c5-641] relation_extraction:relation_extraction 123/1157 (11%) - Chunk 123 / 1157
[KG][d5d2b1c5-641] relation_extraction:relation_extraction 124/1157 (11%) - Chunk 124 / 1157
[KG][d5d2b1c5-641] relation_extraction:relation_extraction 125/1157 (11%) - Chunk 125 / 1157
[KG][d5d2b1c5-641] relation_extraction:relation_extraction 126/1157 (11%) - Chunk 126 / 1157
[KG][d5d2b1c5-641] relation_extraction:relation_extraction 127/1157 (11%) - Chunk 127 / 1157
[KG][d5d2b1c5-641] relation_extraction:relation_extraction 131/1157 (11%) - Chunk 131 / 1157
[KG][d5d2b1c5-641] relation_extraction:relation_extraction 128/1157 (11%) - Chunk 128 / 1157
[KG][d5d2b1c5-641] relation_extraction:relation_extraction 132/1157 (11%) - Chunk 132 / 1157
[KG][d5d2b1c5-641] relation_extraction:relation_extraction 133/1157 (11%) - Chunk 133 / 1157
[KG][d5d2b1c5-641] relation_extraction:relation_extraction 134/1157 (12%) - Chunk 134 / 1157
[KG][d5d2b1c5-641] relation_extraction:relation_extraction 129/1157 (11%) - Chunk 129 / 1157
[KG][d5d2b1c5-641] relation_extraction:relation_extraction 135/1157 (12%) - Chunk 135 / 1157
[ERROR] LLM chat_json failed after 3 attempts (trace=c052a670): Request timed out.
[KG][d5d2b1c5-641] relation_extraction:relation_extraction 130/1157 (11%) - Chunk 130 / 1157
[KG][d5d2b1c5-641] relation_extraction:relation_extraction 131/1157 (11%) - Chunk 131 / 1157
[KG][d5d2b1c5-641] relation_extraction:relation_extraction 136/1157 (12%) - Chunk 136 / 1157
[KG][d5d2b1c5-641] relation_extraction:relation_extraction 132/1157 (11%) - Chunk 132 / 1157
[KG][d5d2b1c5-641] relation_extraction:relation_extraction 133/1157 (11%) - Chunk 133 / 1157
[KG][d5d2b1c5-641] relation_extraction:relation_extraction 137/1157 (12%) - Chunk 137 / 1157
[KG][d5d2b1c5-641] relation_extraction:relation_extraction 134/1157 (12%) - Chunk 134 / 1157
[KG][d5d2b1c5-641] relation_extraction:relation_extraction 135/1157 (12%) - Chunk 135 / 1157
[KG][d5d2b1c5-641] relation_extraction:relation_extraction 136/1157 (12%) - Chunk 136 / 1157
[KG][d5d2b1c5-641] relation_extraction:relation_extraction 138/1157 (12%) - Chunk 138 / 1157
[KG][d5d2b1c5-641] relation_extraction:relation_extraction 139/1157 (12%) - Chunk 139 / 1157
[KG][d5d2b1c5-641] relation_extraction:relation_extraction 140/1157 (12%) - Chunk 140 / 1157
[KG][d5d2b1c5-641] relation_extraction:relation_extraction 137/1157 (12%) - Chunk 137 / 1157
[KG][d5d2b1c5-641] relation_extraction:relation_extraction 138/1157 (12%) - Chunk 138 / 1157
[KG][d5d2b1c5-641] relation_extraction:relation_extraction 139/1157 (12%) - Chunk 139 / 1157
[KG][d5d2b1c5-641] relation_extraction:relation_extraction 141/1157 (12%) - Chunk 141 / 1157
[KG][d5d2b1c5-641] relation_extraction:relation_extraction 142/1157 (12%) - Chunk 142 / 1157
[KG][d5d2b1c5-641] relation_extraction:relation_extraction 140/1157 (12%) - Chunk 140 / 1157
[KG][d5d2b1c5-641] relation_extraction:relation_extraction 143/1157 (12%) - Chunk 143 / 1157
[KG][d5d2b1c5-641] relation_extraction:relation_extraction 144/1157 (12%) - Chunk 144 / 1157
[KG][d5d2b1c5-641] relation_extraction:relation_extraction 141/1157 (12%) - Chunk 141 / 1157
[KG][d5d2b1c5-641] relation_extraction:relation_extraction 145/1157 (13%) - Chunk 145 / 1157
[KG][d5d2b1c5-641] relation_extraction:relation_extraction 146/1157 (13%) - Chunk 146 / 1157
[KG][d5d2b1c5-641] relation_extraction:relation_extraction 142/1157 (12%) - Chunk 142 / 1157
[KG][d5d2b1c5-641] relation_extraction:relation_extraction 143/1157 (12%) - Chunk 143 / 1157
[KG][d5d2b1c5-641] relation_extraction:relation_extraction 147/1157 (13%) - Chunk 147 / 1157
[KG][d5d2b1c5-641] relation_extraction:relation_extraction 148/1157 (13%) - Chunk 148 / 1157
[KG][d5d2b1c5-641] relation_extraction:relation_extraction 149/1157 (13%) - Chunk 149 / 1157
[KG][d5d2b1c5-641] relation_extraction:relation_extraction 150/1157 (13%) - Chunk 150 / 1157
[KG][d5d2b1c5-641] relation_extraction:relation_extraction 151/1157 (13%) - Chunk 151 / 1157
[KG][d5d2b1c5-641] relation_extraction:relation_extraction 144/1157 (12%) - Chunk 144 / 1157
[KG][d5d2b1c5-641] relation_extraction:relation_extraction 145/1157 (13%) - Chunk 145 / 1157
[KG][d5d2b1c5-641] relation_extraction:relation_extraction 152/1157 (13%) - Chunk 152 / 1157
[KG][d5d2b1c5-641] relation_extraction:relation_extraction 146/1157 (13%) - Chunk 146 / 1157
[KG][d5d2b1c5-641] relation_extraction:relation_extraction 147/1157 (13%) - Chunk 147 / 1157
[KG][d5d2b1c5-641] relation_extraction:relation_extraction 148/1157 (13%) - Chunk 148 / 1157
[KG][d5d2b1c5-641] relation_extraction:relation_extraction 149/1157 (13%) - Chunk 149 / 1157
[KG][d5d2b1c5-641] relation_extraction:relation_extraction 150/1157 (13%) - Chunk 150 / 1157
[KG][d5d2b1c5-641] relation_extraction:relation_extraction 151/1157 (13%) - Chunk 151 / 1157
[KG][d5d2b1c5-641] relation_extraction:relation_extraction 153/1157 (13%) - Chunk 153 / 1157
[KG][d5d2b1c5-641] relation_extraction:relation_extraction 154/1157 (13%) - Chunk 154 / 1157
[KG][d5d2b1c5-641] relation_extraction:relation_extraction 152/1157 (13%) - Chunk 152 / 1157
[KG][d5d2b1c5-641] relation_extraction:relation_extraction 155/1157 (13%) - Chunk 155 / 1157
[KG][d5d2b1c5-641] relation_extraction:relation_extraction 156/1157 (13%) - Chunk 156 / 1157
[KG][d5d2b1c5-641] relation_extraction:relation_extraction 153/1157 (13%) - Chunk 153 / 1157
[KG][d5d2b1c5-641] relation_extraction:relation_extraction 154/1157 (13%) - Chunk 154 / 1157
[KG][d5d2b1c5-641] relation_extraction:relation_extraction 155/1157 (13%) - Chunk 155 / 1157
[KG][d5d2b1c5-641] relation_extraction:relation_extraction 157/1157 (14%) - Chunk 157 / 1157
[KG][d5d2b1c5-641] relation_extraction:relation_extraction 158/1157 (14%) - Chunk 158 / 1157
[KG][d5d2b1c5-641] relation_extraction:relation_extraction 159/1157 (14%) - Chunk 159 / 1157
[KG][d5d2b1c5-641] relation_extraction:relation_extraction 156/1157 (13%) - Chunk 156 / 1157
[KG][d5d2b1c5-641] relation_extraction:relation_extraction 157/1157 (14%) - Chunk 157 / 1157
[KG][d5d2b1c5-641] relation_extraction:relation_extraction 160/1157 (14%) - Chunk 160 / 1157
[KG][d5d2b1c5-641] relation_extraction:relation_extraction 158/1157 (14%) - Chunk 158 / 1157
[KG][d5d2b1c5-641] relation_extraction:relation_extraction 161/1157 (14%) - Chunk 161 / 1157
[KG][d5d2b1c5-641] relation_extraction:relation_extraction 159/1157 (14%) - Chunk 159 / 1157
[ERROR] LLM chat_json failed after 3 attempts (trace=03bb1a4d): Request timed out.
[KG][d5d2b1c5-641] relation_extraction:relation_extraction 160/1157 (14%) - Chunk 160 / 1157
[KG][d5d2b1c5-641] relation_extraction:relation_extraction 161/1157 (14%) - Chunk 161 / 1157
[KG][d5d2b1c5-641] relation_extraction:relation_extraction 162/1157 (14%) - Chunk 162 / 1157
[KG][d5d2b1c5-641] relation_extraction:relation_extraction 162/1157 (14%) - Chunk 162 / 1157
[KG][d5d2b1c5-641] relation_extraction:relation_extraction 163/1157 (14%) - Chunk 163 / 1157
[KG][d5d2b1c5-641] relation_extraction:relation_extraction 164/1157 (14%) - Chunk 164 / 1157
[KG][d5d2b1c5-641] relation_extraction:relation_extraction 163/1157 (14%) - Chunk 163 / 1157
[KG][d5d2b1c5-641] relation_extraction:relation_extraction 164/1157 (14%) - Chunk 164 / 1157
[KG][d5d2b1c5-641] relation_extraction:relation_extraction 165/1157 (14%) - Chunk 165 / 1157
[KG][d5d2b1c5-641] relation_extraction:relation_extraction 166/1157 (14%) - Chunk 166 / 1157
[KG][d5d2b1c5-641] relation_extraction:relation_extraction 165/1157 (14%) - Chunk 165 / 1157
[KG][d5d2b1c5-641] relation_extraction:relation_extraction 167/1157 (14%) - Chunk 167 / 1157
[KG][d5d2b1c5-641] relation_extraction:relation_extraction 166/1157 (14%) - Chunk 166 / 1157
[KG][d5d2b1c5-641] relation_extraction:relation_extraction 168/1157 (15%) - Chunk 168 / 1157
[KG][d5d2b1c5-641] relation_extraction:relation_extraction 167/1157 (14%) - Chunk 167 / 1157
[KG][d5d2b1c5-641] relation_extraction:relation_extraction 169/1157 (15%) - Chunk 169 / 1157
[KG][d5d2b1c5-641] relation_extraction:relation_extraction 168/1157 (15%) - Chunk 168 / 1157
[KG][d5d2b1c5-641] relation_extraction:relation_extraction 170/1157 (15%) - Chunk 170 / 1157
[KG][d5d2b1c5-641] relation_extraction:relation_extraction 169/1157 (15%) - Chunk 169 / 1157
[KG][d5d2b1c5-641] relation_extraction:relation_extraction 171/1157 (15%) - Chunk 171 / 1157
[KG][d5d2b1c5-641] relation_extraction:relation_extraction 170/1157 (15%) - Chunk 170 / 1157
[KG][d5d2b1c5-641] relation_extraction:relation_extraction 171/1157 (15%) - Chunk 171 / 1157
[KG][d5d2b1c5-641] relation_extraction:relation_extraction 172/1157 (15%) - Chunk 172 / 1157
[KG][d5d2b1c5-641] relation_extraction:relation_extraction 172/1157 (15%) - Chunk 172 / 1157
[KG][d5d2b1c5-641] relation_extraction:relation_extraction 173/1157 (15%) - Chunk 173 / 1157
[KG][d5d2b1c5-641] relation_extraction:relation_extraction 173/1157 (15%) - Chunk 173 / 1157
[KG][d5d2b1c5-641] relation_extraction:relation_extraction 174/1157 (15%) - Chunk 174 / 1157
[KG][d5d2b1c5-641] relation_extraction:relation_extraction 175/1157 (15%) - Chunk 175 / 1157
[KG][d5d2b1c5-641] relation_extraction:relation_extraction 174/1157 (15%) - Chunk 174 / 1157
[KG][d5d2b1c5-641] relation_extraction:relation_extraction 175/1157 (15%) - Chunk 175 / 1157
[KG][d5d2b1c5-641] relation_extraction:relation_extraction 176/1157 (15%) - Chunk 176 / 1157
[KG][d5d2b1c5-641] relation_extraction:relation_extraction 176/1157 (15%) - Chunk 176 / 1157
[KG][d5d2b1c5-641] relation_extraction:relation_extraction 177/1157 (15%) - Chunk 177 / 1157
[KG][d5d2b1c5-641] relation_extraction:relation_extraction 177/1157 (15%) - Chunk 177 / 1157
[KG][d5d2b1c5-641] relation_extraction:relation_extraction 178/1157 (15%) - Chunk 178 / 1157
[KG][d5d2b1c5-641] relation_extraction:relation_extraction 179/1157 (15%) - Chunk 179 / 1157
[KG][d5d2b1c5-641] relation_extraction:relation_extraction 180/1157 (16%) - Chunk 180 / 1157
[KG][d5d2b1c5-641] relation_extraction:relation_extraction 178/1157 (15%) - Chunk 178 / 1157
[KG][d5d2b1c5-641] relation_extraction:relation_extraction 179/1157 (15%) - Chunk 179 / 1157
[KG][d5d2b1c5-641] relation_extraction:relation_extraction 180/1157 (16%) - Chunk 180 / 1157
[KG][d5d2b1c5-641] relation_extraction:relation_extraction 181/1157 (16%) - Chunk 181 / 1157
[KG][d5d2b1c5-641] relation_extraction:relation_extraction 182/1157 (16%) - Chunk 182 / 1157
[KG][d5d2b1c5-641] relation_extraction:relation_extraction 181/1157 (16%) - Chunk 181 / 1157
[KG][d5d2b1c5-641] relation_extraction:relation_extraction 183/1157 (16%) - Chunk 183 / 1157
[KG][d5d2b1c5-641] relation_extraction:relation_extraction 184/1157 (16%) - Chunk 184 / 1157
[KG][d5d2b1c5-641] relation_extraction:relation_extraction 182/1157 (16%) - Chunk 182 / 1157
[KG][d5d2b1c5-641] relation_extraction:relation_extraction 183/1157 (16%) - Chunk 183 / 1157
[KG][d5d2b1c5-641] relation_extraction:relation_extraction 185/1157 (16%) - Chunk 185 / 1157
[KG][d5d2b1c5-641] relation_extraction:relation_extraction 186/1157 (16%) - Chunk 186 / 1157
[KG][d5d2b1c5-641] relation_extraction:relation_extraction 187/1157 (16%) - Chunk 187 / 1157
[KG][d5d2b1c5-641] relation_extraction:relation_extraction 184/1157 (16%) - Chunk 184 / 1157
[KG][d5d2b1c5-641] relation_extraction:relation_extraction 185/1157 (16%) - Chunk 185 / 1157
[KG][d5d2b1c5-641] relation_extraction:relation_extraction 186/1157 (16%) - Chunk 186 / 1157
[KG][d5d2b1c5-641] relation_extraction:relation_extraction 188/1157 (16%) - Chunk 188 / 1157
[KG][d5d2b1c5-641] relation_extraction:relation_extraction 189/1157 (16%) - Chunk 189 / 1157
[KG][d5d2b1c5-641] relation_extraction:relation_extraction 187/1157 (16%) - Chunk 187 / 1157
[KG][d5d2b1c5-641] relation_extraction:relation_extraction 188/1157 (16%) - Chunk 188 / 1157
[KG][d5d2b1c5-641] relation_extraction:relation_extraction 189/1157 (16%) - Chunk 189 / 1157
[KG][d5d2b1c5-641] relation_extraction:relation_extraction 190/1157 (16%) - Chunk 190 / 1157
[KG][d5d2b1c5-641] relation_extraction:relation_extraction 190/1157 (16%) - Chunk 190 / 1157
[KG][d5d2b1c5-641] relation_extraction:relation_extraction 191/1157 (17%) - Chunk 191 / 1157
[KG][d5d2b1c5-641] relation_extraction:relation_extraction 192/1157 (17%) - Chunk 192 / 1157
[KG][d5d2b1c5-641] relation_extraction:relation_extraction 193/1157 (17%) - Chunk 193 / 1157
[KG][d5d2b1c5-641] relation_extraction:relation_extraction 191/1157 (17%) - Chunk 191 / 1157
[KG][d5d2b1c5-641] relation_extraction:relation_extraction 192/1157 (17%) - Chunk 192 / 1157
[KG][d5d2b1c5-641] relation_extraction:relation_extraction 194/1157 (17%) - Chunk 194 / 1157
[KG][d5d2b1c5-641] relation_extraction:relation_extraction 195/1157 (17%) - Chunk 195 / 1157
[KG][d5d2b1c5-641] relation_extraction:relation_extraction 196/1157 (17%) - Chunk 196 / 1157
[KG][d5d2b1c5-641] relation_extraction:relation_extraction 193/1157 (17%) - Chunk 193 / 1157
[KG][d5d2b1c5-641] relation_extraction:relation_extraction 197/1157 (17%) - Chunk 197 / 1157
[KG][d5d2b1c5-641] relation_extraction:relation_extraction 194/1157 (17%) - Chunk 194 / 1157
[KG][d5d2b1c5-641] relation_extraction:relation_extraction 195/1157 (17%) - Chunk 195 / 1157
[KG][d5d2b1c5-641] relation_extraction:relation_extraction 196/1157 (17%) - Chunk 196 / 1157
[KG][d5d2b1c5-641] relation_extraction:relation_extraction 197/1157 (17%) - Chunk 197 / 1157
[KG][d5d2b1c5-641] relation_extraction:relation_extraction 198/1157 (17%) - Chunk 198 / 1157
[KG][d5d2b1c5-641] relation_extraction:relation_extraction 198/1157 (17%) - Chunk 198 / 1157
[KG][d5d2b1c5-641] relation_extraction:relation_extraction 199/1157 (17%) - Chunk 199 / 1157
[KG][d5d2b1c5-641] relation_extraction:relation_extraction 199/1157 (17%) - Chunk 199 / 1157
[KG][d5d2b1c5-641] relation_extraction:relation_extraction 200/1157 (17%) - Chunk 200 / 1157
[KG][d5d2b1c5-641] relation_extraction:relation_extraction 200/1157 (17%) - Chunk 200 / 1157
[KG][d5d2b1c5-641] relation_extraction:relation_extraction 201/1157 (17%) - Chunk 201 / 1157
[KG][d5d2b1c5-641] relation_extraction:relation_extraction 201/1157 (17%) - Chunk 201 / 1157
[KG][d5d2b1c5-641] relation_extraction:relation_extraction 202/1157 (17%) - Chunk 202 / 1157
[KG][d5d2b1c5-641] relation_extraction:relation_extraction 202/1157 (17%) - Chunk 202 / 1157
[KG][d5d2b1c5-641] relation_extraction:relation_extraction 203/1157 (18%) - Chunk 203 / 1157
[KG][d5d2b1c5-641] relation_extraction:relation_extraction 204/1157 (18%) - Chunk 204 / 1157
[KG][d5d2b1c5-641] relation_extraction:relation_extraction 203/1157 (18%) - Chunk 203 / 1157
[KG][d5d2b1c5-641] relation_extraction:relation_extraction 204/1157 (18%) - Chunk 204 / 1157
[KG][d5d2b1c5-641] relation_extraction:relation_extraction 205/1157 (18%) - Chunk 205 / 1157
[KG][d5d2b1c5-641] relation_extraction:relation_extraction 205/1157 (18%) - Chunk 205 / 1157
[KG][d5d2b1c5-641] relation_extraction:relation_extraction 206/1157 (18%) - Chunk 206 / 1157
[KG][d5d2b1c5-641] relation_extraction:relation_extraction 206/1157 (18%) - Chunk 206 / 1157
[KG][d5d2b1c5-641] relation_extraction:relation_extraction 207/1157 (18%) - Chunk 207 / 1157
[KG][d5d2b1c5-641] relation_extraction:relation_extraction 207/1157 (18%) - Chunk 207 / 1157
[KG][d5d2b1c5-641] relation_extraction:relation_extraction 208/1157 (18%) - Chunk 208 / 1157
[KG][d5d2b1c5-641] relation_extraction:relation_extraction 209/1157 (18%) - Chunk 209 / 1157
[KG][d5d2b1c5-641] relation_extraction:relation_extraction 210/1157 (18%) - Chunk 210 / 1157
[KG][d5d2b1c5-641] relation_extraction:relation_extraction 211/1157 (18%) - Chunk 211 / 1157
[KG][d5d2b1c5-641] relation_extraction:relation_extraction 212/1157 (18%) - Chunk 212 / 1157
[KG][d5d2b1c5-641] relation_extraction:relation_extraction 208/1157 (18%) - Chunk 208 / 1157
[KG][d5d2b1c5-641] relation_extraction:relation_extraction 209/1157 (18%) - Chunk 209 / 1157
[KG][d5d2b1c5-641] relation_extraction:relation_extraction 210/1157 (18%) - Chunk 210 / 1157
[KG][d5d2b1c5-641] relation_extraction:relation_extraction 213/1157 (18%) - Chunk 213 / 1157
[KG][d5d2b1c5-641] relation_extraction:relation_extraction 214/1157 (18%) - Chunk 214 / 1157
[KG][d5d2b1c5-641] relation_extraction:relation_extraction 211/1157 (18%) - Chunk 211 / 1157
[KG][d5d2b1c5-641] relation_extraction:relation_extraction 215/1157 (19%) - Chunk 215 / 1157
[KG][d5d2b1c5-641] relation_extraction:relation_extraction 216/1157 (19%) - Chunk 216 / 1157
[KG][d5d2b1c5-641] relation_extraction:relation_extraction 217/1157 (19%) - Chunk 217 / 1157
[KG][d5d2b1c5-641] relation_extraction:relation_extraction 218/1157 (19%) - Chunk 218 / 1157
[KG][d5d2b1c5-641] relation_extraction:relation_extraction 219/1157 (19%) - Chunk 219 / 1157
[KG][d5d2b1c5-641] relation_extraction:relation_extraction 220/1157 (19%) - Chunk 220 / 1157
[KG][d5d2b1c5-641] relation_extraction:relation_extraction 212/1157 (18%) - Chunk 212 / 1157
[KG][d5d2b1c5-641] relation_extraction:relation_extraction 221/1157 (19%) - Chunk 221 / 1157
[KG][d5d2b1c5-641] relation_extraction:relation_extraction 213/1157 (18%) - Chunk 213 / 1157
[KG][d5d2b1c5-641] relation_extraction:relation_extraction 222/1157 (19%) - Chunk 222 / 1157
[KG][d5d2b1c5-641] relation_extraction:relation_extraction 223/1157 (19%) - Chunk 223 / 1157
[KG][d5d2b1c5-641] relation_extraction:relation_extraction 224/1157 (19%) - Chunk 224 / 1157
[KG][d5d2b1c5-641] relation_extraction:relation_extraction 225/1157 (19%) - Chunk 225 / 1157
[KG][d5d2b1c5-641] relation_extraction:relation_extraction 226/1157 (20%) - Chunk 226 / 1157
[KG][d5d2b1c5-641] relation_extraction:relation_extraction 227/1157 (20%) - Chunk 227 / 1157
[ERROR] LLM chat_json failed after 3 attempts (trace=e291dc29): Request timed out.
[KG][d5d2b1c5-641] relation_extraction:relation_extraction 214/1157 (18%) - Chunk 214 / 1157
[KG][d5d2b1c5-641] relation_extraction:relation_extraction 215/1157 (19%) - Chunk 215 / 1157
[KG][d5d2b1c5-641] relation_extraction:relation_extraction 216/1157 (19%) - Chunk 216 / 1157
[KG][d5d2b1c5-641] relation_extraction:relation_extraction 217/1157 (19%) - Chunk 217 / 1157
[KG][d5d2b1c5-641] relation_extraction:relation_extraction 228/1157 (20%) - Chunk 228 / 1157
[KG][d5d2b1c5-641] relation_extraction:relation_extraction 218/1157 (19%) - Chunk 218 / 1157
[KG][d5d2b1c5-641] relation_extraction:relation_extraction 219/1157 (19%) - Chunk 219 / 1157
[KG][d5d2b1c5-641] relation_extraction:relation_extraction 220/1157 (19%) - Chunk 220 / 1157
[KG][d5d2b1c5-641] relation_extraction:relation_extraction 221/1157 (19%) - Chunk 221 / 1157
[KG][d5d2b1c5-641] relation_extraction:relation_extraction 222/1157 (19%) - Chunk 222 / 1157
[KG][d5d2b1c5-641] relation_extraction:relation_extraction 223/1157 (19%) - Chunk 223 / 1157
[KG][d5d2b1c5-641] relation_extraction:relation_extraction 229/1157 (20%) - Chunk 229 / 1157
[KG][d5d2b1c5-641] relation_extraction:relation_extraction 224/1157 (19%) - Chunk 224 / 1157
[KG][d5d2b1c5-641] relation_extraction:relation_extraction 225/1157 (19%) - Chunk 225 / 1157
[KG][d5d2b1c5-641] relation_extraction:relation_extraction 226/1157 (20%) - Chunk 226 / 1157
[KG][d5d2b1c5-641] relation_extraction:relation_extraction 227/1157 (20%) - Chunk 227 / 1157
[KG][d5d2b1c5-641] relation_extraction:relation_extraction 230/1157 (20%) - Chunk 230 / 1157
[KG][d5d2b1c5-641] relation_extraction:relation_extraction 228/1157 (20%) - Chunk 228 / 1157
[KG][d5d2b1c5-641] relation_extraction:relation_extraction 229/1157 (20%) - Chunk 229 / 1157
[KG][d5d2b1c5-641] relation_extraction:relation_extraction 231/1157 (20%) - Chunk 231 / 1157
[KG][d5d2b1c5-641] relation_extraction:relation_extraction 230/1157 (20%) - Chunk 230 / 1157
[KG][d5d2b1c5-641] relation_extraction:relation_extraction 232/1157 (20%) - Chunk 232 / 1157
[KG][d5d2b1c5-641] relation_extraction:relation_extraction 233/1157 (20%) - Chunk 233 / 1157
[KG][d5d2b1c5-641] relation_extraction:relation_extraction 231/1157 (20%) - Chunk 231 / 1157
[KG][d5d2b1c5-641] relation_extraction:relation_extraction 232/1157 (20%) - Chunk 232 / 1157
[KG][d5d2b1c5-641] relation_extraction:relation_extraction 234/1157 (20%) - Chunk 234 / 1157
[KG][d5d2b1c5-641] relation_extraction:relation_extraction 233/1157 (20%) - Chunk 233 / 1157
[KG][d5d2b1c5-641] relation_extraction:relation_extraction 235/1157 (20%) - Chunk 235 / 1157
[KG][d5d2b1c5-641] relation_extraction:relation_extraction 234/1157 (20%) - Chunk 234 / 1157
[KG][d5d2b1c5-641] relation_extraction:relation_extraction 235/1157 (20%) - Chunk 235 / 1157
[KG][d5d2b1c5-641] relation_extraction:relation_extraction 236/1157 (20%) - Chunk 236 / 1157
[KG][d5d2b1c5-641] relation_extraction:relation_extraction 237/1157 (20%) - Chunk 237 / 1157
[KG][d5d2b1c5-641] relation_extraction:relation_extraction 236/1157 (20%) - Chunk 236 / 1157
[KG][d5d2b1c5-641] relation_extraction:relation_extraction 238/1157 (21%) - Chunk 238 / 1157
[KG][d5d2b1c5-641] relation_extraction:relation_extraction 237/1157 (20%) - Chunk 237 / 1157
[KG][d5d2b1c5-641] relation_extraction:relation_extraction 238/1157 (21%) - Chunk 238 / 1157
[KG][d5d2b1c5-641] relation_extraction:relation_extraction 239/1157 (21%) - Chunk 239 / 1157
[KG][d5d2b1c5-641] relation_extraction:relation_extraction 239/1157 (21%) - Chunk 239 / 1157
[KG][d5d2b1c5-641] relation_extraction:relation_extraction 240/1157 (21%) - Chunk 240 / 1157
[KG][d5d2b1c5-641] relation_extraction:relation_extraction 241/1157 (21%) - Chunk 241 / 1157
[KG][d5d2b1c5-641] relation_extraction:relation_extraction 242/1157 (21%) - Chunk 242 / 1157
[KG][d5d2b1c5-641] relation_extraction:relation_extraction 240/1157 (21%) - Chunk 240 / 1157
[KG][d5d2b1c5-641] relation_extraction:relation_extraction 241/1157 (21%) - Chunk 241 / 1157
[KG][d5d2b1c5-641] relation_extraction:relation_extraction 242/1157 (21%) - Chunk 242 / 1157
[KG][d5d2b1c5-641] relation_extraction:relation_extraction 243/1157 (21%) - Chunk 243 / 1157
[KG][d5d2b1c5-641] relation_extraction:relation_extraction 244/1157 (21%) - Chunk 244 / 1157
[KG][d5d2b1c5-641] relation_extraction:relation_extraction 245/1157 (21%) - Chunk 245 / 1157
[KG][d5d2b1c5-641] relation_extraction:relation_extraction 246/1157 (21%) - Chunk 246 / 1157
[KG][d5d2b1c5-641] relation_extraction:relation_extraction 247/1157 (21%) - Chunk 247 / 1157
[KG][d5d2b1c5-641] relation_extraction:relation_extraction 248/1157 (21%) - Chunk 248 / 1157
[KG][d5d2b1c5-641] relation_extraction:relation_extraction 249/1157 (22%) - Chunk 249 / 1157
[KG][d5d2b1c5-641] relation_extraction:relation_extraction 250/1157 (22%) - Chunk 250 / 1157
[KG][d5d2b1c5-641] relation_extraction:relation_extraction 243/1157 (21%) - Chunk 243 / 1157
[KG][d5d2b1c5-641] relation_extraction:relation_extraction 244/1157 (21%) - Chunk 244 / 1157
[KG][d5d2b1c5-641] relation_extraction:relation_extraction 245/1157 (21%) - Chunk 245 / 1157
[KG][d5d2b1c5-641] relation_extraction:relation_extraction 246/1157 (21%) - Chunk 246 / 1157
[KG][d5d2b1c5-641] relation_extraction:relation_extraction 247/1157 (21%) - Chunk 247 / 1157
[KG][d5d2b1c5-641] relation_extraction:relation_extraction 248/1157 (21%) - Chunk 248 / 1157
[KG][d5d2b1c5-641] relation_extraction:relation_extraction 251/1157 (22%) - Chunk 251 / 1157
[KG][d5d2b1c5-641] relation_extraction:relation_extraction 252/1157 (22%) - Chunk 252 / 1157
[KG][d5d2b1c5-641] relation_extraction:relation_extraction 253/1157 (22%) - Chunk 253 / 1157
[KG][d5d2b1c5-641] relation_extraction:relation_extraction 254/1157 (22%) - Chunk 254 / 1157
[KG][d5d2b1c5-641] relation_extraction:relation_extraction 255/1157 (22%) - Chunk 255 / 1157
[KG][d5d2b1c5-641] relation_extraction:relation_extraction 249/1157 (22%) - Chunk 249 / 1157
[KG][d5d2b1c5-641] relation_extraction:relation_extraction 250/1157 (22%) - Chunk 250 / 1157
[KG][d5d2b1c5-641] relation_extraction:relation_extraction 256/1157 (22%) - Chunk 256 / 1157
[KG][d5d2b1c5-641] relation_extraction:relation_extraction 257/1157 (22%) - Chunk 257 / 1157
[KG][d5d2b1c5-641] relation_extraction:relation_extraction 251/1157 (22%) - Chunk 251 / 1157
[KG][d5d2b1c5-641] relation_extraction:relation_extraction 252/1157 (22%) - Chunk 252 / 1157
[KG][d5d2b1c5-641] relation_extraction:relation_extraction 258/1157 (22%) - Chunk 258 / 1157
[KG][d5d2b1c5-641] relation_extraction:relation_extraction 259/1157 (22%) - Chunk 259 / 1157
[KG][d5d2b1c5-641] relation_extraction:relation_extraction 260/1157 (22%) - Chunk 260 / 1157
[KG][d5d2b1c5-641] relation_extraction:relation_extraction 261/1157 (23%) - Chunk 261 / 1157
[KG][d5d2b1c5-641] relation_extraction:relation_extraction 262/1157 (23%) - Chunk 262 / 1157
[KG][d5d2b1c5-641] relation_extraction:relation_extraction 263/1157 (23%) - Chunk 263 / 1157
[KG][d5d2b1c5-641] relation_extraction:relation_extraction 264/1157 (23%) - Chunk 264 / 1157
[KG][d5d2b1c5-641] relation_extraction:relation_extraction 265/1157 (23%) - Chunk 265 / 1157
[KG][d5d2b1c5-641] relation_extraction:relation_extraction 266/1157 (23%) - Chunk 266 / 1157
[KG][d5d2b1c5-641] relation_extraction:relation_extraction 267/1157 (23%) - Chunk 267 / 1157
[KG][d5d2b1c5-641] relation_extraction:relation_extraction 268/1157 (23%) - Chunk 268 / 1157
[KG][d5d2b1c5-641] relation_extraction:relation_extraction 269/1157 (23%) - Chunk 269 / 1157
[KG][d5d2b1c5-641] relation_extraction:relation_extraction 270/1157 (23%) - Chunk 270 / 1157
[KG][d5d2b1c5-641] relation_extraction:relation_extraction 253/1157 (22%) - Chunk 253 / 1157
[KG][d5d2b1c5-641] relation_extraction:relation_extraction 254/1157 (22%) - Chunk 254 / 1157
[KG][d5d2b1c5-641] relation_extraction:relation_extraction 255/1157 (22%) - Chunk 255 / 1157
[KG][d5d2b1c5-641] relation_extraction:relation_extraction 271/1157 (23%) - Chunk 271 / 1157
[KG][d5d2b1c5-641] relation_extraction:relation_extraction 256/1157 (22%) - Chunk 256 / 1157
[KG][d5d2b1c5-641] relation_extraction:relation_extraction 257/1157 (22%) - Chunk 257 / 1157
[KG][d5d2b1c5-641] relation_extraction:relation_extraction 258/1157 (22%) - Chunk 258 / 1157
[KG][d5d2b1c5-641] relation_extraction:relation_extraction 259/1157 (22%) - Chunk 259 / 1157
[KG][d5d2b1c5-641] relation_extraction:relation_extraction 260/1157 (22%) - Chunk 260 / 1157
[KG][d5d2b1c5-641] relation_extraction:relation_extraction 261/1157 (23%) - Chunk 261 / 1157
[KG][d5d2b1c5-641] relation_extraction:relation_extraction 272/1157 (24%) - Chunk 272 / 1157
[KG][d5d2b1c5-641] relation_extraction:relation_extraction 273/1157 (24%) - Chunk 273 / 1157
[KG][d5d2b1c5-641] relation_extraction:relation_extraction 274/1157 (24%) - Chunk 274 / 1157
[KG][d5d2b1c5-641] relation_extraction:relation_extraction 275/1157 (24%) - Chunk 275 / 1157
[KG][d5d2b1c5-641] relation_extraction:relation_extraction 276/1157 (24%) - Chunk 276 / 1157
[KG][d5d2b1c5-641] relation_extraction:relation_extraction 262/1157 (23%) - Chunk 262 / 1157
[KG][d5d2b1c5-641] relation_extraction:relation_extraction 263/1157 (23%) - Chunk 263 / 1157
[KG][d5d2b1c5-641] relation_extraction:relation_extraction 264/1157 (23%) - Chunk 264 / 1157
[KG][d5d2b1c5-641] relation_extraction:relation_extraction 265/1157 (23%) - Chunk 265 / 1157
[KG][d5d2b1c5-641] relation_extraction:relation_extraction 266/1157 (23%) - Chunk 266 / 1157
[KG][d5d2b1c5-641] relation_extraction:relation_extraction 277/1157 (24%) - Chunk 277 / 1157
[KG][d5d2b1c5-641] relation_extraction:relation_extraction 278/1157 (24%) - Chunk 278 / 1157
[KG][d5d2b1c5-641] relation_extraction:relation_extraction 279/1157 (24%) - Chunk 279 / 1157
[KG][d5d2b1c5-641] relation_extraction:relation_extraction 280/1157 (24%) - Chunk 280 / 1157
[KG][d5d2b1c5-641] relation_extraction:relation_extraction 281/1157 (24%) - Chunk 281 / 1157
[KG][d5d2b1c5-641] relation_extraction:relation_extraction 282/1157 (24%) - Chunk 282 / 1157
[KG][d5d2b1c5-641] relation_extraction:relation_extraction 283/1157 (24%) - Chunk 283 / 1157
[KG][d5d2b1c5-641] relation_extraction:relation_extraction 284/1157 (25%) - Chunk 284 / 1157
[KG][d5d2b1c5-641] relation_extraction:relation_extraction 285/1157 (25%) - Chunk 285 / 1157
[KG][d5d2b1c5-641] relation_extraction:relation_extraction 286/1157 (25%) - Chunk 286 / 1157
[ERROR] LLM chat_json failed after 3 attempts (trace=40ee048f): Request timed out.
[KG][d5d2b1c5-641] relation_extraction:relation_extraction 267/1157 (23%) - Chunk 267 / 1157
[KG][d5d2b1c5-641] relation_extraction:relation_extraction 268/1157 (23%) - Chunk 268 / 1157
[KG][d5d2b1c5-641] relation_extraction:relation_extraction 269/1157 (23%) - Chunk 269 / 1157
[KG][d5d2b1c5-641] relation_extraction:relation_extraction 270/1157 (23%) - Chunk 270 / 1157
[KG][d5d2b1c5-641] relation_extraction:relation_extraction 271/1157 (23%) - Chunk 271 / 1157
[KG][d5d2b1c5-641] relation_extraction:relation_extraction 272/1157 (24%) - Chunk 272 / 1157
[KG][d5d2b1c5-641] relation_extraction:relation_extraction 273/1157 (24%) - Chunk 273 / 1157
[KG][d5d2b1c5-641] relation_extraction:relation_extraction 274/1157 (24%) - Chunk 274 / 1157
[KG][d5d2b1c5-641] relation_extraction:relation_extraction 275/1157 (24%) - Chunk 275 / 1157
[KG][d5d2b1c5-641] relation_extraction:relation_extraction 276/1157 (24%) - Chunk 276 / 1157
[KG][d5d2b1c5-641] relation_extraction:relation_extraction 277/1157 (24%) - Chunk 277 / 1157
[KG][d5d2b1c5-641] relation_extraction:relation_extraction 278/1157 (24%) - Chunk 278 / 1157
[KG][d5d2b1c5-641] relation_extraction:relation_extraction 279/1157 (24%) - Chunk 279 / 1157
[KG][d5d2b1c5-641] relation_extraction:relation_extraction 280/1157 (24%) - Chunk 280 / 1157
[KG][d5d2b1c5-641] relation_extraction:relation_extraction 281/1157 (24%) - Chunk 281 / 1157
[KG][d5d2b1c5-641] relation_extraction:relation_extraction 282/1157 (24%) - Chunk 282 / 1157
[KG][d5d2b1c5-641] relation_extraction:relation_extraction 287/1157 (25%) - Chunk 287 / 1157
[KG][d5d2b1c5-641] relation_extraction:relation_extraction 288/1157 (25%) - Chunk 288 / 1157
[KG][d5d2b1c5-641] relation_extraction:relation_extraction 289/1157 (25%) - Chunk 289 / 1157
[KG][d5d2b1c5-641] relation_extraction:relation_extraction 283/1157 (24%) - Chunk 283 / 1157
[KG][d5d2b1c5-641] relation_extraction:relation_extraction 284/1157 (25%) - Chunk 284 / 1157
[ERROR] LLM chat_json failed after 3 attempts (trace=9e313f88): Request timed out.
[KG][d5d2b1c5-641] relation_extraction:relation_extraction 285/1157 (25%) - Chunk 285 / 1157
[KG][d5d2b1c5-641] relation_extraction:relation_extraction 286/1157 (25%) - Chunk 286 / 1157
[KG][d5d2b1c5-641] relation_extraction:relation_extraction 287/1157 (25%) - Chunk 287 / 1157
[KG][d5d2b1c5-641] relation_extraction:relation_extraction 288/1157 (25%) - Chunk 288 / 1157
[KG][d5d2b1c5-641] relation_extraction:relation_extraction 289/1157 (25%) - Chunk 289 / 1157
[KG][d5d2b1c5-641] relation_extraction:relation_extraction 290/1157 (25%) - Chunk 290 / 1157
[KG][d5d2b1c5-641] relation_extraction:relation_extraction 290/1157 (25%) - Chunk 290 / 1157
[KG][d5d2b1c5-641] relation_extraction:relation_extraction 291/1157 (25%) - Chunk 291 / 1157
[KG][d5d2b1c5-641] relation_extraction:relation_extraction 292/1157 (25%) - Chunk 292 / 1157
[KG][d5d2b1c5-641] relation_extraction:relation_extraction 293/1157 (25%) - Chunk 293 / 1157
[KG][d5d2b1c5-641] relation_extraction:relation_extraction 291/1157 (25%) - Chunk 291 / 1157
[KG][d5d2b1c5-641] relation_extraction:relation_extraction 292/1157 (25%) - Chunk 292 / 1157
[KG][d5d2b1c5-641] relation_extraction:relation_extraction 294/1157 (25%) - Chunk 294 / 1157
[KG][d5d2b1c5-641] relation_extraction:relation_extraction 293/1157 (25%) - Chunk 293 / 1157
[KG][d5d2b1c5-641] relation_extraction:relation_extraction 294/1157 (25%) - Chunk 294 / 1157
[ERROR] LLM chat_json failed after 3 attempts (trace=cbd3fbcc): <html>
<head><title>502 Bad Gateway</title></head>
<body>
<center><h1>502 Bad Gateway</h1></center>
<hr><center>openresty</center>
</body>
</html>
[KG][d5d2b1c5-641] relation_extraction:relation_extraction 295/1157 (25%) - Chunk 295 / 1157
[ERROR] LLM chat_json failed after 3 attempts (trace=75e17458): <html>
<head><title>502 Bad Gateway</title></head>
<body>
<center><h1>502 Bad Gateway</h1></center>
<hr><center>openresty</center>
</body>
</html>
[KG][d5d2b1c5-641] relation_extraction:relation_extraction 295/1157 (25%) - Chunk 295 / 1157
[ERROR] LLM chat_json failed after 3 attempts (trace=f41ca681): <html>
<head><title>502 Bad Gateway</title></head>
<body>
<center><h1>502 Bad Gateway</h1></center>
<hr><center>openresty</center>
</body>
</html>
[ERROR] LLM chat_json failed after 3 attempts (trace=e6a0993f): <html>
<head><title>502 Bad Gateway</title></head>
<body>
<center><h1>502 Bad Gateway</h1></center>
<hr><center>openresty</center>
</body>
</html>
[ERROR] LLM chat_json failed after 3 attempts (trace=4b50ba7e): <html>
<head><title>502 Bad Gateway</title></head>
<body>
<center><h1>502 Bad Gateway</h1></center>
<hr><center>openresty</center>
</body>
</html>
[KG][d5d2b1c5-641] relation_extraction:relation_extraction 296/1157 (26%) - Chunk 296 / 1157
[KG][d5d2b1c5-641] relation_extraction:relation_extraction 297/1157 (26%) - Chunk 297 / 1157
[ERROR] LLM chat_json failed after 3 attempts (trace=1c9bb223): <html>
<head><title>502 Bad Gateway</title></head>
<body>
<center><h1>502 Bad Gateway</h1></center>
<hr><center>openresty</center>
</body>
</html>
[ERROR] LLM chat_json failed after 3 attempts (trace=74d88486): <html>
<head><title>502 Bad Gateway</title></head>
<body>
<center><h1>502 Bad Gateway</h1></center>
<hr><center>openresty</center>
</body>
</html>
[KG][d5d2b1c5-641] relation_extraction:relation_extraction 296/1157 (26%) - Chunk 296 / 1157
[ERROR] LLM chat_json failed after 3 attempts (trace=615c4f1b): <html>
<head><title>502 Bad Gateway</title></head>
<body>
<center><h1>502 Bad Gateway</h1></center>
<hr><center>openresty</center>
</body>
</html>
[KG][d5d2b1c5-641] relation_extraction:relation_extraction 298/1157 (26%) - Chunk 298 / 1157
[ERROR] LLM chat_json failed after 3 attempts (trace=f8d59f9a): <html>
<head><title>502 Bad Gateway</title></head>
<body>
<center><h1>502 Bad Gateway</h1></center>
<hr><center>openresty</center>
</body>
</html>
[ERROR] LLM chat_json failed after 3 attempts (trace=2178cd94): <html>
<head><title>502 Bad Gateway</title></head>
<body>
<center><h1>502 Bad Gateway</h1></center>
<hr><center>openresty</center>
</body>
</html>
[ERROR] LLM chat_json failed after 3 attempts (trace=efe85f85): <html>
<head><title>502 Bad Gateway</title></head>
<body>
<center><h1>502 Bad Gateway</h1></center>
<hr><center>openresty</center>
</body>
</html>
[ERROR] LLM chat_json failed after 3 attempts (trace=dcddbe5a): <html>
<head><title>502 Bad Gateway</title></head>
<body>
<center><h1>502 Bad Gateway</h1></center>
<hr><center>openresty</center>
</body>
</html>
[KG][d5d2b1c5-641] relation_extraction:relation_extraction 297/1157 (26%) - Chunk 297 / 1157
[ERROR] LLM chat_json failed after 3 attempts (trace=56d0bcea): <html>
<head><title>502 Bad Gateway</title></head>
<body>
<center><h1>502 Bad Gateway</h1></center>
<hr><center>openresty</center>
</body>
</html>
[KG][d5d2b1c5-641] relation_extraction:relation_extraction 299/1157 (26%) - Chunk 299 / 1157
[KG][d5d2b1c5-641] relation_extraction:relation_extraction 298/1157 (26%) - Chunk 298 / 1157
[KG][d5d2b1c5-641] relation_extraction:relation_extraction 300/1157 (26%) - Chunk 300 / 1157
[KG][d5d2b1c5-641] relation_extraction:relation_extraction 299/1157 (26%) - Chunk 299 / 1157
[KG][d5d2b1c5-641] relation_extraction:relation_extraction 301/1157 (26%) - Chunk 301 / 1157
[KG][d5d2b1c5-641] relation_extraction:relation_extraction 300/1157 (26%) - Chunk 300 / 1157
[KG][d5d2b1c5-641] relation_extraction:relation_extraction 301/1157 (26%) - Chunk 301 / 1157
[KG][d5d2b1c5-641] relation_extraction:relation_extraction 302/1157 (26%) - Chunk 302 / 1157
[ERROR] LLM chat_json failed after 3 attempts (trace=baa64cc0): <html>
<head><title>502 Bad Gateway</title></head>
<body>
<center><h1>502 Bad Gateway</h1></center>
<hr><center>openresty</center>
</body>
</html>
[KG][d5d2b1c5-641] relation_extraction:relation_extraction 302/1157 (26%) - Chunk 302 / 1157
[ERROR] LLM chat_json failed after 3 attempts (trace=1e2bb42d): <html>
<head><title>502 Bad Gateway</title></head>
<body>
<center><h1>502 Bad Gateway</h1></center>
<hr><center>openresty</center>
</body>
</html>
[ERROR] LLM chat_json failed after 3 attempts (trace=69214a03): <html>
<head><title>502 Bad Gateway</title></head>
<body>
<center><h1>502 Bad Gateway</h1></center>
<hr><center>openresty</center>
</body>
</html>
[KG][d5d2b1c5-641] relation_extraction:relation_extraction 303/1157 (26%) - Chunk 303 / 1157
[ERROR] LLM chat_json failed after 3 attempts (trace=fcdc1f8b): <html>
<head><title>502 Bad Gateway</title></head>
<body>
<center><h1>502 Bad Gateway</h1></center>
<hr><center>openresty</center>
</body>
</html>
[ERROR] LLM chat_json failed after 3 attempts (trace=7a2c5770): <html>
<head><title>502 Bad Gateway</title></head>
<body>
<center><h1>502 Bad Gateway</h1></center>
<hr><center>openresty</center>
</body>
</html>
[KG][d5d2b1c5-641] relation_extraction:relation_extraction 304/1157 (26%) - Chunk 304 / 1157
[ERROR] LLM chat_json failed after 3 attempts (trace=f8052439): <html>
<head><title>502 Bad Gateway</title></head>
<body>
<center><h1>502 Bad Gateway</h1></center>
<hr><center>openresty</center>
</body>
</html>
[ERROR] LLM chat_json failed after 3 attempts (trace=7089cd90): <html>
<head><title>502 Bad Gateway</title></head>
<body>
<center><h1>502 Bad Gateway</h1></center>
<hr><center>openresty</center>
</body>
</html>
[ERROR] LLM chat_json failed after 3 attempts (trace=82fac75d): <html>
<head><title>502 Bad Gateway</title></head>
<body>
<center><h1>502 Bad Gateway</h1></center>
<hr><center>openresty</center>
</body>
</html>
[ERROR] LLM chat_json failed after 3 attempts (trace=f3cac664): <html>
<head><title>502 Bad Gateway</title></head>
<body>
<center><h1>502 Bad Gateway</h1></center>
<hr><center>openresty</center>
</body>
</html>
[KG][d5d2b1c5-641] relation_extraction:relation_extraction 303/1157 (26%) - Chunk 303 / 1157
[ERROR] LLM chat_json failed after 3 attempts (trace=27f943c6): <html>
<head><title>502 Bad Gateway</title></head>
<body>
<center><h1>502 Bad Gateway</h1></center>
<hr><center>openresty</center>
</body>
</html>
[KG][d5d2b1c5-641] relation_extraction:relation_extraction 305/1157 (26%) - Chunk 305 / 1157
[ERROR] LLM chat_json failed after 3 attempts (trace=930a3a17): <html>
<head><title>502 Bad Gateway</title></head>
<body>
<center><h1>502 Bad Gateway</h1></center>
<hr><center>openresty</center>
</body>
</html>
[ERROR] LLM chat_json failed after 3 attempts (trace=d6174856): <html>
<head><title>502 Bad Gateway</title></head>
<body>
<center><h1>502 Bad Gateway</h1></center>
<hr><center>openresty</center>
</body>
</html>
[KG][d5d2b1c5-641] relation_extraction:relation_extraction 304/1157 (26%) - Chunk 304 / 1157
[KG][d5d2b1c5-641] relation_extraction:relation_extraction 306/1157 (26%) - Chunk 306 / 1157
[KG][d5d2b1c5-641] relation_extraction:relation_extraction 305/1157 (26%) - Chunk 305 / 1157
[KG][d5d2b1c5-641] relation_extraction:relation_extraction 307/1157 (27%) - Chunk 307 / 1157
[KG][d5d2b1c5-641] relation_extraction:relation_extraction 306/1157 (26%) - Chunk 306 / 1157
[KG][d5d2b1c5-641] relation_extraction:relation_extraction 307/1157 (27%) - Chunk 307 / 1157
[KG][d5d2b1c5-641] relation_extraction:relation_extraction 308/1157 (27%) - Chunk 308 / 1157
[ERROR] LLM chat_json failed after 3 attempts (trace=c33f55be): <html>
<head><title>502 Bad Gateway</title></head>
<body>
<center><h1>502 Bad Gateway</h1></center>
<hr><center>openresty</center>
</body>
</html>
[KG][d5d2b1c5-641] relation_extraction:relation_extraction 308/1157 (27%) - Chunk 308 / 1157
[ERROR] LLM chat_json failed after 3 attempts (trace=763db4a3): <html>
<head><title>502 Bad Gateway</title></head>
<body>
<center><h1>502 Bad Gateway</h1></center>
<hr><center>openresty</center>
</body>
</html>
[ERROR] LLM chat_json failed after 3 attempts (trace=2e5ba2b4): <html>
<head><title>502 Bad Gateway</title></head>
<body>
<center><h1>502 Bad Gateway</h1></center>
<hr><center>openresty</center>
</body>
</html>
[ERROR] LLM chat_json failed after 3 attempts (trace=6ca3fb5f): <html>
<head><title>502 Bad Gateway</title></head>
<body>
<center><h1>502 Bad Gateway</h1></center>
<hr><center>openresty</center>
</body>
</html>
[KG][d5d2b1c5-641] relation_extraction:relation_extraction 309/1157 (27%) - Chunk 309 / 1157
[KG][d5d2b1c5-641] relation_extraction:relation_extraction 310/1157 (27%) - Chunk 310 / 1157
[ERROR] LLM chat_json failed after 3 attempts (trace=43969067): <html>
<head><title>502 Bad Gateway</title></head>
<body>
<center><h1>502 Bad Gateway</h1></center>
<hr><center>openresty</center>
</body>
</html>
[ERROR] LLM chat_json failed after 3 attempts (trace=40e6803c): <html>
<head><title>502 Bad Gateway</title></head>
<body>
<center><h1>502 Bad Gateway</h1></center>
<hr><center>openresty</center>
</body>
</html>
[KG][d5d2b1c5-641] relation_extraction:relation_extraction 311/1157 (27%) - Chunk 311 / 1157
[ERROR] LLM chat_json failed after 3 attempts (trace=abc8f09a): <html>
<head><title>502 Bad Gateway</title></head>
<body>
<center><h1>502 Bad Gateway</h1></center>
<hr><center>openresty</center>
</body>
</html>
[ERROR] LLM chat_json failed after 3 attempts (trace=1c88caef): <html>
<head><title>502 Bad Gateway</title></head>
<body>
<center><h1>502 Bad Gateway</h1></center>
<hr><center>openresty</center>
</body>
</html>
[ERROR] LLM chat_json failed after 3 attempts (trace=565c4864): <html>
<head><title>502 Bad Gateway</title></head>
<body>
<center><h1>502 Bad Gateway</h1></center>
<hr><center>openresty</center>
</body>
</html>
[ERROR] LLM chat_json failed after 3 attempts (trace=e90b246f): <html>
<head><title>502 Bad Gateway</title></head>
<body>
<center><h1>502 Bad Gateway</h1></center>
<hr><center>openresty</center>
</body>
</html>
[ERROR] LLM chat_json failed after 3 attempts (trace=d9a06fbc): <html>
<head><title>502 Bad Gateway</title></head>
<body>
<center><h1>502 Bad Gateway</h1></center>
<hr><center>openresty</center>
</body>
</html>
[ERROR] LLM chat_json failed after 3 attempts (trace=4f78e728): <html>
<head><title>502 Bad Gateway</title></head>
<body>
<center><h1>502 Bad Gateway</h1></center>
<hr><center>openresty</center>
</body>
</html>
[KG][d5d2b1c5-641] relation_extraction:relation_extraction 309/1157 (27%) - Chunk 309 / 1157
[KG][d5d2b1c5-641] relation_extraction:relation_extraction 312/1157 (27%) - Chunk 312 / 1157
[KG][d5d2b1c5-641] relation_extraction:relation_extraction 310/1157 (27%) - Chunk 310 / 1157
[KG][d5d2b1c5-641] relation_extraction:relation_extraction 313/1157 (27%) - Chunk 313 / 1157
[KG][d5d2b1c5-641] relation_extraction:relation_extraction 311/1157 (27%) - Chunk 311 / 1157
[KG][d5d2b1c5-641] relation_extraction:relation_extraction 312/1157 (27%) - Chunk 312 / 1157
[KG][d5d2b1c5-641] relation_extraction:relation_extraction 313/1157 (27%) - Chunk 313 / 1157
[KG][d5d2b1c5-641] relation_extraction:relation_extraction 314/1157 (27%) - Chunk 314 / 1157
[ERROR] LLM chat_json failed after 3 attempts (trace=83c27b9b): <html>
<head><title>502 Bad Gateway</title></head>
<body>
<center><h1>502 Bad Gateway</h1></center>
<hr><center>openresty</center>
</body>
</html>
[KG][d5d2b1c5-641] relation_extraction:relation_extraction 314/1157 (27%) - Chunk 314 / 1157
[ERROR] LLM chat_json failed after 3 attempts (trace=e0d2ae8c): <html>
<head><title>502 Bad Gateway</title></head>
<body>
<center><h1>502 Bad Gateway</h1></center>
<hr><center>openresty</center>
</body>
</html>
[ERROR] LLM chat_json failed after 3 attempts (trace=b90ce208): <html>
<head><title>502 Bad Gateway</title></head>
<body>
<center><h1>502 Bad Gateway</h1></center>
<hr><center>openresty</center>
</body>
</html>
[ERROR] LLM chat_json failed after 3 attempts (trace=75e0a48a): <html>
<head><title>502 Bad Gateway</title></head>
<body>
<center><h1>502 Bad Gateway</h1></center>
<hr><center>openresty</center>
</body>
</html>
[KG][d5d2b1c5-641] relation_extraction:relation_extraction 315/1157 (27%) - Chunk 315 / 1157
[KG][d5d2b1c5-641] relation_extraction:relation_extraction 316/1157 (27%) - Chunk 316 / 1157
[KG][d5d2b1c5-641] relation_extraction:relation_extraction 317/1157 (27%) - Chunk 317 / 1157
[KG][d5d2b1c5-641] relation_extraction:relation_extraction 318/1157 (27%) - Chunk 318 / 1157
[KG][d5d2b1c5-641] relation_extraction:relation_extraction 319/1157 (28%) - Chunk 319 / 1157
[KG][d5d2b1c5-641] relation_extraction:relation_extraction 315/1157 (27%) - Chunk 315 / 1157
[KG][d5d2b1c5-641] relation_extraction:relation_extraction 316/1157 (27%) - Chunk 316 / 1157
[KG][d5d2b1c5-641] relation_extraction:relation_extraction 317/1157 (27%) - Chunk 317 / 1157
[KG][d5d2b1c5-641] relation_extraction:relation_extraction 320/1157 (28%) - Chunk 320 / 1157
[KG][d5d2b1c5-641] relation_extraction:relation_extraction 318/1157 (27%) - Chunk 318 / 1157
[KG][d5d2b1c5-641] relation_extraction:relation_extraction 321/1157 (28%) - Chunk 321 / 1157
[KG][d5d2b1c5-641] relation_extraction:relation_extraction 319/1157 (28%) - Chunk 319 / 1157
[KG][d5d2b1c5-641] relation_extraction:relation_extraction 320/1157 (28%) - Chunk 320 / 1157
[KG][d5d2b1c5-641] relation_extraction:relation_extraction 322/1157 (28%) - Chunk 322 / 1157
[KG][d5d2b1c5-641] relation_extraction:relation_extraction 323/1157 (28%) - Chunk 323 / 1157
[KG][d5d2b1c5-641] relation_extraction:relation_extraction 324/1157 (28%) - Chunk 324 / 1157
[KG][d5d2b1c5-641] relation_extraction:relation_extraction 325/1157 (28%) - Chunk 325 / 1157
[KG][d5d2b1c5-641] relation_extraction:relation_extraction 321/1157 (28%) - Chunk 321 / 1157
[KG][d5d2b1c5-641] relation_extraction:relation_extraction 322/1157 (28%) - Chunk 322 / 1157
[KG][d5d2b1c5-641] relation_extraction:relation_extraction 326/1157 (28%) - Chunk 326 / 1157
[KG][d5d2b1c5-641] relation_extraction:relation_extraction 323/1157 (28%) - Chunk 323 / 1157
[KG][d5d2b1c5-641] relation_extraction:relation_extraction 324/1157 (28%) - Chunk 324 / 1157
[KG][d5d2b1c5-641] relation_extraction:relation_extraction 327/1157 (28%) - Chunk 327 / 1157
[KG][d5d2b1c5-641] relation_extraction:relation_extraction 328/1157 (28%) - Chunk 328 / 1157
[KG][d5d2b1c5-641] relation_extraction:relation_extraction 325/1157 (28%) - Chunk 325 / 1157
[KG][d5d2b1c5-641] relation_extraction:relation_extraction 326/1157 (28%) - Chunk 326 / 1157
[KG][d5d2b1c5-641] relation_extraction:relation_extraction 329/1157 (28%) - Chunk 329 / 1157
[KG][d5d2b1c5-641] relation_extraction:relation_extraction 330/1157 (29%) - Chunk 330 / 1157
[KG][d5d2b1c5-641] relation_extraction:relation_extraction 327/1157 (28%) - Chunk 327 / 1157
[KG][d5d2b1c5-641] relation_extraction:relation_extraction 328/1157 (28%) - Chunk 328 / 1157
[KG][d5d2b1c5-641] relation_extraction:relation_extraction 329/1157 (28%) - Chunk 329 / 1157
[KG][d5d2b1c5-641] relation_extraction:relation_extraction 330/1157 (29%) - Chunk 330 / 1157
[KG][d5d2b1c5-641] relation_extraction:relation_extraction 331/1157 (29%) - Chunk 331 / 1157
[KG][d5d2b1c5-641] relation_extraction:relation_extraction 332/1157 (29%) - Chunk 332 / 1157
[KG][d5d2b1c5-641] relation_extraction:relation_extraction 333/1157 (29%) - Chunk 333 / 1157
[KG][d5d2b1c5-641] relation_extraction:relation_extraction 331/1157 (29%) - Chunk 331 / 1157
[KG][d5d2b1c5-641] relation_extraction:relation_extraction 332/1157 (29%) - Chunk 332 / 1157
[KG][d5d2b1c5-641] relation_extraction:relation_extraction 333/1157 (29%) - Chunk 333 / 1157
[KG][d5d2b1c5-641] relation_extraction:relation_extraction 334/1157 (29%) - Chunk 334 / 1157
[KG][d5d2b1c5-641] relation_extraction:relation_extraction 334/1157 (29%) - Chunk 334 / 1157
[KG][d5d2b1c5-641] relation_extraction:relation_extraction 335/1157 (29%) - Chunk 335 / 1157
[KG][d5d2b1c5-641] relation_extraction:relation_extraction 336/1157 (29%) - Chunk 336 / 1157
[KG][d5d2b1c5-641] relation_extraction:relation_extraction 337/1157 (29%) - Chunk 337 / 1157
[KG][d5d2b1c5-641] relation_extraction:relation_extraction 335/1157 (29%) - Chunk 335 / 1157
[KG][d5d2b1c5-641] relation_extraction:relation_extraction 338/1157 (29%) - Chunk 338 / 1157
[KG][d5d2b1c5-641] relation_extraction:relation_extraction 339/1157 (29%) - Chunk 339 / 1157
[KG][d5d2b1c5-641] relation_extraction:relation_extraction 336/1157 (29%) - Chunk 336 / 1157
[KG][d5d2b1c5-641] relation_extraction:relation_extraction 337/1157 (29%) - Chunk 337 / 1157
[KG][d5d2b1c5-641] relation_extraction:relation_extraction 340/1157 (29%) - Chunk 340 / 1157
[KG][d5d2b1c5-641] relation_extraction:relation_extraction 338/1157 (29%) - Chunk 338 / 1157
[KG][d5d2b1c5-641] relation_extraction:relation_extraction 339/1157 (29%) - Chunk 339 / 1157
[KG][d5d2b1c5-641] relation_extraction:relation_extraction 341/1157 (29%) - Chunk 341 / 1157
[KG][d5d2b1c5-641] relation_extraction:relation_extraction 340/1157 (29%) - Chunk 340 / 1157
[KG][d5d2b1c5-641] relation_extraction:relation_extraction 342/1157 (30%) - Chunk 342 / 1157
[KG][d5d2b1c5-641] relation_extraction:relation_extraction 343/1157 (30%) - Chunk 343 / 1157
[KG][d5d2b1c5-641] relation_extraction:relation_extraction 344/1157 (30%) - Chunk 344 / 1157
[KG][d5d2b1c5-641] relation_extraction:relation_extraction 341/1157 (29%) - Chunk 341 / 1157
[KG][d5d2b1c5-641] relation_extraction:relation_extraction 345/1157 (30%) - Chunk 345 / 1157
[KG][d5d2b1c5-641] relation_extraction:relation_extraction 342/1157 (30%) - Chunk 342 / 1157
[KG][d5d2b1c5-641] relation_extraction:relation_extraction 343/1157 (30%) - Chunk 343 / 1157
[KG][d5d2b1c5-641] relation_extraction:relation_extraction 344/1157 (30%) - Chunk 344 / 1157
[KG][d5d2b1c5-641] relation_extraction:relation_extraction 346/1157 (30%) - Chunk 346 / 1157
[KG][d5d2b1c5-641] relation_extraction:relation_extraction 347/1157 (30%) - Chunk 347 / 1157
[KG][d5d2b1c5-641] relation_extraction:relation_extraction 345/1157 (30%) - Chunk 345 / 1157
[KG][d5d2b1c5-641] relation_extraction:relation_extraction 348/1157 (30%) - Chunk 348 / 1157
[KG][d5d2b1c5-641] relation_extraction:relation_extraction 346/1157 (30%) - Chunk 346 / 1157
[KG][d5d2b1c5-641] relation_extraction:relation_extraction 347/1157 (30%) - Chunk 347 / 1157
[KG][d5d2b1c5-641] relation_extraction:relation_extraction 349/1157 (30%) - Chunk 349 / 1157
[KG][d5d2b1c5-641] relation_extraction:relation_extraction 350/1157 (30%) - Chunk 350 / 1157
[KG][d5d2b1c5-641] relation_extraction:relation_extraction 348/1157 (30%) - Chunk 348 / 1157
[KG][d5d2b1c5-641] relation_extraction:relation_extraction 351/1157 (30%) - Chunk 351 / 1157
[KG][d5d2b1c5-641] relation_extraction:relation_extraction 352/1157 (30%) - Chunk 352 / 1157
[KG][d5d2b1c5-641] relation_extraction:relation_extraction 349/1157 (30%) - Chunk 349 / 1157
[KG][d5d2b1c5-641] relation_extraction:relation_extraction 353/1157 (31%) - Chunk 353 / 1157
[KG][d5d2b1c5-641] relation_extraction:relation_extraction 350/1157 (30%) - Chunk 350 / 1157
[KG][d5d2b1c5-641] relation_extraction:relation_extraction 354/1157 (31%) - Chunk 354 / 1157
[KG][d5d2b1c5-641] relation_extraction:relation_extraction 355/1157 (31%) - Chunk 355 / 1157
[KG][d5d2b1c5-641] relation_extraction:relation_extraction 356/1157 (31%) - Chunk 356 / 1157
[KG][d5d2b1c5-641] relation_extraction:relation_extraction 351/1157 (30%) - Chunk 351 / 1157
[KG][d5d2b1c5-641] relation_extraction:relation_extraction 352/1157 (30%) - Chunk 352 / 1157
[KG][d5d2b1c5-641] relation_extraction:relation_extraction 353/1157 (31%) - Chunk 353 / 1157
[KG][d5d2b1c5-641] relation_extraction:relation_extraction 354/1157 (31%) - Chunk 354 / 1157
[KG][d5d2b1c5-641] relation_extraction:relation_extraction 355/1157 (31%) - Chunk 355 / 1157
[KG][d5d2b1c5-641] relation_extraction:relation_extraction 356/1157 (31%) - Chunk 356 / 1157
[KG][d5d2b1c5-641] relation_extraction:relation_extraction 357/1157 (31%) - Chunk 357 / 1157
[KG][d5d2b1c5-641] relation_extraction:relation_extraction 357/1157 (31%) - Chunk 357 / 1157
[KG][d5d2b1c5-641] relation_extraction:relation_extraction 358/1157 (31%) - Chunk 358 / 1157
[KG][d5d2b1c5-641] relation_extraction:relation_extraction 358/1157 (31%) - Chunk 358 / 1157
[KG][d5d2b1c5-641] relation_extraction:relation_extraction 359/1157 (31%) - Chunk 359 / 1157
[KG][d5d2b1c5-641] relation_extraction:relation_extraction 359/1157 (31%) - Chunk 359 / 1157
[KG][d5d2b1c5-641] relation_extraction:relation_extraction 360/1157 (31%) - Chunk 360 / 1157
[KG][d5d2b1c5-641] relation_extraction:relation_extraction 360/1157 (31%) - Chunk 360 / 1157
[KG][d5d2b1c5-641] relation_extraction:relation_extraction 361/1157 (31%) - Chunk 361 / 1157
[KG][d5d2b1c5-641] relation_extraction:relation_extraction 361/1157 (31%) - Chunk 361 / 1157
[KG][d5d2b1c5-641] relation_extraction:relation_extraction 362/1157 (31%) - Chunk 362 / 1157
[KG][d5d2b1c5-641] relation_extraction:relation_extraction 362/1157 (31%) - Chunk 362 / 1157
[KG][d5d2b1c5-641] relation_extraction:relation_extraction 363/1157 (31%) - Chunk 363 / 1157
[KG][d5d2b1c5-641] relation_extraction:relation_extraction 363/1157 (31%) - Chunk 363 / 1157
[KG][d5d2b1c5-641] relation_extraction:relation_extraction 364/1157 (31%) - Chunk 364 / 1157
[KG][d5d2b1c5-641] relation_extraction:relation_extraction 365/1157 (32%) - Chunk 365 / 1157
[KG][d5d2b1c5-641] relation_extraction:relation_extraction 366/1157 (32%) - Chunk 366 / 1157
[KG][d5d2b1c5-641] relation_extraction:relation_extraction 364/1157 (31%) - Chunk 364 / 1157
[KG][d5d2b1c5-641] relation_extraction:relation_extraction 365/1157 (32%) - Chunk 365 / 1157
[KG][d5d2b1c5-641] relation_extraction:relation_extraction 366/1157 (32%) - Chunk 366 / 1157
[KG][d5d2b1c5-641] relation_extraction:relation_extraction 367/1157 (32%) - Chunk 367 / 1157
[KG][d5d2b1c5-641] relation_extraction:relation_extraction 368/1157 (32%) - Chunk 368 / 1157
[KG][d5d2b1c5-641] relation_extraction:relation_extraction 367/1157 (32%) - Chunk 367 / 1157
[KG][d5d2b1c5-641] relation_extraction:relation_extraction 369/1157 (32%) - Chunk 369 / 1157
[KG][d5d2b1c5-641] relation_extraction:relation_extraction 370/1157 (32%) - Chunk 370 / 1157
[KG][d5d2b1c5-641] relation_extraction:relation_extraction 371/1157 (32%) - Chunk 371 / 1157
[KG][d5d2b1c5-641] relation_extraction:relation_extraction 368/1157 (32%) - Chunk 368 / 1157
[KG][d5d2b1c5-641] relation_extraction:relation_extraction 372/1157 (32%) - Chunk 372 / 1157
[KG][d5d2b1c5-641] relation_extraction:relation_extraction 369/1157 (32%) - Chunk 369 / 1157
[KG][d5d2b1c5-641] relation_extraction:relation_extraction 370/1157 (32%) - Chunk 370 / 1157
[KG][d5d2b1c5-641] relation_extraction:relation_extraction 371/1157 (32%) - Chunk 371 / 1157
[KG][d5d2b1c5-641] relation_extraction:relation_extraction 373/1157 (32%) - Chunk 373 / 1157
[KG][d5d2b1c5-641] relation_extraction:relation_extraction 374/1157 (32%) - Chunk 374 / 1157
[KG][d5d2b1c5-641] relation_extraction:relation_extraction 375/1157 (32%) - Chunk 375 / 1157
[KG][d5d2b1c5-641] relation_extraction:relation_extraction 372/1157 (32%) - Chunk 372 / 1157
[KG][d5d2b1c5-641] relation_extraction:relation_extraction 373/1157 (32%) - Chunk 373 / 1157
[KG][d5d2b1c5-641] relation_extraction:relation_extraction 376/1157 (32%) - Chunk 376 / 1157
[KG][d5d2b1c5-641] relation_extraction:relation_extraction 377/1157 (33%) - Chunk 377 / 1157
[KG][d5d2b1c5-641] relation_extraction:relation_extraction 378/1157 (33%) - Chunk 378 / 1157
[KG][d5d2b1c5-641] relation_extraction:relation_extraction 374/1157 (32%) - Chunk 374 / 1157
[KG][d5d2b1c5-641] relation_extraction:relation_extraction 379/1157 (33%) - Chunk 379 / 1157
[KG][d5d2b1c5-641] relation_extraction:relation_extraction 375/1157 (32%) - Chunk 375 / 1157
[KG][d5d2b1c5-641] relation_extraction:relation_extraction 380/1157 (33%) - Chunk 380 / 1157
[KG][d5d2b1c5-641] relation_extraction:relation_extraction 381/1157 (33%) - Chunk 381 / 1157
[KG][d5d2b1c5-641] relation_extraction:relation_extraction 382/1157 (33%) - Chunk 382 / 1157
[KG][d5d2b1c5-641] relation_extraction:relation_extraction 383/1157 (33%) - Chunk 383 / 1157
[KG][d5d2b1c5-641] relation_extraction:relation_extraction 384/1157 (33%) - Chunk 384 / 1157
[KG][d5d2b1c5-641] relation_extraction:relation_extraction 376/1157 (32%) - Chunk 376 / 1157
[KG][d5d2b1c5-641] relation_extraction:relation_extraction 377/1157 (33%) - Chunk 377 / 1157
[KG][d5d2b1c5-641] relation_extraction:relation_extraction 378/1157 (33%) - Chunk 378 / 1157
[KG][d5d2b1c5-641] relation_extraction:relation_extraction 379/1157 (33%) - Chunk 379 / 1157
[KG][d5d2b1c5-641] relation_extraction:relation_extraction 380/1157 (33%) - Chunk 380 / 1157
[KG][d5d2b1c5-641] relation_extraction:relation_extraction 381/1157 (33%) - Chunk 381 / 1157
[KG][d5d2b1c5-641] relation_extraction:relation_extraction 385/1157 (33%) - Chunk 385 / 1157
[KG][d5d2b1c5-641] relation_extraction:relation_extraction 386/1157 (33%) - Chunk 386 / 1157
[KG][d5d2b1c5-641] relation_extraction:relation_extraction 382/1157 (33%) - Chunk 382 / 1157
[KG][d5d2b1c5-641] relation_extraction:relation_extraction 383/1157 (33%) - Chunk 383 / 1157
[KG][d5d2b1c5-641] relation_extraction:relation_extraction 384/1157 (33%) - Chunk 384 / 1157
[KG][d5d2b1c5-641] relation_extraction:relation_extraction 387/1157 (33%) - Chunk 387 / 1157
[KG][d5d2b1c5-641] relation_extraction:relation_extraction 385/1157 (33%) - Chunk 385 / 1157
[KG][d5d2b1c5-641] relation_extraction:relation_extraction 386/1157 (33%) - Chunk 386 / 1157
[KG][d5d2b1c5-641] relation_extraction:relation_extraction 387/1157 (33%) - Chunk 387 / 1157
[KG][d5d2b1c5-641] relation_extraction:relation_extraction 388/1157 (34%) - Chunk 388 / 1157
[KG][d5d2b1c5-641] relation_extraction:relation_extraction 388/1157 (34%) - Chunk 388 / 1157
[KG][d5d2b1c5-641] relation_extraction:relation_extraction 389/1157 (34%) - Chunk 389 / 1157
[KG][d5d2b1c5-641] relation_extraction:relation_extraction 390/1157 (34%) - Chunk 390 / 1157
[KG][d5d2b1c5-641] relation_extraction:relation_extraction 389/1157 (34%) - Chunk 389 / 1157
[KG][d5d2b1c5-641] relation_extraction:relation_extraction 391/1157 (34%) - Chunk 391 / 1157
[KG][d5d2b1c5-641] relation_extraction:relation_extraction 390/1157 (34%) - Chunk 390 / 1157
[KG][d5d2b1c5-641] relation_extraction:relation_extraction 392/1157 (34%) - Chunk 392 / 1157
[KG][d5d2b1c5-641] relation_extraction:relation_extraction 391/1157 (34%) - Chunk 391 / 1157
[KG][d5d2b1c5-641] relation_extraction:relation_extraction 392/1157 (34%) - Chunk 392 / 1157
[KG][d5d2b1c5-641] relation_extraction:relation_extraction 393/1157 (34%) - Chunk 393 / 1157
[KG][d5d2b1c5-641] relation_extraction:relation_extraction 394/1157 (34%) - Chunk 394 / 1157
[KG][d5d2b1c5-641] relation_extraction:relation_extraction 395/1157 (34%) - Chunk 395 / 1157
[KG][d5d2b1c5-641] relation_extraction:relation_extraction 393/1157 (34%) - Chunk 393 / 1157
[KG][d5d2b1c5-641] relation_extraction:relation_extraction 396/1157 (34%) - Chunk 396 / 1157
[KG][d5d2b1c5-641] relation_extraction:relation_extraction 394/1157 (34%) - Chunk 394 / 1157
[KG][d5d2b1c5-641] relation_extraction:relation_extraction 397/1157 (34%) - Chunk 397 / 1157
[KG][d5d2b1c5-641] relation_extraction:relation_extraction 398/1157 (34%) - Chunk 398 / 1157
[KG][d5d2b1c5-641] relation_extraction:relation_extraction 395/1157 (34%) - Chunk 395 / 1157
[KG][d5d2b1c5-641] relation_extraction:relation_extraction 399/1157 (34%) - Chunk 399 / 1157
[KG][d5d2b1c5-641] relation_extraction:relation_extraction 396/1157 (34%) - Chunk 396 / 1157
[KG][d5d2b1c5-641] relation_extraction:relation_extraction 397/1157 (34%) - Chunk 397 / 1157
[KG][d5d2b1c5-641] relation_extraction:relation_extraction 400/1157 (35%) - Chunk 400 / 1157
[KG][d5d2b1c5-641] relation_extraction:relation_extraction 398/1157 (34%) - Chunk 398 / 1157
[KG][d5d2b1c5-641] relation_extraction:relation_extraction 401/1157 (35%) - Chunk 401 / 1157
[KG][d5d2b1c5-641] relation_extraction:relation_extraction 402/1157 (35%) - Chunk 402 / 1157
[KG][d5d2b1c5-641] relation_extraction:relation_extraction 403/1157 (35%) - Chunk 403 / 1157
[KG][d5d2b1c5-641] relation_extraction:relation_extraction 399/1157 (34%) - Chunk 399 / 1157
[KG][d5d2b1c5-641] relation_extraction:relation_extraction 400/1157 (35%) - Chunk 400 / 1157
[KG][d5d2b1c5-641] relation_extraction:relation_extraction 404/1157 (35%) - Chunk 404 / 1157
[KG][d5d2b1c5-641] relation_extraction:relation_extraction 405/1157 (35%) - Chunk 405 / 1157
[KG][d5d2b1c5-641] relation_extraction:relation_extraction 406/1157 (35%) - Chunk 406 / 1157
[KG][d5d2b1c5-641] relation_extraction:relation_extraction 407/1157 (35%) - Chunk 407 / 1157
[KG][d5d2b1c5-641] relation_extraction:relation_extraction 408/1157 (35%) - Chunk 408 / 1157
[KG][d5d2b1c5-641] relation_extraction:relation_extraction 401/1157 (35%) - Chunk 401 / 1157
[KG][d5d2b1c5-641] relation_extraction:relation_extraction 402/1157 (35%) - Chunk 402 / 1157
[KG][d5d2b1c5-641] relation_extraction:relation_extraction 403/1157 (35%) - Chunk 403 / 1157
[KG][d5d2b1c5-641] relation_extraction:relation_extraction 404/1157 (35%) - Chunk 404 / 1157
[KG][d5d2b1c5-641] relation_extraction:relation_extraction 409/1157 (35%) - Chunk 409 / 1157
[KG][d5d2b1c5-641] relation_extraction:relation_extraction 405/1157 (35%) - Chunk 405 / 1157
[KG][d5d2b1c5-641] relation_extraction:relation_extraction 406/1157 (35%) - Chunk 406 / 1157
[KG][d5d2b1c5-641] relation_extraction:relation_extraction 407/1157 (35%) - Chunk 407 / 1157
[KG][d5d2b1c5-641] relation_extraction:relation_extraction 410/1157 (35%) - Chunk 410 / 1157
[KG][d5d2b1c5-641] relation_extraction:relation_extraction 411/1157 (36%) - Chunk 411 / 1157
[KG][d5d2b1c5-641] relation_extraction:relation_extraction 412/1157 (36%) - Chunk 412 / 1157
[KG][d5d2b1c5-641] relation_extraction:relation_extraction 413/1157 (36%) - Chunk 413 / 1157
[KG][d5d2b1c5-641] relation_extraction:relation_extraction 408/1157 (35%) - Chunk 408 / 1157
[KG][d5d2b1c5-641] relation_extraction:relation_extraction 409/1157 (35%) - Chunk 409 / 1157
[KG][d5d2b1c5-641] relation_extraction:relation_extraction 410/1157 (35%) - Chunk 410 / 1157
[KG][d5d2b1c5-641] relation_extraction:relation_extraction 411/1157 (36%) - Chunk 411 / 1157
[KG][d5d2b1c5-641] relation_extraction:relation_extraction 414/1157 (36%) - Chunk 414 / 1157
[KG][d5d2b1c5-641] relation_extraction:relation_extraction 415/1157 (36%) - Chunk 415 / 1157
[KG][d5d2b1c5-641] relation_extraction:relation_extraction 416/1157 (36%) - Chunk 416 / 1157
[KG][d5d2b1c5-641] relation_extraction:relation_extraction 417/1157 (36%) - Chunk 417 / 1157
[KG][d5d2b1c5-641] relation_extraction:relation_extraction 412/1157 (36%) - Chunk 412 / 1157
[KG][d5d2b1c5-641] relation_extraction:relation_extraction 418/1157 (36%) - Chunk 418 / 1157
[KG][d5d2b1c5-641] relation_extraction:relation_extraction 419/1157 (36%) - Chunk 419 / 1157
[KG][d5d2b1c5-641] relation_extraction:relation_extraction 420/1157 (36%) - Chunk 420 / 1157
[KG][d5d2b1c5-641] relation_extraction:relation_extraction 421/1157 (36%) - Chunk 421 / 1157
[KG][d5d2b1c5-641] relation_extraction:relation_extraction 413/1157 (36%) - Chunk 413 / 1157
[KG][d5d2b1c5-641] relation_extraction:relation_extraction 414/1157 (36%) - Chunk 414 / 1157
[KG][d5d2b1c5-641] relation_extraction:relation_extraction 415/1157 (36%) - Chunk 415 / 1157
[KG][d5d2b1c5-641] relation_extraction:relation_extraction 416/1157 (36%) - Chunk 416 / 1157
[KG][d5d2b1c5-641] relation_extraction:relation_extraction 422/1157 (36%) - Chunk 422 / 1157
[KG][d5d2b1c5-641] relation_extraction:relation_extraction 417/1157 (36%) - Chunk 417 / 1157
[KG][d5d2b1c5-641] relation_extraction:relation_extraction 418/1157 (36%) - Chunk 418 / 1157
[KG][d5d2b1c5-641] relation_extraction:relation_extraction 419/1157 (36%) - Chunk 419 / 1157
[KG][d5d2b1c5-641] relation_extraction:relation_extraction 420/1157 (36%) - Chunk 420 / 1157
[KG][d5d2b1c5-641] relation_extraction:relation_extraction 423/1157 (37%) - Chunk 423 / 1157
[KG][d5d2b1c5-641] relation_extraction:relation_extraction 421/1157 (36%) - Chunk 421 / 1157
[KG][d5d2b1c5-641] relation_extraction:relation_extraction 424/1157 (37%) - Chunk 424 / 1157
[KG][d5d2b1c5-641] relation_extraction:relation_extraction 422/1157 (36%) - Chunk 422 / 1157
[KG][d5d2b1c5-641] relation_extraction:relation_extraction 425/1157 (37%) - Chunk 425 / 1157
[KG][d5d2b1c5-641] relation_extraction:relation_extraction 426/1157 (37%) - Chunk 426 / 1157
[KG][d5d2b1c5-641] relation_extraction:relation_extraction 423/1157 (37%) - Chunk 423 / 1157
[KG][d5d2b1c5-641] relation_extraction:relation_extraction 427/1157 (37%) - Chunk 427 / 1157
[KG][d5d2b1c5-641] relation_extraction:relation_extraction 424/1157 (37%) - Chunk 424 / 1157
[KG][d5d2b1c5-641] relation_extraction:relation_extraction 425/1157 (37%) - Chunk 425 / 1157
[KG][d5d2b1c5-641] relation_extraction:relation_extraction 428/1157 (37%) - Chunk 428 / 1157
[KG][d5d2b1c5-641] relation_extraction:relation_extraction 429/1157 (37%) - Chunk 429 / 1157
[KG][d5d2b1c5-641] relation_extraction:relation_extraction 430/1157 (37%) - Chunk 430 / 1157
[KG][d5d2b1c5-641] relation_extraction:relation_extraction 426/1157 (37%) - Chunk 426 / 1157
[KG][d5d2b1c5-641] relation_extraction:relation_extraction 427/1157 (37%) - Chunk 427 / 1157
[KG][d5d2b1c5-641] relation_extraction:relation_extraction 431/1157 (37%) - Chunk 431 / 1157
[KG][d5d2b1c5-641] relation_extraction:relation_extraction 428/1157 (37%) - Chunk 428 / 1157
[KG][d5d2b1c5-641] relation_extraction:relation_extraction 429/1157 (37%) - Chunk 429 / 1157
[KG][d5d2b1c5-641] relation_extraction:relation_extraction 432/1157 (37%) - Chunk 432 / 1157
[KG][d5d2b1c5-641] relation_extraction:relation_extraction 433/1157 (37%) - Chunk 433 / 1157
[KG][d5d2b1c5-641] relation_extraction:relation_extraction 430/1157 (37%) - Chunk 430 / 1157
[KG][d5d2b1c5-641] relation_extraction:relation_extraction 434/1157 (38%) - Chunk 434 / 1157
[KG][d5d2b1c5-641] relation_extraction:relation_extraction 431/1157 (37%) - Chunk 431 / 1157
[KG][d5d2b1c5-641] relation_extraction:relation_extraction 432/1157 (37%) - Chunk 432 / 1157
[KG][d5d2b1c5-641] relation_extraction:relation_extraction 433/1157 (37%) - Chunk 433 / 1157
[KG][d5d2b1c5-641] relation_extraction:relation_extraction 434/1157 (38%) - Chunk 434 / 1157
[KG][d5d2b1c5-641] relation_extraction:relation_extraction 435/1157 (38%) - Chunk 435 / 1157
[KG][d5d2b1c5-641] relation_extraction:relation_extraction 436/1157 (38%) - Chunk 436 / 1157
[KG][d5d2b1c5-641] relation_extraction:relation_extraction 435/1157 (38%) - Chunk 435 / 1157
[KG][d5d2b1c5-641] relation_extraction:relation_extraction 436/1157 (38%) - Chunk 436 / 1157
[KG][d5d2b1c5-641] relation_extraction:relation_extraction 437/1157 (38%) - Chunk 437 / 1157
[KG][d5d2b1c5-641] relation_extraction:relation_extraction 437/1157 (38%) - Chunk 437 / 1157
[KG][d5d2b1c5-641] relation_extraction:relation_extraction 438/1157 (38%) - Chunk 438 / 1157
[KG][d5d2b1c5-641] relation_extraction:relation_extraction 439/1157 (38%) - Chunk 439 / 1157
[KG][d5d2b1c5-641] relation_extraction:relation_extraction 438/1157 (38%) - Chunk 438 / 1157
[KG][d5d2b1c5-641] relation_extraction:relation_extraction 440/1157 (38%) - Chunk 440 / 1157
[KG][d5d2b1c5-641] relation_extraction:relation_extraction 441/1157 (38%) - Chunk 441 / 1157
[KG][d5d2b1c5-641] relation_extraction:relation_extraction 439/1157 (38%) - Chunk 439 / 1157
[KG][d5d2b1c5-641] relation_extraction:relation_extraction 440/1157 (38%) - Chunk 440 / 1157
[KG][d5d2b1c5-641] relation_extraction:relation_extraction 442/1157 (38%) - Chunk 442 / 1157
[KG][d5d2b1c5-641] relation_extraction:relation_extraction 443/1157 (38%) - Chunk 443 / 1157
[KG][d5d2b1c5-641] relation_extraction:relation_extraction 441/1157 (38%) - Chunk 441 / 1157
[KG][d5d2b1c5-641] relation_extraction:relation_extraction 442/1157 (38%) - Chunk 442 / 1157
[KG][d5d2b1c5-641] relation_extraction:relation_extraction 443/1157 (38%) - Chunk 443 / 1157
[KG][d5d2b1c5-641] relation_extraction:relation_extraction 444/1157 (38%) - Chunk 444 / 1157
[KG][d5d2b1c5-641] relation_extraction:relation_extraction 445/1157 (38%) - Chunk 445 / 1157
[KG][d5d2b1c5-641] relation_extraction:relation_extraction 444/1157 (38%) - Chunk 444 / 1157
[KG][d5d2b1c5-641] relation_extraction:relation_extraction 446/1157 (39%) - Chunk 446 / 1157
[KG][d5d2b1c5-641] relation_extraction:relation_extraction 445/1157 (38%) - Chunk 445 / 1157
[KG][d5d2b1c5-641] relation_extraction:relation_extraction 447/1157 (39%) - Chunk 447 / 1157
[KG][d5d2b1c5-641] relation_extraction:relation_extraction 448/1157 (39%) - Chunk 448 / 1157
[KG][d5d2b1c5-641] relation_extraction:relation_extraction 449/1157 (39%) - Chunk 449 / 1157
[KG][d5d2b1c5-641] relation_extraction:relation_extraction 446/1157 (39%) - Chunk 446 / 1157
[KG][d5d2b1c5-641] relation_extraction:relation_extraction 450/1157 (39%) - Chunk 450 / 1157
[KG][d5d2b1c5-641] relation_extraction:relation_extraction 447/1157 (39%) - Chunk 447 / 1157
[KG][d5d2b1c5-641] relation_extraction:relation_extraction 451/1157 (39%) - Chunk 451 / 1157
[KG][d5d2b1c5-641] relation_extraction:relation_extraction 448/1157 (39%) - Chunk 448 / 1157
[KG][d5d2b1c5-641] relation_extraction:relation_extraction 449/1157 (39%) - Chunk 449 / 1157
[KG][d5d2b1c5-641] relation_extraction:relation_extraction 452/1157 (39%) - Chunk 452 / 1157
[KG][d5d2b1c5-641] relation_extraction:relation_extraction 453/1157 (39%) - Chunk 453 / 1157
[KG][d5d2b1c5-641] relation_extraction:relation_extraction 454/1157 (39%) - Chunk 454 / 1157
[KG][d5d2b1c5-641] relation_extraction:relation_extraction 450/1157 (39%) - Chunk 450 / 1157
[KG][d5d2b1c5-641] relation_extraction:relation_extraction 455/1157 (39%) - Chunk 455 / 1157
[KG][d5d2b1c5-641] relation_extraction:relation_extraction 451/1157 (39%) - Chunk 451 / 1157
[KG][d5d2b1c5-641] relation_extraction:relation_extraction 452/1157 (39%) - Chunk 452 / 1157
[KG][d5d2b1c5-641] relation_extraction:relation_extraction 453/1157 (39%) - Chunk 453 / 1157
[KG][d5d2b1c5-641] relation_extraction:relation_extraction 454/1157 (39%) - Chunk 454 / 1157
[KG][d5d2b1c5-641] relation_extraction:relation_extraction 456/1157 (39%) - Chunk 456 / 1157
[KG][d5d2b1c5-641] relation_extraction:relation_extraction 457/1157 (39%) - Chunk 457 / 1157
[KG][d5d2b1c5-641] relation_extraction:relation_extraction 455/1157 (39%) - Chunk 455 / 1157
[KG][d5d2b1c5-641] relation_extraction:relation_extraction 458/1157 (40%) - Chunk 458 / 1157
[KG][d5d2b1c5-641] relation_extraction:relation_extraction 456/1157 (39%) - Chunk 456 / 1157
[KG][d5d2b1c5-641] relation_extraction:relation_extraction 457/1157 (39%) - Chunk 457 / 1157
[KG][d5d2b1c5-641] relation_extraction:relation_extraction 459/1157 (40%) - Chunk 459 / 1157
[KG][d5d2b1c5-641] relation_extraction:relation_extraction 460/1157 (40%) - Chunk 460 / 1157
[KG][d5d2b1c5-641] relation_extraction:relation_extraction 461/1157 (40%) - Chunk 461 / 1157
[KG][d5d2b1c5-641] relation_extraction:relation_extraction 458/1157 (40%) - Chunk 458 / 1157
[KG][d5d2b1c5-641] relation_extraction:relation_extraction 462/1157 (40%) - Chunk 462 / 1157
[KG][d5d2b1c5-641] relation_extraction:relation_extraction 459/1157 (40%) - Chunk 459 / 1157
[KG][d5d2b1c5-641] relation_extraction:relation_extraction 460/1157 (40%) - Chunk 460 / 1157
[KG][d5d2b1c5-641] relation_extraction:relation_extraction 461/1157 (40%) - Chunk 461 / 1157
[KG][d5d2b1c5-641] relation_extraction:relation_extraction 462/1157 (40%) - Chunk 462 / 1157
[KG][d5d2b1c5-641] relation_extraction:relation_extraction 463/1157 (40%) - Chunk 463 / 1157
[KG][d5d2b1c5-641] relation_extraction:relation_extraction 463/1157 (40%) - Chunk 463 / 1157
[KG][d5d2b1c5-641] relation_extraction:relation_extraction 464/1157 (40%) - Chunk 464 / 1157
[KG][d5d2b1c5-641] relation_extraction:relation_extraction 464/1157 (40%) - Chunk 464 / 1157
[KG][d5d2b1c5-641] relation_extraction:relation_extraction 465/1157 (40%) - Chunk 465 / 1157
[KG][d5d2b1c5-641] relation_extraction:relation_extraction 465/1157 (40%) - Chunk 465 / 1157
[KG][d5d2b1c5-641] relation_extraction:relation_extraction 466/1157 (40%) - Chunk 466 / 1157
[KG][d5d2b1c5-641] relation_extraction:relation_extraction 466/1157 (40%) - Chunk 466 / 1157
[KG][d5d2b1c5-641] relation_extraction:relation_extraction 467/1157 (40%) - Chunk 467 / 1157
[KG][d5d2b1c5-641] relation_extraction:relation_extraction 467/1157 (40%) - Chunk 467 / 1157
[KG][d5d2b1c5-641] relation_extraction:relation_extraction 468/1157 (40%) - Chunk 468 / 1157
[KG][d5d2b1c5-641] relation_extraction:relation_extraction 469/1157 (41%) - Chunk 469 / 1157
[KG][d5d2b1c5-641] relation_extraction:relation_extraction 468/1157 (40%) - Chunk 468 / 1157
[KG][d5d2b1c5-641] relation_extraction:relation_extraction 470/1157 (41%) - Chunk 470 / 1157
[KG][d5d2b1c5-641] relation_extraction:relation_extraction 469/1157 (41%) - Chunk 469 / 1157
[KG][d5d2b1c5-641] relation_extraction:relation_extraction 470/1157 (41%) - Chunk 470 / 1157
[KG][d5d2b1c5-641] relation_extraction:relation_extraction 471/1157 (41%) - Chunk 471 / 1157
[KG][d5d2b1c5-641] relation_extraction:relation_extraction 472/1157 (41%) - Chunk 472 / 1157
[KG][d5d2b1c5-641] relation_extraction:relation_extraction 473/1157 (41%) - Chunk 473 / 1157
[KG][d5d2b1c5-641] relation_extraction:relation_extraction 474/1157 (41%) - Chunk 474 / 1157
[KG][d5d2b1c5-641] relation_extraction:relation_extraction 471/1157 (41%) - Chunk 471 / 1157
[KG][d5d2b1c5-641] relation_extraction:relation_extraction 472/1157 (41%) - Chunk 472 / 1157
[KG][d5d2b1c5-641] relation_extraction:relation_extraction 475/1157 (41%) - Chunk 475 / 1157
[KG][d5d2b1c5-641] relation_extraction:relation_extraction 473/1157 (41%) - Chunk 473 / 1157
[KG][d5d2b1c5-641] relation_extraction:relation_extraction 476/1157 (41%) - Chunk 476 / 1157
[KG][d5d2b1c5-641] relation_extraction:relation_extraction 477/1157 (41%) - Chunk 477 / 1157
[KG][d5d2b1c5-641] relation_extraction:relation_extraction 478/1157 (41%) - Chunk 478 / 1157
[KG][d5d2b1c5-641] relation_extraction:relation_extraction 479/1157 (41%) - Chunk 479 / 1157
[KG][d5d2b1c5-641] relation_extraction:relation_extraction 480/1157 (41%) - Chunk 480 / 1157
[KG][d5d2b1c5-641] relation_extraction:relation_extraction 481/1157 (42%) - Chunk 481 / 1157
[KG][d5d2b1c5-641] relation_extraction:relation_extraction 474/1157 (41%) - Chunk 474 / 1157
[KG][d5d2b1c5-641] relation_extraction:relation_extraction 475/1157 (41%) - Chunk 475 / 1157
[KG][d5d2b1c5-641] relation_extraction:relation_extraction 476/1157 (41%) - Chunk 476 / 1157
[KG][d5d2b1c5-641] relation_extraction:relation_extraction 477/1157 (41%) - Chunk 477 / 1157
[KG][d5d2b1c5-641] relation_extraction:relation_extraction 482/1157 (42%) - Chunk 482 / 1157
[KG][d5d2b1c5-641] relation_extraction:relation_extraction 483/1157 (42%) - Chunk 483 / 1157
[KG][d5d2b1c5-641] relation_extraction:relation_extraction 484/1157 (42%) - Chunk 484 / 1157
[KG][d5d2b1c5-641] relation_extraction:relation_extraction 485/1157 (42%) - Chunk 485 / 1157
[KG][d5d2b1c5-641] relation_extraction:relation_extraction 478/1157 (41%) - Chunk 478 / 1157
[KG][d5d2b1c5-641] relation_extraction:relation_extraction 479/1157 (41%) - Chunk 479 / 1157
[KG][d5d2b1c5-641] relation_extraction:relation_extraction 480/1157 (41%) - Chunk 480 / 1157
[KG][d5d2b1c5-641] relation_extraction:relation_extraction 481/1157 (42%) - Chunk 481 / 1157
[KG][d5d2b1c5-641] relation_extraction:relation_extraction 486/1157 (42%) - Chunk 486 / 1157
[KG][d5d2b1c5-641] relation_extraction:relation_extraction 487/1157 (42%) - Chunk 487 / 1157
[KG][d5d2b1c5-641] relation_extraction:relation_extraction 488/1157 (42%) - Chunk 488 / 1157
[KG][d5d2b1c5-641] relation_extraction:relation_extraction 489/1157 (42%) - Chunk 489 / 1157
[KG][d5d2b1c5-641] relation_extraction:relation_extraction 490/1157 (42%) - Chunk 490 / 1157
[KG][d5d2b1c5-641] relation_extraction:relation_extraction 482/1157 (42%) - Chunk 482 / 1157
[KG][d5d2b1c5-641] relation_extraction:relation_extraction 483/1157 (42%) - Chunk 483 / 1157
[KG][d5d2b1c5-641] relation_extraction:relation_extraction 484/1157 (42%) - Chunk 484 / 1157
[KG][d5d2b1c5-641] relation_extraction:relation_extraction 485/1157 (42%) - Chunk 485 / 1157
[KG][d5d2b1c5-641] relation_extraction:relation_extraction 486/1157 (42%) - Chunk 486 / 1157
[KG][d5d2b1c5-641] relation_extraction:relation_extraction 487/1157 (42%) - Chunk 487 / 1157
[KG][d5d2b1c5-641] relation_extraction:relation_extraction 488/1157 (42%) - Chunk 488 / 1157
[KG][d5d2b1c5-641] relation_extraction:relation_extraction 491/1157 (42%) - Chunk 491 / 1157
[KG][d5d2b1c5-641] relation_extraction:relation_extraction 492/1157 (43%) - Chunk 492 / 1157
[KG][d5d2b1c5-641] relation_extraction:relation_extraction 489/1157 (42%) - Chunk 489 / 1157
[KG][d5d2b1c5-641] relation_extraction:relation_extraction 490/1157 (42%) - Chunk 490 / 1157
[KG][d5d2b1c5-641] relation_extraction:relation_extraction 491/1157 (42%) - Chunk 491 / 1157
[KG][d5d2b1c5-641] relation_extraction:relation_extraction 493/1157 (43%) - Chunk 493 / 1157
[KG][d5d2b1c5-641] relation_extraction:relation_extraction 492/1157 (43%) - Chunk 492 / 1157
[KG][d5d2b1c5-641] relation_extraction:relation_extraction 493/1157 (43%) - Chunk 493 / 1157
[KG][d5d2b1c5-641] relation_extraction:relation_extraction 494/1157 (43%) - Chunk 494 / 1157
[KG][d5d2b1c5-641] relation_extraction:relation_extraction 495/1157 (43%) - Chunk 495 / 1157
[KG][d5d2b1c5-641] relation_extraction:relation_extraction 494/1157 (43%) - Chunk 494 / 1157
[KG][d5d2b1c5-641] relation_extraction:relation_extraction 495/1157 (43%) - Chunk 495 / 1157
[KG][d5d2b1c5-641] relation_extraction:relation_extraction 496/1157 (43%) - Chunk 496 / 1157
[KG][d5d2b1c5-641] relation_extraction:relation_extraction 497/1157 (43%) - Chunk 497 / 1157
[KG][d5d2b1c5-641] relation_extraction:relation_extraction 496/1157 (43%) - Chunk 496 / 1157
[KG][d5d2b1c5-641] relation_extraction:relation_extraction 497/1157 (43%) - Chunk 497 / 1157
[KG][d5d2b1c5-641] relation_extraction:relation_extraction 498/1157 (43%) - Chunk 498 / 1157
[KG][d5d2b1c5-641] relation_extraction:relation_extraction 499/1157 (43%) - Chunk 499 / 1157
[KG][d5d2b1c5-641] relation_extraction:relation_extraction 498/1157 (43%) - Chunk 498 / 1157
[KG][d5d2b1c5-641] relation_extraction:relation_extraction 499/1157 (43%) - Chunk 499 / 1157
[KG][d5d2b1c5-641] relation_extraction:relation_extraction 500/1157 (43%) - Chunk 500 / 1157
[KG][d5d2b1c5-641] relation_extraction:relation_extraction 501/1157 (43%) - Chunk 501 / 1157
[KG][d5d2b1c5-641] relation_extraction:relation_extraction 502/1157 (43%) - Chunk 502 / 1157
[KG][d5d2b1c5-641] relation_extraction:relation_extraction 500/1157 (43%) - Chunk 500 / 1157
[KG][d5d2b1c5-641] relation_extraction:relation_extraction 501/1157 (43%) - Chunk 501 / 1157
[KG][d5d2b1c5-641] relation_extraction:relation_extraction 503/1157 (43%) - Chunk 503 / 1157
[KG][d5d2b1c5-641] relation_extraction:relation_extraction 504/1157 (44%) - Chunk 504 / 1157
[KG][d5d2b1c5-641] relation_extraction:relation_extraction 502/1157 (43%) - Chunk 502 / 1157
[KG][d5d2b1c5-641] relation_extraction:relation_extraction 505/1157 (44%) - Chunk 505 / 1157
[KG][d5d2b1c5-641] relation_extraction:relation_extraction 503/1157 (43%) - Chunk 503 / 1157
[KG][d5d2b1c5-641] relation_extraction:relation_extraction 506/1157 (44%) - Chunk 506 / 1157
[KG][d5d2b1c5-641] relation_extraction:relation_extraction 507/1157 (44%) - Chunk 507 / 1157
[KG][d5d2b1c5-641] relation_extraction:relation_extraction 508/1157 (44%) - Chunk 508 / 1157
[KG][d5d2b1c5-641] relation_extraction:relation_extraction 504/1157 (44%) - Chunk 504 / 1157
[KG][d5d2b1c5-641] relation_extraction:relation_extraction 505/1157 (44%) - Chunk 505 / 1157
[KG][d5d2b1c5-641] relation_extraction:relation_extraction 506/1157 (44%) - Chunk 506 / 1157
[KG][d5d2b1c5-641] relation_extraction:relation_extraction 507/1157 (44%) - Chunk 507 / 1157
[KG][d5d2b1c5-641] relation_extraction:relation_extraction 509/1157 (44%) - Chunk 509 / 1157
[KG][d5d2b1c5-641] relation_extraction:relation_extraction 510/1157 (44%) - Chunk 510 / 1157
[KG][d5d2b1c5-641] relation_extraction:relation_extraction 511/1157 (44%) - Chunk 511 / 1157
[KG][d5d2b1c5-641] relation_extraction:relation_extraction 512/1157 (44%) - Chunk 512 / 1157
[KG][d5d2b1c5-641] relation_extraction:relation_extraction 513/1157 (44%) - Chunk 513 / 1157
[KG][d5d2b1c5-641] relation_extraction:relation_extraction 514/1157 (44%) - Chunk 514 / 1157
[KG][d5d2b1c5-641] relation_extraction:relation_extraction 515/1157 (45%) - Chunk 515 / 1157
[KG][d5d2b1c5-641] relation_extraction:relation_extraction 508/1157 (44%) - Chunk 508 / 1157
[KG][d5d2b1c5-641] relation_extraction:relation_extraction 509/1157 (44%) - Chunk 509 / 1157
[KG][d5d2b1c5-641] relation_extraction:relation_extraction 510/1157 (44%) - Chunk 510 / 1157
[KG][d5d2b1c5-641] relation_extraction:relation_extraction 511/1157 (44%) - Chunk 511 / 1157
[KG][d5d2b1c5-641] relation_extraction:relation_extraction 512/1157 (44%) - Chunk 512 / 1157
[KG][d5d2b1c5-641] relation_extraction:relation_extraction 513/1157 (44%) - Chunk 513 / 1157
[KG][d5d2b1c5-641] relation_extraction:relation_extraction 514/1157 (44%) - Chunk 514 / 1157
[KG][d5d2b1c5-641] relation_extraction:relation_extraction 516/1157 (45%) - Chunk 516 / 1157
[KG][d5d2b1c5-641] relation_extraction:relation_extraction 517/1157 (45%) - Chunk 517 / 1157
[KG][d5d2b1c5-641] relation_extraction:relation_extraction 518/1157 (45%) - Chunk 518 / 1157
[KG][d5d2b1c5-641] relation_extraction:relation_extraction 515/1157 (45%) - Chunk 515 / 1157
[KG][d5d2b1c5-641] relation_extraction:relation_extraction 516/1157 (45%) - Chunk 516 / 1157
[KG][d5d2b1c5-641] relation_extraction:relation_extraction 519/1157 (45%) - Chunk 519 / 1157
[KG][d5d2b1c5-641] relation_extraction:relation_extraction 520/1157 (45%) - Chunk 520 / 1157
[KG][d5d2b1c5-641] relation_extraction:relation_extraction 521/1157 (45%) - Chunk 521 / 1157
[KG][d5d2b1c5-641] relation_extraction:relation_extraction 517/1157 (45%) - Chunk 517 / 1157
[KG][d5d2b1c5-641] relation_extraction:relation_extraction 518/1157 (45%) - Chunk 518 / 1157
[KG][d5d2b1c5-641] relation_extraction:relation_extraction 519/1157 (45%) - Chunk 519 / 1157
[KG][d5d2b1c5-641] relation_extraction:relation_extraction 522/1157 (45%) - Chunk 522 / 1157
[KG][d5d2b1c5-641] relation_extraction:relation_extraction 520/1157 (45%) - Chunk 520 / 1157
[KG][d5d2b1c5-641] relation_extraction:relation_extraction 521/1157 (45%) - Chunk 521 / 1157
[KG][d5d2b1c5-641] relation_extraction:relation_extraction 523/1157 (45%) - Chunk 523 / 1157
[KG][d5d2b1c5-641] relation_extraction:relation_extraction 524/1157 (45%) - Chunk 524 / 1157
[KG][d5d2b1c5-641] relation_extraction:relation_extraction 522/1157 (45%) - Chunk 522 / 1157
[KG][d5d2b1c5-641] relation_extraction:relation_extraction 523/1157 (45%) - Chunk 523 / 1157
[KG][d5d2b1c5-641] relation_extraction:relation_extraction 524/1157 (45%) - Chunk 524 / 1157
[KG][d5d2b1c5-641] relation_extraction:relation_extraction 525/1157 (45%) - Chunk 525 / 1157
[KG][d5d2b1c5-641] relation_extraction:relation_extraction 526/1157 (45%) - Chunk 526 / 1157
[KG][d5d2b1c5-641] relation_extraction:relation_extraction 525/1157 (45%) - Chunk 525 / 1157
[KG][d5d2b1c5-641] relation_extraction:relation_extraction 526/1157 (45%) - Chunk 526 / 1157
[KG][d5d2b1c5-641] relation_extraction:relation_extraction 527/1157 (46%) - Chunk 527 / 1157
[KG][d5d2b1c5-641] relation_extraction:relation_extraction 527/1157 (46%) - Chunk 527 / 1157
[KG][d5d2b1c5-641] relation_extraction:relation_extraction 528/1157 (46%) - Chunk 528 / 1157
[KG][d5d2b1c5-641] relation_extraction:relation_extraction 528/1157 (46%) - Chunk 528 / 1157
[KG][d5d2b1c5-641] relation_extraction:relation_extraction 529/1157 (46%) - Chunk 529 / 1157
[KG][d5d2b1c5-641] relation_extraction:relation_extraction 529/1157 (46%) - Chunk 529 / 1157
[KG][d5d2b1c5-641] relation_extraction:relation_extraction 530/1157 (46%) - Chunk 530 / 1157
[KG][d5d2b1c5-641] relation_extraction:relation_extraction 531/1157 (46%) - Chunk 531 / 1157
[KG][d5d2b1c5-641] relation_extraction:relation_extraction 530/1157 (46%) - Chunk 530 / 1157
[KG][d5d2b1c5-641] relation_extraction:relation_extraction 531/1157 (46%) - Chunk 531 / 1157
[KG][d5d2b1c5-641] relation_extraction:relation_extraction 532/1157 (46%) - Chunk 532 / 1157
[KG][d5d2b1c5-641] relation_extraction:relation_extraction 533/1157 (46%) - Chunk 533 / 1157
[KG][d5d2b1c5-641] relation_extraction:relation_extraction 532/1157 (46%) - Chunk 532 / 1157
[KG][d5d2b1c5-641] relation_extraction:relation_extraction 533/1157 (46%) - Chunk 533 / 1157
[KG][d5d2b1c5-641] relation_extraction:relation_extraction 534/1157 (46%) - Chunk 534 / 1157
[KG][d5d2b1c5-641] relation_extraction:relation_extraction 534/1157 (46%) - Chunk 534 / 1157
[KG][d5d2b1c5-641] relation_extraction:relation_extraction 535/1157 (46%) - Chunk 535 / 1157
[KG][d5d2b1c5-641] relation_extraction:relation_extraction 536/1157 (46%) - Chunk 536 / 1157
[KG][d5d2b1c5-641] relation_extraction:relation_extraction 537/1157 (46%) - Chunk 537 / 1157
[KG][d5d2b1c5-641] relation_extraction:relation_extraction 535/1157 (46%) - Chunk 535 / 1157
[KG][d5d2b1c5-641] relation_extraction:relation_extraction 536/1157 (46%) - Chunk 536 / 1157
[KG][d5d2b1c5-641] relation_extraction:relation_extraction 537/1157 (46%) - Chunk 537 / 1157
[KG][d5d2b1c5-641] relation_extraction:relation_extraction 538/1157 (46%) - Chunk 538 / 1157
[KG][d5d2b1c5-641] relation_extraction:relation_extraction 539/1157 (47%) - Chunk 539 / 1157
[KG][d5d2b1c5-641] relation_extraction:relation_extraction 538/1157 (46%) - Chunk 538 / 1157
[KG][d5d2b1c5-641] relation_extraction:relation_extraction 539/1157 (47%) - Chunk 539 / 1157
[KG][d5d2b1c5-641] relation_extraction:relation_extraction 540/1157 (47%) - Chunk 540 / 1157
[KG][d5d2b1c5-641] relation_extraction:relation_extraction 541/1157 (47%) - Chunk 541 / 1157
[KG][d5d2b1c5-641] relation_extraction:relation_extraction 542/1157 (47%) - Chunk 542 / 1157
[KG][d5d2b1c5-641] relation_extraction:relation_extraction 540/1157 (47%) - Chunk 540 / 1157
[KG][d5d2b1c5-641] relation_extraction:relation_extraction 541/1157 (47%) - Chunk 541 / 1157
[KG][d5d2b1c5-641] relation_extraction:relation_extraction 542/1157 (47%) - Chunk 542 / 1157
[KG][d5d2b1c5-641] relation_extraction:relation_extraction 543/1157 (47%) - Chunk 543 / 1157
[KG][d5d2b1c5-641] relation_extraction:relation_extraction 543/1157 (47%) - Chunk 543 / 1157
[KG][d5d2b1c5-641] relation_extraction:relation_extraction 544/1157 (47%) - Chunk 544 / 1157
[KG][d5d2b1c5-641] relation_extraction:relation_extraction 545/1157 (47%) - Chunk 545 / 1157
[KG][d5d2b1c5-641] relation_extraction:relation_extraction 546/1157 (47%) - Chunk 546 / 1157
[KG][d5d2b1c5-641] relation_extraction:relation_extraction 547/1157 (47%) - Chunk 547 / 1157
[KG][d5d2b1c5-641] relation_extraction:relation_extraction 544/1157 (47%) - Chunk 544 / 1157
[KG][d5d2b1c5-641] relation_extraction:relation_extraction 545/1157 (47%) - Chunk 545 / 1157
[KG][d5d2b1c5-641] relation_extraction:relation_extraction 548/1157 (47%) - Chunk 548 / 1157
[KG][d5d2b1c5-641] relation_extraction:relation_extraction 549/1157 (47%) - Chunk 549 / 1157
[KG][d5d2b1c5-641] relation_extraction:relation_extraction 550/1157 (48%) - Chunk 550 / 1157
[KG][d5d2b1c5-641] relation_extraction:relation_extraction 546/1157 (47%) - Chunk 546 / 1157
[KG][d5d2b1c5-641] relation_extraction:relation_extraction 547/1157 (47%) - Chunk 547 / 1157
[KG][d5d2b1c5-641] relation_extraction:relation_extraction 548/1157 (47%) - Chunk 548 / 1157
[KG][d5d2b1c5-641] relation_extraction:relation_extraction 551/1157 (48%) - Chunk 551 / 1157
[KG][d5d2b1c5-641] relation_extraction:relation_extraction 549/1157 (47%) - Chunk 549 / 1157
[KG][d5d2b1c5-641] relation_extraction:relation_extraction 550/1157 (48%) - Chunk 550 / 1157
[KG][d5d2b1c5-641] relation_extraction:relation_extraction 552/1157 (48%) - Chunk 552 / 1157
[KG][d5d2b1c5-641] relation_extraction:relation_extraction 551/1157 (48%) - Chunk 551 / 1157
[KG][d5d2b1c5-641] relation_extraction:relation_extraction 553/1157 (48%) - Chunk 553 / 1157
[KG][d5d2b1c5-641] relation_extraction:relation_extraction 554/1157 (48%) - Chunk 554 / 1157
[KG][d5d2b1c5-641] relation_extraction:relation_extraction 552/1157 (48%) - Chunk 552 / 1157
[KG][d5d2b1c5-641] relation_extraction:relation_extraction 555/1157 (48%) - Chunk 555 / 1157
[KG][d5d2b1c5-641] relation_extraction:relation_extraction 553/1157 (48%) - Chunk 553 / 1157
[KG][d5d2b1c5-641] relation_extraction:relation_extraction 554/1157 (48%) - Chunk 554 / 1157
[KG][d5d2b1c5-641] relation_extraction:relation_extraction 555/1157 (48%) - Chunk 555 / 1157
[KG][d5d2b1c5-641] relation_extraction:relation_extraction 556/1157 (48%) - Chunk 556 / 1157
[KG][d5d2b1c5-641] relation_extraction:relation_extraction 557/1157 (48%) - Chunk 557 / 1157
[KG][d5d2b1c5-641] relation_extraction:relation_extraction 558/1157 (48%) - Chunk 558 / 1157
[KG][d5d2b1c5-641] relation_extraction:relation_extraction 559/1157 (48%) - Chunk 559 / 1157
[KG][d5d2b1c5-641] relation_extraction:relation_extraction 560/1157 (48%) - Chunk 560 / 1157
[KG][d5d2b1c5-641] relation_extraction:relation_extraction 561/1157 (48%) - Chunk 561 / 1157
[KG][d5d2b1c5-641] relation_extraction:relation_extraction 562/1157 (49%) - Chunk 562 / 1157
[KG][d5d2b1c5-641] relation_extraction:relation_extraction 563/1157 (49%) - Chunk 563 / 1157
[KG][d5d2b1c5-641] relation_extraction:relation_extraction 564/1157 (49%) - Chunk 564 / 1157
[KG][d5d2b1c5-641] relation_extraction:relation_extraction 565/1157 (49%) - Chunk 565 / 1157
[KG][d5d2b1c5-641] relation_extraction:relation_extraction 566/1157 (49%) - Chunk 566 / 1157
[KG][d5d2b1c5-641] relation_extraction:relation_extraction 556/1157 (48%) - Chunk 556 / 1157
[KG][d5d2b1c5-641] relation_extraction:relation_extraction 557/1157 (48%) - Chunk 557 / 1157
[KG][d5d2b1c5-641] relation_extraction:relation_extraction 558/1157 (48%) - Chunk 558 / 1157
[KG][d5d2b1c5-641] relation_extraction:relation_extraction 559/1157 (48%) - Chunk 559 / 1157
[KG][d5d2b1c5-641] relation_extraction:relation_extraction 560/1157 (48%) - Chunk 560 / 1157
[KG][d5d2b1c5-641] relation_extraction:relation_extraction 561/1157 (48%) - Chunk 561 / 1157
[KG][d5d2b1c5-641] relation_extraction:relation_extraction 567/1157 (49%) - Chunk 567 / 1157
[KG][d5d2b1c5-641] relation_extraction:relation_extraction 568/1157 (49%) - Chunk 568 / 1157
[KG][d5d2b1c5-641] relation_extraction:relation_extraction 562/1157 (49%) - Chunk 562 / 1157
[KG][d5d2b1c5-641] relation_extraction:relation_extraction 563/1157 (49%) - Chunk 563 / 1157
[KG][d5d2b1c5-641] relation_extraction:relation_extraction 564/1157 (49%) - Chunk 564 / 1157
[KG][d5d2b1c5-641] relation_extraction:relation_extraction 565/1157 (49%) - Chunk 565 / 1157
[KG][d5d2b1c5-641] relation_extraction:relation_extraction 569/1157 (49%) - Chunk 569 / 1157
[KG][d5d2b1c5-641] relation_extraction:relation_extraction 570/1157 (49%) - Chunk 570 / 1157
[KG][d5d2b1c5-641] relation_extraction:relation_extraction 566/1157 (49%) - Chunk 566 / 1157
[KG][d5d2b1c5-641] relation_extraction:relation_extraction 571/1157 (49%) - Chunk 571 / 1157
[KG][d5d2b1c5-641] relation_extraction:relation_extraction 567/1157 (49%) - Chunk 567 / 1157
[KG][d5d2b1c5-641] relation_extraction:relation_extraction 568/1157 (49%) - Chunk 568 / 1157
[KG][d5d2b1c5-641] relation_extraction:relation_extraction 572/1157 (49%) - Chunk 572 / 1157
[KG][d5d2b1c5-641] relation_extraction:relation_extraction 573/1157 (50%) - Chunk 573 / 1157
[KG][d5d2b1c5-641] relation_extraction:relation_extraction 574/1157 (50%) - Chunk 574 / 1157
[KG][d5d2b1c5-641] relation_extraction:relation_extraction 569/1157 (49%) - Chunk 569 / 1157
[KG][d5d2b1c5-641] relation_extraction:relation_extraction 570/1157 (49%) - Chunk 570 / 1157
[KG][d5d2b1c5-641] relation_extraction:relation_extraction 571/1157 (49%) - Chunk 571 / 1157
[KG][d5d2b1c5-641] relation_extraction:relation_extraction 575/1157 (50%) - Chunk 575 / 1157
[KG][d5d2b1c5-641] relation_extraction:relation_extraction 576/1157 (50%) - Chunk 576 / 1157
[KG][d5d2b1c5-641] relation_extraction:relation_extraction 577/1157 (50%) - Chunk 577 / 1157
[KG][d5d2b1c5-641] relation_extraction:relation_extraction 578/1157 (50%) - Chunk 578 / 1157
[ERROR] LLM chat_json failed after 3 attempts (trace=76f486da): Request timed out.
[KG][d5d2b1c5-641] relation_extraction:relation_extraction 572/1157 (49%) - Chunk 572 / 1157
[KG][d5d2b1c5-641] relation_extraction:relation_extraction 573/1157 (50%) - Chunk 573 / 1157
[KG][d5d2b1c5-641] relation_extraction:relation_extraction 574/1157 (50%) - Chunk 574 / 1157
[KG][d5d2b1c5-641] relation_extraction:relation_extraction 575/1157 (50%) - Chunk 575 / 1157
[KG][d5d2b1c5-641] relation_extraction:relation_extraction 579/1157 (50%) - Chunk 579 / 1157
[KG][d5d2b1c5-641] relation_extraction:relation_extraction 576/1157 (50%) - Chunk 576 / 1157
[KG][d5d2b1c5-641] relation_extraction:relation_extraction 580/1157 (50%) - Chunk 580 / 1157
[KG][d5d2b1c5-641] relation_extraction:relation_extraction 577/1157 (50%) - Chunk 577 / 1157
[KG][d5d2b1c5-641] relation_extraction:relation_extraction 578/1157 (50%) - Chunk 578 / 1157
[KG][d5d2b1c5-641] relation_extraction:relation_extraction 579/1157 (50%) - Chunk 579 / 1157
[KG][d5d2b1c5-641] relation_extraction:relation_extraction 581/1157 (50%) - Chunk 581 / 1157
[KG][d5d2b1c5-641] relation_extraction:relation_extraction 582/1157 (50%) - Chunk 582 / 1157
[KG][d5d2b1c5-641] relation_extraction:relation_extraction 580/1157 (50%) - Chunk 580 / 1157
[KG][d5d2b1c5-641] relation_extraction:relation_extraction 583/1157 (50%) - Chunk 583 / 1157
[KG][d5d2b1c5-641] relation_extraction:relation_extraction 581/1157 (50%) - Chunk 581 / 1157
[KG][d5d2b1c5-641] relation_extraction:relation_extraction 582/1157 (50%) - Chunk 582 / 1157
[KG][d5d2b1c5-641] relation_extraction:relation_extraction 584/1157 (50%) - Chunk 584 / 1157
[KG][d5d2b1c5-641] relation_extraction:relation_extraction 583/1157 (50%) - Chunk 583 / 1157
[KG][d5d2b1c5-641] relation_extraction:relation_extraction 585/1157 (51%) - Chunk 585 / 1157
[KG][d5d2b1c5-641] relation_extraction:relation_extraction 584/1157 (50%) - Chunk 584 / 1157
[KG][d5d2b1c5-641] relation_extraction:relation_extraction 586/1157 (51%) - Chunk 586 / 1157
[KG][d5d2b1c5-641] relation_extraction:relation_extraction 587/1157 (51%) - Chunk 587 / 1157
[KG][d5d2b1c5-641] relation_extraction:relation_extraction 588/1157 (51%) - Chunk 588 / 1157
[KG][d5d2b1c5-641] relation_extraction:relation_extraction 585/1157 (51%) - Chunk 585 / 1157
[KG][d5d2b1c5-641] relation_extraction:relation_extraction 586/1157 (51%) - Chunk 586 / 1157
[KG][d5d2b1c5-641] relation_extraction:relation_extraction 587/1157 (51%) - Chunk 587 / 1157
[KG][d5d2b1c5-641] relation_extraction:relation_extraction 588/1157 (51%) - Chunk 588 / 1157
[KG][d5d2b1c5-641] relation_extraction:relation_extraction 589/1157 (51%) - Chunk 589 / 1157
[KG][d5d2b1c5-641] relation_extraction:relation_extraction 589/1157 (51%) - Chunk 589 / 1157
[KG][d5d2b1c5-641] relation_extraction:relation_extraction 590/1157 (51%) - Chunk 590 / 1157
[KG][d5d2b1c5-641] relation_extraction:relation_extraction 590/1157 (51%) - Chunk 590 / 1157
[KG][d5d2b1c5-641] relation_extraction:relation_extraction 591/1157 (51%) - Chunk 591 / 1157
[KG][d5d2b1c5-641] relation_extraction:relation_extraction 591/1157 (51%) - Chunk 591 / 1157
[KG][d5d2b1c5-641] relation_extraction:relation_extraction 592/1157 (51%) - Chunk 592 / 1157
[KG][d5d2b1c5-641] relation_extraction:relation_extraction 592/1157 (51%) - Chunk 592 / 1157
[KG][d5d2b1c5-641] relation_extraction:relation_extraction 593/1157 (51%) - Chunk 593 / 1157
[KG][d5d2b1c5-641] relation_extraction:relation_extraction 594/1157 (51%) - Chunk 594 / 1157
[KG][d5d2b1c5-641] relation_extraction:relation_extraction 593/1157 (51%) - Chunk 593 / 1157
[KG][d5d2b1c5-641] relation_extraction:relation_extraction 594/1157 (51%) - Chunk 594 / 1157
[KG][d5d2b1c5-641] relation_extraction:relation_extraction 595/1157 (51%) - Chunk 595 / 1157
[KG][d5d2b1c5-641] relation_extraction:relation_extraction 595/1157 (51%) - Chunk 595 / 1157
[KG][d5d2b1c5-641] relation_extraction:relation_extraction 596/1157 (52%) - Chunk 596 / 1157
[KG][d5d2b1c5-641] relation_extraction:relation_extraction 596/1157 (52%) - Chunk 596 / 1157
[KG][d5d2b1c5-641] relation_extraction:relation_extraction 597/1157 (52%) - Chunk 597 / 1157
[KG][d5d2b1c5-641] relation_extraction:relation_extraction 598/1157 (52%) - Chunk 598 / 1157
[KG][d5d2b1c5-641] relation_extraction:relation_extraction 597/1157 (52%) - Chunk 597 / 1157
[KG][d5d2b1c5-641] relation_extraction:relation_extraction 598/1157 (52%) - Chunk 598 / 1157
[KG][d5d2b1c5-641] relation_extraction:relation_extraction 599/1157 (52%) - Chunk 599 / 1157
[KG][d5d2b1c5-641] relation_extraction:relation_extraction 599/1157 (52%) - Chunk 599 / 1157
[KG][d5d2b1c5-641] relation_extraction:relation_extraction 600/1157 (52%) - Chunk 600 / 1157
[KG][d5d2b1c5-641] relation_extraction:relation_extraction 600/1157 (52%) - Chunk 600 / 1157
[KG][d5d2b1c5-641] relation_extraction:relation_extraction 601/1157 (52%) - Chunk 601 / 1157
[KG][d5d2b1c5-641] relation_extraction:relation_extraction 602/1157 (52%) - Chunk 602 / 1157
[KG][d5d2b1c5-641] relation_extraction:relation_extraction 603/1157 (52%) - Chunk 603 / 1157
[KG][d5d2b1c5-641] relation_extraction:relation_extraction 604/1157 (52%) - Chunk 604 / 1157
[KG][d5d2b1c5-641] relation_extraction:relation_extraction 605/1157 (52%) - Chunk 605 / 1157
[KG][d5d2b1c5-641] relation_extraction:relation_extraction 601/1157 (52%) - Chunk 601 / 1157
[KG][d5d2b1c5-641] relation_extraction:relation_extraction 602/1157 (52%) - Chunk 602 / 1157
[KG][d5d2b1c5-641] relation_extraction:relation_extraction 606/1157 (52%) - Chunk 606 / 1157
[KG][d5d2b1c5-641] relation_extraction:relation_extraction 607/1157 (52%) - Chunk 607 / 1157
[KG][d5d2b1c5-641] relation_extraction:relation_extraction 603/1157 (52%) - Chunk 603 / 1157
[KG][d5d2b1c5-641] relation_extraction:relation_extraction 604/1157 (52%) - Chunk 604 / 1157
[KG][d5d2b1c5-641] relation_extraction:relation_extraction 605/1157 (52%) - Chunk 605 / 1157
[KG][d5d2b1c5-641] relation_extraction:relation_extraction 606/1157 (52%) - Chunk 606 / 1157
[KG][d5d2b1c5-641] relation_extraction:relation_extraction 608/1157 (53%) - Chunk 608 / 1157
[KG][d5d2b1c5-641] relation_extraction:relation_extraction 609/1157 (53%) - Chunk 609 / 1157
[KG][d5d2b1c5-641] relation_extraction:relation_extraction 607/1157 (52%) - Chunk 607 / 1157
[KG][d5d2b1c5-641] relation_extraction:relation_extraction 608/1157 (53%) - Chunk 608 / 1157
[KG][d5d2b1c5-641] relation_extraction:relation_extraction 610/1157 (53%) - Chunk 610 / 1157
[KG][d5d2b1c5-641] relation_extraction:relation_extraction 611/1157 (53%) - Chunk 611 / 1157
[KG][d5d2b1c5-641] relation_extraction:relation_extraction 609/1157 (53%) - Chunk 609 / 1157
[KG][d5d2b1c5-641] relation_extraction:relation_extraction 610/1157 (53%) - Chunk 610 / 1157
[KG][d5d2b1c5-641] relation_extraction:relation_extraction 611/1157 (53%) - Chunk 611 / 1157
[KG][d5d2b1c5-641] relation_extraction:relation_extraction 612/1157 (53%) - Chunk 612 / 1157
[KG][d5d2b1c5-641] relation_extraction:relation_extraction 612/1157 (53%) - Chunk 612 / 1157
[KG][d5d2b1c5-641] relation_extraction:relation_extraction 613/1157 (53%) - Chunk 613 / 1157
[KG][d5d2b1c5-641] relation_extraction:relation_extraction 614/1157 (53%) - Chunk 614 / 1157
[KG][d5d2b1c5-641] relation_extraction:relation_extraction 615/1157 (53%) - Chunk 615 / 1157
[KG][d5d2b1c5-641] relation_extraction:relation_extraction 613/1157 (53%) - Chunk 613 / 1157
[KG][d5d2b1c5-641] relation_extraction:relation_extraction 614/1157 (53%) - Chunk 614 / 1157
[KG][d5d2b1c5-641] relation_extraction:relation_extraction 615/1157 (53%) - Chunk 615 / 1157
[KG][d5d2b1c5-641] relation_extraction:relation_extraction 616/1157 (53%) - Chunk 616 / 1157
[KG][d5d2b1c5-641] relation_extraction:relation_extraction 616/1157 (53%) - Chunk 616 / 1157
[KG][d5d2b1c5-641] relation_extraction:relation_extraction 617/1157 (53%) - Chunk 617 / 1157
[KG][d5d2b1c5-641] relation_extraction:relation_extraction 618/1157 (53%) - Chunk 618 / 1157
[KG][d5d2b1c5-641] relation_extraction:relation_extraction 619/1157 (54%) - Chunk 619 / 1157
[KG][d5d2b1c5-641] relation_extraction:relation_extraction 620/1157 (54%) - Chunk 620 / 1157
[KG][d5d2b1c5-641] relation_extraction:relation_extraction 621/1157 (54%) - Chunk 621 / 1157
[KG][d5d2b1c5-641] relation_extraction:relation_extraction 617/1157 (53%) - Chunk 617 / 1157
[KG][d5d2b1c5-641] relation_extraction:relation_extraction 618/1157 (53%) - Chunk 618 / 1157
[KG][d5d2b1c5-641] relation_extraction:relation_extraction 619/1157 (54%) - Chunk 619 / 1157
[KG][d5d2b1c5-641] relation_extraction:relation_extraction 622/1157 (54%) - Chunk 622 / 1157
[KG][d5d2b1c5-641] relation_extraction:relation_extraction 623/1157 (54%) - Chunk 623 / 1157
[KG][d5d2b1c5-641] relation_extraction:relation_extraction 624/1157 (54%) - Chunk 624 / 1157
[KG][d5d2b1c5-641] relation_extraction:relation_extraction 625/1157 (54%) - Chunk 625 / 1157
[KG][d5d2b1c5-641] relation_extraction:relation_extraction 620/1157 (54%) - Chunk 620 / 1157
[KG][d5d2b1c5-641] relation_extraction:relation_extraction 621/1157 (54%) - Chunk 621 / 1157
[KG][d5d2b1c5-641] relation_extraction:relation_extraction 622/1157 (54%) - Chunk 622 / 1157
[KG][d5d2b1c5-641] relation_extraction:relation_extraction 623/1157 (54%) - Chunk 623 / 1157
[KG][d5d2b1c5-641] relation_extraction:relation_extraction 626/1157 (54%) - Chunk 626 / 1157
[KG][d5d2b1c5-641] relation_extraction:relation_extraction 627/1157 (54%) - Chunk 627 / 1157
[KG][d5d2b1c5-641] relation_extraction:relation_extraction 628/1157 (54%) - Chunk 628 / 1157
[KG][d5d2b1c5-641] relation_extraction:relation_extraction 624/1157 (54%) - Chunk 624 / 1157
[KG][d5d2b1c5-641] relation_extraction:relation_extraction 625/1157 (54%) - Chunk 625 / 1157
[KG][d5d2b1c5-641] relation_extraction:relation_extraction 629/1157 (54%) - Chunk 629 / 1157
[KG][d5d2b1c5-641] relation_extraction:relation_extraction 630/1157 (54%) - Chunk 630 / 1157
[KG][d5d2b1c5-641] relation_extraction:relation_extraction 626/1157 (54%) - Chunk 626 / 1157
[KG][d5d2b1c5-641] relation_extraction:relation_extraction 627/1157 (54%) - Chunk 627 / 1157
[KG][d5d2b1c5-641] relation_extraction:relation_extraction 628/1157 (54%) - Chunk 628 / 1157
[KG][d5d2b1c5-641] relation_extraction:relation_extraction 629/1157 (54%) - Chunk 629 / 1157
[KG][d5d2b1c5-641] relation_extraction:relation_extraction 631/1157 (55%) - Chunk 631 / 1157
[KG][d5d2b1c5-641] relation_extraction:relation_extraction 630/1157 (54%) - Chunk 630 / 1157
[KG][d5d2b1c5-641] relation_extraction:relation_extraction 632/1157 (55%) - Chunk 632 / 1157
[KG][d5d2b1c5-641] relation_extraction:relation_extraction 631/1157 (55%) - Chunk 631 / 1157
[KG][d5d2b1c5-641] relation_extraction:relation_extraction 632/1157 (55%) - Chunk 632 / 1157
[KG][d5d2b1c5-641] relation_extraction:relation_extraction 633/1157 (55%) - Chunk 633 / 1157
[KG][d5d2b1c5-641] relation_extraction:relation_extraction 633/1157 (55%) - Chunk 633 / 1157
[KG][d5d2b1c5-641] relation_extraction:relation_extraction 634/1157 (55%) - Chunk 634 / 1157
[KG][d5d2b1c5-641] relation_extraction:relation_extraction 634/1157 (55%) - Chunk 634 / 1157
[KG][d5d2b1c5-641] relation_extraction:relation_extraction 635/1157 (55%) - Chunk 635 / 1157
[KG][d5d2b1c5-641] relation_extraction:relation_extraction 636/1157 (55%) - Chunk 636 / 1157
[KG][d5d2b1c5-641] relation_extraction:relation_extraction 637/1157 (55%) - Chunk 637 / 1157
[KG][d5d2b1c5-641] relation_extraction:relation_extraction 638/1157 (55%) - Chunk 638 / 1157
[KG][d5d2b1c5-641] relation_extraction:relation_extraction 635/1157 (55%) - Chunk 635 / 1157
[KG][d5d2b1c5-641] relation_extraction:relation_extraction 636/1157 (55%) - Chunk 636 / 1157
[KG][d5d2b1c5-641] relation_extraction:relation_extraction 639/1157 (55%) - Chunk 639 / 1157
[KG][d5d2b1c5-641] relation_extraction:relation_extraction 640/1157 (55%) - Chunk 640 / 1157
[KG][d5d2b1c5-641] relation_extraction:relation_extraction 637/1157 (55%) - Chunk 637 / 1157
[KG][d5d2b1c5-641] relation_extraction:relation_extraction 638/1157 (55%) - Chunk 638 / 1157
[KG][d5d2b1c5-641] relation_extraction:relation_extraction 639/1157 (55%) - Chunk 639 / 1157
[KG][d5d2b1c5-641] relation_extraction:relation_extraction 640/1157 (55%) - Chunk 640 / 1157
[KG][d5d2b1c5-641] relation_extraction:relation_extraction 641/1157 (55%) - Chunk 641 / 1157
[KG][d5d2b1c5-641] relation_extraction:relation_extraction 642/1157 (55%) - Chunk 642 / 1157
[KG][d5d2b1c5-641] relation_extraction:relation_extraction 641/1157 (55%) - Chunk 641 / 1157
[KG][d5d2b1c5-641] relation_extraction:relation_extraction 642/1157 (55%) - Chunk 642 / 1157
[KG][d5d2b1c5-641] relation_extraction:relation_extraction 643/1157 (56%) - Chunk 643 / 1157
[KG][d5d2b1c5-641] relation_extraction:relation_extraction 644/1157 (56%) - Chunk 644 / 1157
[KG][d5d2b1c5-641] relation_extraction:relation_extraction 645/1157 (56%) - Chunk 645 / 1157
[KG][d5d2b1c5-641] relation_extraction:relation_extraction 646/1157 (56%) - Chunk 646 / 1157
[KG][d5d2b1c5-641] relation_extraction:relation_extraction 643/1157 (56%) - Chunk 643 / 1157
[KG][d5d2b1c5-641] relation_extraction:relation_extraction 644/1157 (56%) - Chunk 644 / 1157
[KG][d5d2b1c5-641] relation_extraction:relation_extraction 645/1157 (56%) - Chunk 645 / 1157
[KG][d5d2b1c5-641] relation_extraction:relation_extraction 647/1157 (56%) - Chunk 647 / 1157
[KG][d5d2b1c5-641] relation_extraction:relation_extraction 648/1157 (56%) - Chunk 648 / 1157
[KG][d5d2b1c5-641] relation_extraction:relation_extraction 649/1157 (56%) - Chunk 649 / 1157
[KG][d5d2b1c5-641] relation_extraction:relation_extraction 650/1157 (56%) - Chunk 650 / 1157
[KG][d5d2b1c5-641] relation_extraction:relation_extraction 646/1157 (56%) - Chunk 646 / 1157
[KG][d5d2b1c5-641] relation_extraction:relation_extraction 651/1157 (56%) - Chunk 651 / 1157
[KG][d5d2b1c5-641] relation_extraction:relation_extraction 652/1157 (56%) - Chunk 652 / 1157
[KG][d5d2b1c5-641] relation_extraction:relation_extraction 653/1157 (56%) - Chunk 653 / 1157
[KG][d5d2b1c5-641] relation_extraction:relation_extraction 647/1157 (56%) - Chunk 647 / 1157
[KG][d5d2b1c5-641] relation_extraction:relation_extraction 648/1157 (56%) - Chunk 648 / 1157
[KG][d5d2b1c5-641] relation_extraction:relation_extraction 649/1157 (56%) - Chunk 649 / 1157
[KG][d5d2b1c5-641] relation_extraction:relation_extraction 654/1157 (57%) - Chunk 654 / 1157
[KG][d5d2b1c5-641] relation_extraction:relation_extraction 655/1157 (57%) - Chunk 655 / 1157
[KG][d5d2b1c5-641] relation_extraction:relation_extraction 650/1157 (56%) - Chunk 650 / 1157
[KG][d5d2b1c5-641] relation_extraction:relation_extraction 651/1157 (56%) - Chunk 651 / 1157
[KG][d5d2b1c5-641] relation_extraction:relation_extraction 652/1157 (56%) - Chunk 652 / 1157
[KG][d5d2b1c5-641] relation_extraction:relation_extraction 656/1157 (57%) - Chunk 656 / 1157
[KG][d5d2b1c5-641] relation_extraction:relation_extraction 653/1157 (56%) - Chunk 653 / 1157
[KG][d5d2b1c5-641] relation_extraction:relation_extraction 657/1157 (57%) - Chunk 657 / 1157
[KG][d5d2b1c5-641] relation_extraction:relation_extraction 654/1157 (57%) - Chunk 654 / 1157
[KG][d5d2b1c5-641] relation_extraction:relation_extraction 655/1157 (57%) - Chunk 655 / 1157
[KG][d5d2b1c5-641] relation_extraction:relation_extraction 658/1157 (57%) - Chunk 658 / 1157
[KG][d5d2b1c5-641] relation_extraction:relation_extraction 656/1157 (57%) - Chunk 656 / 1157
[KG][d5d2b1c5-641] relation_extraction:relation_extraction 657/1157 (57%) - Chunk 657 / 1157
[KG][d5d2b1c5-641] relation_extraction:relation_extraction 659/1157 (57%) - Chunk 659 / 1157
[KG][d5d2b1c5-641] relation_extraction:relation_extraction 660/1157 (57%) - Chunk 660 / 1157
[KG][d5d2b1c5-641] relation_extraction:relation_extraction 661/1157 (57%) - Chunk 661 / 1157
[KG][d5d2b1c5-641] relation_extraction:relation_extraction 662/1157 (57%) - Chunk 662 / 1157
[KG][d5d2b1c5-641] relation_extraction:relation_extraction 663/1157 (57%) - Chunk 663 / 1157
[KG][d5d2b1c5-641] relation_extraction:relation_extraction 658/1157 (57%) - Chunk 658 / 1157
[KG][d5d2b1c5-641] relation_extraction:relation_extraction 659/1157 (57%) - Chunk 659 / 1157
[KG][d5d2b1c5-641] relation_extraction:relation_extraction 660/1157 (57%) - Chunk 660 / 1157
[KG][d5d2b1c5-641] relation_extraction:relation_extraction 664/1157 (57%) - Chunk 664 / 1157
[KG][d5d2b1c5-641] relation_extraction:relation_extraction 661/1157 (57%) - Chunk 661 / 1157
[KG][d5d2b1c5-641] relation_extraction:relation_extraction 662/1157 (57%) - Chunk 662 / 1157
[KG][d5d2b1c5-641] relation_extraction:relation_extraction 663/1157 (57%) - Chunk 663 / 1157
[KG][d5d2b1c5-641] relation_extraction:relation_extraction 665/1157 (57%) - Chunk 665 / 1157
[KG][d5d2b1c5-641] relation_extraction:relation_extraction 666/1157 (58%) - Chunk 666 / 1157
[KG][d5d2b1c5-641] relation_extraction:relation_extraction 667/1157 (58%) - Chunk 667 / 1157
[KG][d5d2b1c5-641] relation_extraction:relation_extraction 668/1157 (58%) - Chunk 668 / 1157
[KG][d5d2b1c5-641] relation_extraction:relation_extraction 664/1157 (57%) - Chunk 664 / 1157
[KG][d5d2b1c5-641] relation_extraction:relation_extraction 665/1157 (57%) - Chunk 665 / 1157
[KG][d5d2b1c5-641] relation_extraction:relation_extraction 669/1157 (58%) - Chunk 669 / 1157
[KG][d5d2b1c5-641] relation_extraction:relation_extraction 666/1157 (58%) - Chunk 666 / 1157
[KG][d5d2b1c5-641] relation_extraction:relation_extraction 670/1157 (58%) - Chunk 670 / 1157
[KG][d5d2b1c5-641] relation_extraction:relation_extraction 667/1157 (58%) - Chunk 667 / 1157
[KG][d5d2b1c5-641] relation_extraction:relation_extraction 671/1157 (58%) - Chunk 671 / 1157
[KG][d5d2b1c5-641] relation_extraction:relation_extraction 672/1157 (58%) - Chunk 672 / 1157
[KG][d5d2b1c5-641] relation_extraction:relation_extraction 668/1157 (58%) - Chunk 668 / 1157
[KG][d5d2b1c5-641] relation_extraction:relation_extraction 673/1157 (58%) - Chunk 673 / 1157
[KG][d5d2b1c5-641] relation_extraction:relation_extraction 669/1157 (58%) - Chunk 669 / 1157
[KG][d5d2b1c5-641] relation_extraction:relation_extraction 670/1157 (58%) - Chunk 670 / 1157
[KG][d5d2b1c5-641] relation_extraction:relation_extraction 671/1157 (58%) - Chunk 671 / 1157
[KG][d5d2b1c5-641] relation_extraction:relation_extraction 674/1157 (58%) - Chunk 674 / 1157
[KG][d5d2b1c5-641] relation_extraction:relation_extraction 675/1157 (58%) - Chunk 675 / 1157
[KG][d5d2b1c5-641] relation_extraction:relation_extraction 676/1157 (58%) - Chunk 676 / 1157
[KG][d5d2b1c5-641] relation_extraction:relation_extraction 672/1157 (58%) - Chunk 672 / 1157
[KG][d5d2b1c5-641] relation_extraction:relation_extraction 673/1157 (58%) - Chunk 673 / 1157
[KG][d5d2b1c5-641] relation_extraction:relation_extraction 677/1157 (59%) - Chunk 677 / 1157
[KG][d5d2b1c5-641] relation_extraction:relation_extraction 678/1157 (59%) - Chunk 678 / 1157
[KG][d5d2b1c5-641] relation_extraction:relation_extraction 679/1157 (59%) - Chunk 679 / 1157
[KG][d5d2b1c5-641] relation_extraction:relation_extraction 680/1157 (59%) - Chunk 680 / 1157
[KG][d5d2b1c5-641] relation_extraction:relation_extraction 681/1157 (59%) - Chunk 681 / 1157
[KG][d5d2b1c5-641] relation_extraction:relation_extraction 674/1157 (58%) - Chunk 674 / 1157
[KG][d5d2b1c5-641] relation_extraction:relation_extraction 675/1157 (58%) - Chunk 675 / 1157
[KG][d5d2b1c5-641] relation_extraction:relation_extraction 676/1157 (58%) - Chunk 676 / 1157
[KG][d5d2b1c5-641] relation_extraction:relation_extraction 677/1157 (59%) - Chunk 677 / 1157
[KG][d5d2b1c5-641] relation_extraction:relation_extraction 678/1157 (59%) - Chunk 678 / 1157
[KG][d5d2b1c5-641] relation_extraction:relation_extraction 682/1157 (59%) - Chunk 682 / 1157
[KG][d5d2b1c5-641] relation_extraction:relation_extraction 679/1157 (59%) - Chunk 679 / 1157
[KG][d5d2b1c5-641] relation_extraction:relation_extraction 680/1157 (59%) - Chunk 680 / 1157
[KG][d5d2b1c5-641] relation_extraction:relation_extraction 681/1157 (59%) - Chunk 681 / 1157
[KG][d5d2b1c5-641] relation_extraction:relation_extraction 683/1157 (59%) - Chunk 683 / 1157
[KG][d5d2b1c5-641] relation_extraction:relation_extraction 682/1157 (59%) - Chunk 682 / 1157
[KG][d5d2b1c5-641] relation_extraction:relation_extraction 683/1157 (59%) - Chunk 683 / 1157
[KG][d5d2b1c5-641] relation_extraction:relation_extraction 684/1157 (59%) - Chunk 684 / 1157
[KG][d5d2b1c5-641] relation_extraction:relation_extraction 684/1157 (59%) - Chunk 684 / 1157
[KG][d5d2b1c5-641] relation_extraction:relation_extraction 685/1157 (59%) - Chunk 685 / 1157
[KG][d5d2b1c5-641] relation_extraction:relation_extraction 686/1157 (59%) - Chunk 686 / 1157
[KG][d5d2b1c5-641] relation_extraction:relation_extraction 687/1157 (59%) - Chunk 687 / 1157
[KG][d5d2b1c5-641] relation_extraction:relation_extraction 685/1157 (59%) - Chunk 685 / 1157
[KG][d5d2b1c5-641] relation_extraction:relation_extraction 686/1157 (59%) - Chunk 686 / 1157
[KG][d5d2b1c5-641] relation_extraction:relation_extraction 688/1157 (59%) - Chunk 688 / 1157
[KG][d5d2b1c5-641] relation_extraction:relation_extraction 689/1157 (60%) - Chunk 689 / 1157
[KG][d5d2b1c5-641] relation_extraction:relation_extraction 687/1157 (59%) - Chunk 687 / 1157
[KG][d5d2b1c5-641] relation_extraction:relation_extraction 688/1157 (59%) - Chunk 688 / 1157
[KG][d5d2b1c5-641] relation_extraction:relation_extraction 689/1157 (60%) - Chunk 689 / 1157
[KG][d5d2b1c5-641] relation_extraction:relation_extraction 690/1157 (60%) - Chunk 690 / 1157
[KG][d5d2b1c5-641] relation_extraction:relation_extraction 691/1157 (60%) - Chunk 691 / 1157
[KG][d5d2b1c5-641] relation_extraction:relation_extraction 690/1157 (60%) - Chunk 690 / 1157
[KG][d5d2b1c5-641] relation_extraction:relation_extraction 692/1157 (60%) - Chunk 692 / 1157
[KG][d5d2b1c5-641] relation_extraction:relation_extraction 693/1157 (60%) - Chunk 693 / 1157
[KG][d5d2b1c5-641] relation_extraction:relation_extraction 691/1157 (60%) - Chunk 691 / 1157
[KG][d5d2b1c5-641] relation_extraction:relation_extraction 694/1157 (60%) - Chunk 694 / 1157
[KG][d5d2b1c5-641] relation_extraction:relation_extraction 692/1157 (60%) - Chunk 692 / 1157
[KG][d5d2b1c5-641] relation_extraction:relation_extraction 693/1157 (60%) - Chunk 693 / 1157
[KG][d5d2b1c5-641] relation_extraction:relation_extraction 694/1157 (60%) - Chunk 694 / 1157
[KG][d5d2b1c5-641] relation_extraction:relation_extraction 695/1157 (60%) - Chunk 695 / 1157
[KG][d5d2b1c5-641] relation_extraction:relation_extraction 696/1157 (60%) - Chunk 696 / 1157
[KG][d5d2b1c5-641] relation_extraction:relation_extraction 695/1157 (60%) - Chunk 695 / 1157
[KG][d5d2b1c5-641] relation_extraction:relation_extraction 696/1157 (60%) - Chunk 696 / 1157
[KG][d5d2b1c5-641] relation_extraction:relation_extraction 697/1157 (60%) - Chunk 697 / 1157
[KG][d5d2b1c5-641] relation_extraction:relation_extraction 698/1157 (60%) - Chunk 698 / 1157
[KG][d5d2b1c5-641] relation_extraction:relation_extraction 697/1157 (60%) - Chunk 697 / 1157
[KG][d5d2b1c5-641] relation_extraction:relation_extraction 698/1157 (60%) - Chunk 698 / 1157
[KG][d5d2b1c5-641] relation_extraction:relation_extraction 699/1157 (60%) - Chunk 699 / 1157
[KG][d5d2b1c5-641] relation_extraction:relation_extraction 700/1157 (61%) - Chunk 700 / 1157
[KG][d5d2b1c5-641] relation_extraction:relation_extraction 699/1157 (60%) - Chunk 699 / 1157
[KG][d5d2b1c5-641] relation_extraction:relation_extraction 701/1157 (61%) - Chunk 701 / 1157
[KG][d5d2b1c5-641] relation_extraction:relation_extraction 702/1157 (61%) - Chunk 702 / 1157
[KG][d5d2b1c5-641] relation_extraction:relation_extraction 700/1157 (61%) - Chunk 700 / 1157
[KG][d5d2b1c5-641] relation_extraction:relation_extraction 701/1157 (61%) - Chunk 701 / 1157
[KG][d5d2b1c5-641] relation_extraction:relation_extraction 702/1157 (61%) - Chunk 702 / 1157
[KG][d5d2b1c5-641] relation_extraction:relation_extraction 703/1157 (61%) - Chunk 703 / 1157
[KG][d5d2b1c5-641] relation_extraction:relation_extraction 703/1157 (61%) - Chunk 703 / 1157
[KG][d5d2b1c5-641] relation_extraction:relation_extraction 704/1157 (61%) - Chunk 704 / 1157
[KG][d5d2b1c5-641] relation_extraction:relation_extraction 705/1157 (61%) - Chunk 705 / 1157
[KG][d5d2b1c5-641] relation_extraction:relation_extraction 704/1157 (61%) - Chunk 704 / 1157
[KG][d5d2b1c5-641] relation_extraction:relation_extraction 705/1157 (61%) - Chunk 705 / 1157
[KG][d5d2b1c5-641] relation_extraction:relation_extraction 706/1157 (61%) - Chunk 706 / 1157
[KG][d5d2b1c5-641] relation_extraction:relation_extraction 707/1157 (61%) - Chunk 707 / 1157
[KG][d5d2b1c5-641] relation_extraction:relation_extraction 708/1157 (61%) - Chunk 708 / 1157
[KG][d5d2b1c5-641] relation_extraction:relation_extraction 709/1157 (61%) - Chunk 709 / 1157
[KG][d5d2b1c5-641] relation_extraction:relation_extraction 706/1157 (61%) - Chunk 706 / 1157
[KG][d5d2b1c5-641] relation_extraction:relation_extraction 707/1157 (61%) - Chunk 707 / 1157
[KG][d5d2b1c5-641] relation_extraction:relation_extraction 710/1157 (61%) - Chunk 710 / 1157
[KG][d5d2b1c5-641] relation_extraction:relation_extraction 708/1157 (61%) - Chunk 708 / 1157
[KG][d5d2b1c5-641] relation_extraction:relation_extraction 711/1157 (61%) - Chunk 711 / 1157
[KG][d5d2b1c5-641] relation_extraction:relation_extraction 709/1157 (61%) - Chunk 709 / 1157
[KG][d5d2b1c5-641] relation_extraction:relation_extraction 712/1157 (62%) - Chunk 712 / 1157
[KG][d5d2b1c5-641] relation_extraction:relation_extraction 713/1157 (62%) - Chunk 713 / 1157
[KG][d5d2b1c5-641] relation_extraction:relation_extraction 714/1157 (62%) - Chunk 714 / 1157
[KG][d5d2b1c5-641] relation_extraction:relation_extraction 710/1157 (61%) - Chunk 710 / 1157
[KG][d5d2b1c5-641] relation_extraction:relation_extraction 715/1157 (62%) - Chunk 715 / 1157
[KG][d5d2b1c5-641] relation_extraction:relation_extraction 716/1157 (62%) - Chunk 716 / 1157
[KG][d5d2b1c5-641] relation_extraction:relation_extraction 717/1157 (62%) - Chunk 717 / 1157
[KG][d5d2b1c5-641] relation_extraction:relation_extraction 711/1157 (61%) - Chunk 711 / 1157
[KG][d5d2b1c5-641] relation_extraction:relation_extraction 718/1157 (62%) - Chunk 718 / 1157
[KG][d5d2b1c5-641] relation_extraction:relation_extraction 719/1157 (62%) - Chunk 719 / 1157
[KG][d5d2b1c5-641] relation_extraction:relation_extraction 720/1157 (62%) - Chunk 720 / 1157
[KG][d5d2b1c5-641] relation_extraction:relation_extraction 712/1157 (62%) - Chunk 712 / 1157
[KG][d5d2b1c5-641] relation_extraction:relation_extraction 713/1157 (62%) - Chunk 713 / 1157
[KG][d5d2b1c5-641] relation_extraction:relation_extraction 714/1157 (62%) - Chunk 714 / 1157
[KG][d5d2b1c5-641] relation_extraction:relation_extraction 715/1157 (62%) - Chunk 715 / 1157
[KG][d5d2b1c5-641] relation_extraction:relation_extraction 716/1157 (62%) - Chunk 716 / 1157
[KG][d5d2b1c5-641] relation_extraction:relation_extraction 717/1157 (62%) - Chunk 717 / 1157
[KG][d5d2b1c5-641] relation_extraction:relation_extraction 721/1157 (62%) - Chunk 721 / 1157
[KG][d5d2b1c5-641] relation_extraction:relation_extraction 718/1157 (62%) - Chunk 718 / 1157
[KG][d5d2b1c5-641] relation_extraction:relation_extraction 719/1157 (62%) - Chunk 719 / 1157
[KG][d5d2b1c5-641] relation_extraction:relation_extraction 722/1157 (62%) - Chunk 722 / 1157
[KG][d5d2b1c5-641] relation_extraction:relation_extraction 723/1157 (62%) - Chunk 723 / 1157
[KG][d5d2b1c5-641] relation_extraction:relation_extraction 720/1157 (62%) - Chunk 720 / 1157
[KG][d5d2b1c5-641] relation_extraction:relation_extraction 724/1157 (63%) - Chunk 724 / 1157
[KG][d5d2b1c5-641] relation_extraction:relation_extraction 721/1157 (62%) - Chunk 721 / 1157
[KG][d5d2b1c5-641] relation_extraction:relation_extraction 722/1157 (62%) - Chunk 722 / 1157
[KG][d5d2b1c5-641] relation_extraction:relation_extraction 725/1157 (63%) - Chunk 725 / 1157
[KG][d5d2b1c5-641] relation_extraction:relation_extraction 723/1157 (62%) - Chunk 723 / 1157
[KG][d5d2b1c5-641] relation_extraction:relation_extraction 726/1157 (63%) - Chunk 726 / 1157
[KG][d5d2b1c5-641] relation_extraction:relation_extraction 724/1157 (63%) - Chunk 724 / 1157
[KG][d5d2b1c5-641] relation_extraction:relation_extraction 727/1157 (63%) - Chunk 727 / 1157
[KG][d5d2b1c5-641] relation_extraction:relation_extraction 725/1157 (63%) - Chunk 725 / 1157
[KG][d5d2b1c5-641] relation_extraction:relation_extraction 728/1157 (63%) - Chunk 728 / 1157
[KG][d5d2b1c5-641] relation_extraction:relation_extraction 729/1157 (63%) - Chunk 729 / 1157
[KG][d5d2b1c5-641] relation_extraction:relation_extraction 726/1157 (63%) - Chunk 726 / 1157
[KG][d5d2b1c5-641] relation_extraction:relation_extraction 727/1157 (63%) - Chunk 727 / 1157
[KG][d5d2b1c5-641] relation_extraction:relation_extraction 730/1157 (63%) - Chunk 730 / 1157
[KG][d5d2b1c5-641] relation_extraction:relation_extraction 728/1157 (63%) - Chunk 728 / 1157
[KG][d5d2b1c5-641] relation_extraction:relation_extraction 731/1157 (63%) - Chunk 731 / 1157
[KG][d5d2b1c5-641] relation_extraction:relation_extraction 729/1157 (63%) - Chunk 729 / 1157
[KG][d5d2b1c5-641] relation_extraction:relation_extraction 732/1157 (63%) - Chunk 732 / 1157
[KG][d5d2b1c5-641] relation_extraction:relation_extraction 730/1157 (63%) - Chunk 730 / 1157
[KG][d5d2b1c5-641] relation_extraction:relation_extraction 731/1157 (63%) - Chunk 731 / 1157
[KG][d5d2b1c5-641] relation_extraction:relation_extraction 732/1157 (63%) - Chunk 732 / 1157
[KG][d5d2b1c5-641] relation_extraction:relation_extraction 733/1157 (63%) - Chunk 733 / 1157
[KG][d5d2b1c5-641] relation_extraction:relation_extraction 734/1157 (63%) - Chunk 734 / 1157
[KG][d5d2b1c5-641] relation_extraction:relation_extraction 733/1157 (63%) - Chunk 733 / 1157
[KG][d5d2b1c5-641] relation_extraction:relation_extraction 734/1157 (63%) - Chunk 734 / 1157
[KG][d5d2b1c5-641] relation_extraction:relation_extraction 735/1157 (64%) - Chunk 735 / 1157
[KG][d5d2b1c5-641] relation_extraction:relation_extraction 735/1157 (64%) - Chunk 735 / 1157
[KG][d5d2b1c5-641] relation_extraction:relation_extraction 736/1157 (64%) - Chunk 736 / 1157
[KG][d5d2b1c5-641] relation_extraction:relation_extraction 737/1157 (64%) - Chunk 737 / 1157
[KG][d5d2b1c5-641] relation_extraction:relation_extraction 738/1157 (64%) - Chunk 738 / 1157
[KG][d5d2b1c5-641] relation_extraction:relation_extraction 736/1157 (64%) - Chunk 736 / 1157
[KG][d5d2b1c5-641] relation_extraction:relation_extraction 737/1157 (64%) - Chunk 737 / 1157
[KG][d5d2b1c5-641] relation_extraction:relation_extraction 739/1157 (64%) - Chunk 739 / 1157
[KG][d5d2b1c5-641] relation_extraction:relation_extraction 738/1157 (64%) - Chunk 738 / 1157
[KG][d5d2b1c5-641] relation_extraction:relation_extraction 739/1157 (64%) - Chunk 739 / 1157
[KG][d5d2b1c5-641] relation_extraction:relation_extraction 740/1157 (64%) - Chunk 740 / 1157
[KG][d5d2b1c5-641] relation_extraction:relation_extraction 741/1157 (64%) - Chunk 741 / 1157
[KG][d5d2b1c5-641] relation_extraction:relation_extraction 740/1157 (64%) - Chunk 740 / 1157
[KG][d5d2b1c5-641] relation_extraction:relation_extraction 741/1157 (64%) - Chunk 741 / 1157
[KG][d5d2b1c5-641] relation_extraction:relation_extraction 742/1157 (64%) - Chunk 742 / 1157
[KG][d5d2b1c5-641] relation_extraction:relation_extraction 743/1157 (64%) - Chunk 743 / 1157
[KG][d5d2b1c5-641] relation_extraction:relation_extraction 742/1157 (64%) - Chunk 742 / 1157
[KG][d5d2b1c5-641] relation_extraction:relation_extraction 744/1157 (64%) - Chunk 744 / 1157
[KG][d5d2b1c5-641] relation_extraction:relation_extraction 743/1157 (64%) - Chunk 743 / 1157
[KG][d5d2b1c5-641] relation_extraction:relation_extraction 745/1157 (64%) - Chunk 745 / 1157
[KG][d5d2b1c5-641] relation_extraction:relation_extraction 744/1157 (64%) - Chunk 744 / 1157
[KG][d5d2b1c5-641] relation_extraction:relation_extraction 745/1157 (64%) - Chunk 745 / 1157
[KG][d5d2b1c5-641] relation_extraction:relation_extraction 746/1157 (64%) - Chunk 746 / 1157
[KG][d5d2b1c5-641] relation_extraction:relation_extraction 746/1157 (64%) - Chunk 746 / 1157
[KG][d5d2b1c5-641] relation_extraction:relation_extraction 747/1157 (65%) - Chunk 747 / 1157
[KG][d5d2b1c5-641] relation_extraction:relation_extraction 748/1157 (65%) - Chunk 748 / 1157
[KG][d5d2b1c5-641] relation_extraction:relation_extraction 749/1157 (65%) - Chunk 749 / 1157
[KG][d5d2b1c5-641] relation_extraction:relation_extraction 750/1157 (65%) - Chunk 750 / 1157
[KG][d5d2b1c5-641] relation_extraction:relation_extraction 751/1157 (65%) - Chunk 751 / 1157
[KG][d5d2b1c5-641] relation_extraction:relation_extraction 747/1157 (65%) - Chunk 747 / 1157
[KG][d5d2b1c5-641] relation_extraction:relation_extraction 752/1157 (65%) - Chunk 752 / 1157
[KG][d5d2b1c5-641] relation_extraction:relation_extraction 753/1157 (65%) - Chunk 753 / 1157
[KG][d5d2b1c5-641] relation_extraction:relation_extraction 748/1157 (65%) - Chunk 748 / 1157
[KG][d5d2b1c5-641] relation_extraction:relation_extraction 754/1157 (65%) - Chunk 754 / 1157
[KG][d5d2b1c5-641] relation_extraction:relation_extraction 755/1157 (65%) - Chunk 755 / 1157
[KG][d5d2b1c5-641] relation_extraction:relation_extraction 749/1157 (65%) - Chunk 749 / 1157
[KG][d5d2b1c5-641] relation_extraction:relation_extraction 750/1157 (65%) - Chunk 750 / 1157
[KG][d5d2b1c5-641] relation_extraction:relation_extraction 751/1157 (65%) - Chunk 751 / 1157
[KG][d5d2b1c5-641] relation_extraction:relation_extraction 756/1157 (65%) - Chunk 756 / 1157
[KG][d5d2b1c5-641] relation_extraction:relation_extraction 757/1157 (65%) - Chunk 757 / 1157
[KG][d5d2b1c5-641] relation_extraction:relation_extraction 758/1157 (66%) - Chunk 758 / 1157
[KG][d5d2b1c5-641] relation_extraction:relation_extraction 759/1157 (66%) - Chunk 759 / 1157
[KG][d5d2b1c5-641] relation_extraction:relation_extraction 752/1157 (65%) - Chunk 752 / 1157
[KG][d5d2b1c5-641] relation_extraction:relation_extraction 753/1157 (65%) - Chunk 753 / 1157
[KG][d5d2b1c5-641] relation_extraction:relation_extraction 754/1157 (65%) - Chunk 754 / 1157
[KG][d5d2b1c5-641] relation_extraction:relation_extraction 755/1157 (65%) - Chunk 755 / 1157
[KG][d5d2b1c5-641] relation_extraction:relation_extraction 756/1157 (65%) - Chunk 756 / 1157
[KG][d5d2b1c5-641] relation_extraction:relation_extraction 757/1157 (65%) - Chunk 757 / 1157
[KG][d5d2b1c5-641] relation_extraction:relation_extraction 758/1157 (66%) - Chunk 758 / 1157
[KG][d5d2b1c5-641] relation_extraction:relation_extraction 760/1157 (66%) - Chunk 760 / 1157
[KG][d5d2b1c5-641] relation_extraction:relation_extraction 761/1157 (66%) - Chunk 761 / 1157
[KG][d5d2b1c5-641] relation_extraction:relation_extraction 762/1157 (66%) - Chunk 762 / 1157
[KG][d5d2b1c5-641] relation_extraction:relation_extraction 763/1157 (66%) - Chunk 763 / 1157
[KG][d5d2b1c5-641] relation_extraction:relation_extraction 764/1157 (66%) - Chunk 764 / 1157
[KG][d5d2b1c5-641] relation_extraction:relation_extraction 759/1157 (66%) - Chunk 759 / 1157
[KG][d5d2b1c5-641] relation_extraction:relation_extraction 760/1157 (66%) - Chunk 760 / 1157
[KG][d5d2b1c5-641] relation_extraction:relation_extraction 761/1157 (66%) - Chunk 761 / 1157
[KG][d5d2b1c5-641] relation_extraction:relation_extraction 762/1157 (66%) - Chunk 762 / 1157
[KG][d5d2b1c5-641] relation_extraction:relation_extraction 763/1157 (66%) - Chunk 763 / 1157
[KG][d5d2b1c5-641] relation_extraction:relation_extraction 765/1157 (66%) - Chunk 765 / 1157
[KG][d5d2b1c5-641] relation_extraction:relation_extraction 766/1157 (66%) - Chunk 766 / 1157
[KG][d5d2b1c5-641] relation_extraction:relation_extraction 767/1157 (66%) - Chunk 767 / 1157
[KG][d5d2b1c5-641] relation_extraction:relation_extraction 764/1157 (66%) - Chunk 764 / 1157
[KG][d5d2b1c5-641] relation_extraction:relation_extraction 765/1157 (66%) - Chunk 765 / 1157
[KG][d5d2b1c5-641] relation_extraction:relation_extraction 766/1157 (66%) - Chunk 766 / 1157
[KG][d5d2b1c5-641] relation_extraction:relation_extraction 768/1157 (66%) - Chunk 768 / 1157
[KG][d5d2b1c5-641] relation_extraction:relation_extraction 767/1157 (66%) - Chunk 767 / 1157
[KG][d5d2b1c5-641] relation_extraction:relation_extraction 769/1157 (66%) - Chunk 769 / 1157
[KG][d5d2b1c5-641] relation_extraction:relation_extraction 768/1157 (66%) - Chunk 768 / 1157
[KG][d5d2b1c5-641] relation_extraction:relation_extraction 770/1157 (67%) - Chunk 770 / 1157
[KG][d5d2b1c5-641] relation_extraction:relation_extraction 769/1157 (66%) - Chunk 769 / 1157
[KG][d5d2b1c5-641] relation_extraction:relation_extraction 770/1157 (67%) - Chunk 770 / 1157
[KG][d5d2b1c5-641] relation_extraction:relation_extraction 771/1157 (67%) - Chunk 771 / 1157
[KG][d5d2b1c5-641] relation_extraction:relation_extraction 771/1157 (67%) - Chunk 771 / 1157
[KG][d5d2b1c5-641] relation_extraction:relation_extraction 772/1157 (67%) - Chunk 772 / 1157
[KG][d5d2b1c5-641] relation_extraction:relation_extraction 772/1157 (67%) - Chunk 772 / 1157
[KG][d5d2b1c5-641] relation_extraction:relation_extraction 773/1157 (67%) - Chunk 773 / 1157
[KG][d5d2b1c5-641] relation_extraction:relation_extraction 774/1157 (67%) - Chunk 774 / 1157
[KG][d5d2b1c5-641] relation_extraction:relation_extraction 773/1157 (67%) - Chunk 773 / 1157
[KG][d5d2b1c5-641] relation_extraction:relation_extraction 774/1157 (67%) - Chunk 774 / 1157
[KG][d5d2b1c5-641] relation_extraction:relation_extraction 775/1157 (67%) - Chunk 775 / 1157
[KG][d5d2b1c5-641] relation_extraction:relation_extraction 775/1157 (67%) - Chunk 775 / 1157
[KG][d5d2b1c5-641] relation_extraction:relation_extraction 776/1157 (67%) - Chunk 776 / 1157
[KG][d5d2b1c5-641] relation_extraction:relation_extraction 777/1157 (67%) - Chunk 777 / 1157
[KG][d5d2b1c5-641] relation_extraction:relation_extraction 776/1157 (67%) - Chunk 776 / 1157
[KG][d5d2b1c5-641] relation_extraction:relation_extraction 777/1157 (67%) - Chunk 777 / 1157
[KG][d5d2b1c5-641] relation_extraction:relation_extraction 778/1157 (67%) - Chunk 778 / 1157
[KG][d5d2b1c5-641] relation_extraction:relation_extraction 778/1157 (67%) - Chunk 778 / 1157
[KG][d5d2b1c5-641] relation_extraction:relation_extraction 779/1157 (67%) - Chunk 779 / 1157
[KG][d5d2b1c5-641] relation_extraction:relation_extraction 780/1157 (67%) - Chunk 780 / 1157
[KG][d5d2b1c5-641] relation_extraction:relation_extraction 781/1157 (68%) - Chunk 781 / 1157
[KG][d5d2b1c5-641] relation_extraction:relation_extraction 779/1157 (67%) - Chunk 779 / 1157
[KG][d5d2b1c5-641] relation_extraction:relation_extraction 780/1157 (67%) - Chunk 780 / 1157
[KG][d5d2b1c5-641] relation_extraction:relation_extraction 782/1157 (68%) - Chunk 782 / 1157
[KG][d5d2b1c5-641] relation_extraction:relation_extraction 783/1157 (68%) - Chunk 783 / 1157
[KG][d5d2b1c5-641] relation_extraction:relation_extraction 784/1157 (68%) - Chunk 784 / 1157
[KG][d5d2b1c5-641] relation_extraction:relation_extraction 781/1157 (68%) - Chunk 781 / 1157
[KG][d5d2b1c5-641] relation_extraction:relation_extraction 782/1157 (68%) - Chunk 782 / 1157
[KG][d5d2b1c5-641] relation_extraction:relation_extraction 783/1157 (68%) - Chunk 783 / 1157
[KG][d5d2b1c5-641] relation_extraction:relation_extraction 785/1157 (68%) - Chunk 785 / 1157
[KG][d5d2b1c5-641] relation_extraction:relation_extraction 786/1157 (68%) - Chunk 786 / 1157
[KG][d5d2b1c5-641] relation_extraction:relation_extraction 787/1157 (68%) - Chunk 787 / 1157
[KG][d5d2b1c5-641] relation_extraction:relation_extraction 788/1157 (68%) - Chunk 788 / 1157
[KG][d5d2b1c5-641] relation_extraction:relation_extraction 784/1157 (68%) - Chunk 784 / 1157
[KG][d5d2b1c5-641] relation_extraction:relation_extraction 785/1157 (68%) - Chunk 785 / 1157
[KG][d5d2b1c5-641] relation_extraction:relation_extraction 786/1157 (68%) - Chunk 786 / 1157
[KG][d5d2b1c5-641] relation_extraction:relation_extraction 789/1157 (68%) - Chunk 789 / 1157
[KG][d5d2b1c5-641] relation_extraction:relation_extraction 790/1157 (68%) - Chunk 790 / 1157
[KG][d5d2b1c5-641] relation_extraction:relation_extraction 787/1157 (68%) - Chunk 787 / 1157
[KG][d5d2b1c5-641] relation_extraction:relation_extraction 788/1157 (68%) - Chunk 788 / 1157
[KG][d5d2b1c5-641] relation_extraction:relation_extraction 789/1157 (68%) - Chunk 789 / 1157
[KG][d5d2b1c5-641] relation_extraction:relation_extraction 790/1157 (68%) - Chunk 790 / 1157
[KG][d5d2b1c5-641] relation_extraction:relation_extraction 791/1157 (68%) - Chunk 791 / 1157
[KG][d5d2b1c5-641] relation_extraction:relation_extraction 792/1157 (68%) - Chunk 792 / 1157
[KG][d5d2b1c5-641] relation_extraction:relation_extraction 791/1157 (68%) - Chunk 791 / 1157
[KG][d5d2b1c5-641] relation_extraction:relation_extraction 792/1157 (68%) - Chunk 792 / 1157
[KG][d5d2b1c5-641] relation_extraction:relation_extraction 793/1157 (69%) - Chunk 793 / 1157
[KG][d5d2b1c5-641] relation_extraction:relation_extraction 794/1157 (69%) - Chunk 794 / 1157
[KG][d5d2b1c5-641] relation_extraction:relation_extraction 793/1157 (69%) - Chunk 793 / 1157
[KG][d5d2b1c5-641] relation_extraction:relation_extraction 795/1157 (69%) - Chunk 795 / 1157
[KG][d5d2b1c5-641] relation_extraction:relation_extraction 794/1157 (69%) - Chunk 794 / 1157
[KG][d5d2b1c5-641] relation_extraction:relation_extraction 795/1157 (69%) - Chunk 795 / 1157
[KG][d5d2b1c5-641] relation_extraction:relation_extraction 796/1157 (69%) - Chunk 796 / 1157
[KG][d5d2b1c5-641] relation_extraction:relation_extraction 797/1157 (69%) - Chunk 797 / 1157
[KG][d5d2b1c5-641] relation_extraction:relation_extraction 798/1157 (69%) - Chunk 798 / 1157
[KG][d5d2b1c5-641] relation_extraction:relation_extraction 799/1157 (69%) - Chunk 799 / 1157
[KG][d5d2b1c5-641] relation_extraction:relation_extraction 796/1157 (69%) - Chunk 796 / 1157
[KG][d5d2b1c5-641] relation_extraction:relation_extraction 797/1157 (69%) - Chunk 797 / 1157
[KG][d5d2b1c5-641] relation_extraction:relation_extraction 798/1157 (69%) - Chunk 798 / 1157
[KG][d5d2b1c5-641] relation_extraction:relation_extraction 799/1157 (69%) - Chunk 799 / 1157
[KG][d5d2b1c5-641] relation_extraction:relation_extraction 800/1157 (69%) - Chunk 800 / 1157
[KG][d5d2b1c5-641] relation_extraction:relation_extraction 801/1157 (69%) - Chunk 801 / 1157
[KG][d5d2b1c5-641] relation_extraction:relation_extraction 802/1157 (69%) - Chunk 802 / 1157
[KG][d5d2b1c5-641] relation_extraction:relation_extraction 803/1157 (69%) - Chunk 803 / 1157
[KG][d5d2b1c5-641] relation_extraction:relation_extraction 804/1157 (69%) - Chunk 804 / 1157
[KG][d5d2b1c5-641] relation_extraction:relation_extraction 800/1157 (69%) - Chunk 800 / 1157
[KG][d5d2b1c5-641] relation_extraction:relation_extraction 805/1157 (70%) - Chunk 805 / 1157
[KG][d5d2b1c5-641] relation_extraction:relation_extraction 801/1157 (69%) - Chunk 801 / 1157
[KG][d5d2b1c5-641] relation_extraction:relation_extraction 802/1157 (69%) - Chunk 802 / 1157
[KG][d5d2b1c5-641] relation_extraction:relation_extraction 806/1157 (70%) - Chunk 806 / 1157
[KG][d5d2b1c5-641] relation_extraction:relation_extraction 807/1157 (70%) - Chunk 807 / 1157
[KG][d5d2b1c5-641] relation_extraction:relation_extraction 808/1157 (70%) - Chunk 808 / 1157
[KG][d5d2b1c5-641] relation_extraction:relation_extraction 803/1157 (69%) - Chunk 803 / 1157
[KG][d5d2b1c5-641] relation_extraction:relation_extraction 809/1157 (70%) - Chunk 809 / 1157
[KG][d5d2b1c5-641] relation_extraction:relation_extraction 804/1157 (69%) - Chunk 804 / 1157
[KG][d5d2b1c5-641] relation_extraction:relation_extraction 805/1157 (70%) - Chunk 805 / 1157
[KG][d5d2b1c5-641] relation_extraction:relation_extraction 806/1157 (70%) - Chunk 806 / 1157
[KG][d5d2b1c5-641] relation_extraction:relation_extraction 807/1157 (70%) - Chunk 807 / 1157
[KG][d5d2b1c5-641] relation_extraction:relation_extraction 810/1157 (70%) - Chunk 810 / 1157
[KG][d5d2b1c5-641] relation_extraction:relation_extraction 811/1157 (70%) - Chunk 811 / 1157
[KG][d5d2b1c5-641] relation_extraction:relation_extraction 812/1157 (70%) - Chunk 812 / 1157
[KG][d5d2b1c5-641] relation_extraction:relation_extraction 813/1157 (70%) - Chunk 813 / 1157
[KG][d5d2b1c5-641] relation_extraction:relation_extraction 814/1157 (70%) - Chunk 814 / 1157
[KG][d5d2b1c5-641] relation_extraction:relation_extraction 815/1157 (70%) - Chunk 815 / 1157
[KG][d5d2b1c5-641] relation_extraction:relation_extraction 808/1157 (70%) - Chunk 808 / 1157
[KG][d5d2b1c5-641] relation_extraction:relation_extraction 816/1157 (71%) - Chunk 816 / 1157
[KG][d5d2b1c5-641] relation_extraction:relation_extraction 809/1157 (70%) - Chunk 809 / 1157
[KG][d5d2b1c5-641] relation_extraction:relation_extraction 817/1157 (71%) - Chunk 817 / 1157
[KG][d5d2b1c5-641] relation_extraction:relation_extraction 810/1157 (70%) - Chunk 810 / 1157
[KG][d5d2b1c5-641] relation_extraction:relation_extraction 811/1157 (70%) - Chunk 811 / 1157
[KG][d5d2b1c5-641] relation_extraction:relation_extraction 812/1157 (70%) - Chunk 812 / 1157
[KG][d5d2b1c5-641] relation_extraction:relation_extraction 818/1157 (71%) - Chunk 818 / 1157
[KG][d5d2b1c5-641] relation_extraction:relation_extraction 813/1157 (70%) - Chunk 813 / 1157
[KG][d5d2b1c5-641] relation_extraction:relation_extraction 819/1157 (71%) - Chunk 819 / 1157
[KG][d5d2b1c5-641] relation_extraction:relation_extraction 814/1157 (70%) - Chunk 814 / 1157
[KG][d5d2b1c5-641] relation_extraction:relation_extraction 815/1157 (70%) - Chunk 815 / 1157
[KG][d5d2b1c5-641] relation_extraction:relation_extraction 820/1157 (71%) - Chunk 820 / 1157
[KG][d5d2b1c5-641] relation_extraction:relation_extraction 821/1157 (71%) - Chunk 821 / 1157
[KG][d5d2b1c5-641] relation_extraction:relation_extraction 816/1157 (71%) - Chunk 816 / 1157
[KG][d5d2b1c5-641] relation_extraction:relation_extraction 822/1157 (71%) - Chunk 822 / 1157
[KG][d5d2b1c5-641] relation_extraction:relation_extraction 823/1157 (71%) - Chunk 823 / 1157
[KG][d5d2b1c5-641] relation_extraction:relation_extraction 817/1157 (71%) - Chunk 817 / 1157
[KG][d5d2b1c5-641] relation_extraction:relation_extraction 818/1157 (71%) - Chunk 818 / 1157
[KG][d5d2b1c5-641] relation_extraction:relation_extraction 824/1157 (71%) - Chunk 824 / 1157
[KG][d5d2b1c5-641] relation_extraction:relation_extraction 825/1157 (71%) - Chunk 825 / 1157
[KG][d5d2b1c5-641] relation_extraction:relation_extraction 819/1157 (71%) - Chunk 819 / 1157
[KG][d5d2b1c5-641] relation_extraction:relation_extraction 820/1157 (71%) - Chunk 820 / 1157
[KG][d5d2b1c5-641] relation_extraction:relation_extraction 821/1157 (71%) - Chunk 821 / 1157
[KG][d5d2b1c5-641] relation_extraction:relation_extraction 822/1157 (71%) - Chunk 822 / 1157
[KG][d5d2b1c5-641] relation_extraction:relation_extraction 823/1157 (71%) - Chunk 823 / 1157
[KG][d5d2b1c5-641] relation_extraction:relation_extraction 824/1157 (71%) - Chunk 824 / 1157
[KG][d5d2b1c5-641] relation_extraction:relation_extraction 825/1157 (71%) - Chunk 825 / 1157
[KG][d5d2b1c5-641] relation_extraction:relation_extraction 826/1157 (71%) - Chunk 826 / 1157
[KG][d5d2b1c5-641] relation_extraction:relation_extraction 827/1157 (71%) - Chunk 827 / 1157
[KG][d5d2b1c5-641] relation_extraction:relation_extraction 826/1157 (71%) - Chunk 826 / 1157
[KG][d5d2b1c5-641] relation_extraction:relation_extraction 828/1157 (72%) - Chunk 828 / 1157
[KG][d5d2b1c5-641] relation_extraction:relation_extraction 829/1157 (72%) - Chunk 829 / 1157
[KG][d5d2b1c5-641] relation_extraction:relation_extraction 830/1157 (72%) - Chunk 830 / 1157
[KG][d5d2b1c5-641] relation_extraction:relation_extraction 831/1157 (72%) - Chunk 831 / 1157
[KG][d5d2b1c5-641] relation_extraction:relation_extraction 832/1157 (72%) - Chunk 832 / 1157
[KG][d5d2b1c5-641] relation_extraction:relation_extraction 827/1157 (71%) - Chunk 827 / 1157
[KG][d5d2b1c5-641] relation_extraction:relation_extraction 828/1157 (72%) - Chunk 828 / 1157
[KG][d5d2b1c5-641] relation_extraction:relation_extraction 829/1157 (72%) - Chunk 829 / 1157
[KG][d5d2b1c5-641] relation_extraction:relation_extraction 833/1157 (72%) - Chunk 833 / 1157
[KG][d5d2b1c5-641] relation_extraction:relation_extraction 834/1157 (72%) - Chunk 834 / 1157
[KG][d5d2b1c5-641] relation_extraction:relation_extraction 830/1157 (72%) - Chunk 830 / 1157
[KG][d5d2b1c5-641] relation_extraction:relation_extraction 831/1157 (72%) - Chunk 831 / 1157
[KG][d5d2b1c5-641] relation_extraction:relation_extraction 832/1157 (72%) - Chunk 832 / 1157
[KG][d5d2b1c5-641] relation_extraction:relation_extraction 835/1157 (72%) - Chunk 835 / 1157
[KG][d5d2b1c5-641] relation_extraction:relation_extraction 836/1157 (72%) - Chunk 836 / 1157
[KG][d5d2b1c5-641] relation_extraction:relation_extraction 833/1157 (72%) - Chunk 833 / 1157
[KG][d5d2b1c5-641] relation_extraction:relation_extraction 837/1157 (72%) - Chunk 837 / 1157
[KG][d5d2b1c5-641] relation_extraction:relation_extraction 834/1157 (72%) - Chunk 834 / 1157
[KG][d5d2b1c5-641] relation_extraction:relation_extraction 835/1157 (72%) - Chunk 835 / 1157
[KG][d5d2b1c5-641] relation_extraction:relation_extraction 836/1157 (72%) - Chunk 836 / 1157
[KG][d5d2b1c5-641] relation_extraction:relation_extraction 837/1157 (72%) - Chunk 837 / 1157
[KG][d5d2b1c5-641] relation_extraction:relation_extraction 838/1157 (72%) - Chunk 838 / 1157
[KG][d5d2b1c5-641] relation_extraction:relation_extraction 838/1157 (72%) - Chunk 838 / 1157
[KG][d5d2b1c5-641] relation_extraction:relation_extraction 839/1157 (73%) - Chunk 839 / 1157
[KG][d5d2b1c5-641] relation_extraction:relation_extraction 839/1157 (73%) - Chunk 839 / 1157
[KG][d5d2b1c5-641] relation_extraction:relation_extraction 840/1157 (73%) - Chunk 840 / 1157
[KG][d5d2b1c5-641] relation_extraction:relation_extraction 840/1157 (73%) - Chunk 840 / 1157
[KG][d5d2b1c5-641] relation_extraction:relation_extraction 841/1157 (73%) - Chunk 841 / 1157
[KG][d5d2b1c5-641] relation_extraction:relation_extraction 841/1157 (73%) - Chunk 841 / 1157
[KG][d5d2b1c5-641] relation_extraction:relation_extraction 842/1157 (73%) - Chunk 842 / 1157
[KG][d5d2b1c5-641] relation_extraction:relation_extraction 842/1157 (73%) - Chunk 842 / 1157
[KG][d5d2b1c5-641] relation_extraction:relation_extraction 843/1157 (73%) - Chunk 843 / 1157
[KG][d5d2b1c5-641] relation_extraction:relation_extraction 843/1157 (73%) - Chunk 843 / 1157
[KG][d5d2b1c5-641] relation_extraction:relation_extraction 844/1157 (73%) - Chunk 844 / 1157
[KG][d5d2b1c5-641] relation_extraction:relation_extraction 845/1157 (73%) - Chunk 845 / 1157
[KG][d5d2b1c5-641] relation_extraction:relation_extraction 846/1157 (73%) - Chunk 846 / 1157
[KG][d5d2b1c5-641] relation_extraction:relation_extraction 844/1157 (73%) - Chunk 844 / 1157
[KG][d5d2b1c5-641] relation_extraction:relation_extraction 845/1157 (73%) - Chunk 845 / 1157
[KG][d5d2b1c5-641] relation_extraction:relation_extraction 847/1157 (73%) - Chunk 847 / 1157
[KG][d5d2b1c5-641] relation_extraction:relation_extraction 846/1157 (73%) - Chunk 846 / 1157
[KG][d5d2b1c5-641] relation_extraction:relation_extraction 847/1157 (73%) - Chunk 847 / 1157
[KG][d5d2b1c5-641] relation_extraction:relation_extraction 848/1157 (73%) - Chunk 848 / 1157
[KG][d5d2b1c5-641] relation_extraction:relation_extraction 849/1157 (73%) - Chunk 849 / 1157
[KG][d5d2b1c5-641] relation_extraction:relation_extraction 848/1157 (73%) - Chunk 848 / 1157
[KG][d5d2b1c5-641] relation_extraction:relation_extraction 849/1157 (73%) - Chunk 849 / 1157
[KG][d5d2b1c5-641] relation_extraction:relation_extraction 850/1157 (73%) - Chunk 850 / 1157
[KG][d5d2b1c5-641] relation_extraction:relation_extraction 851/1157 (74%) - Chunk 851 / 1157
[KG][d5d2b1c5-641] relation_extraction:relation_extraction 850/1157 (73%) - Chunk 850 / 1157
[KG][d5d2b1c5-641] relation_extraction:relation_extraction 851/1157 (74%) - Chunk 851 / 1157
[KG][d5d2b1c5-641] relation_extraction:relation_extraction 852/1157 (74%) - Chunk 852 / 1157
[KG][d5d2b1c5-641] relation_extraction:relation_extraction 852/1157 (74%) - Chunk 852 / 1157
[KG][d5d2b1c5-641] relation_extraction:relation_extraction 853/1157 (74%) - Chunk 853 / 1157
[KG][d5d2b1c5-641] relation_extraction:relation_extraction 854/1157 (74%) - Chunk 854 / 1157
[KG][d5d2b1c5-641] relation_extraction:relation_extraction 853/1157 (74%) - Chunk 853 / 1157
[KG][d5d2b1c5-641] relation_extraction:relation_extraction 855/1157 (74%) - Chunk 855 / 1157
[KG][d5d2b1c5-641] relation_extraction:relation_extraction 856/1157 (74%) - Chunk 856 / 1157
[KG][d5d2b1c5-641] relation_extraction:relation_extraction 857/1157 (74%) - Chunk 857 / 1157
[KG][d5d2b1c5-641] relation_extraction:relation_extraction 858/1157 (74%) - Chunk 858 / 1157
[KG][d5d2b1c5-641] relation_extraction:relation_extraction 854/1157 (74%) - Chunk 854 / 1157
[KG][d5d2b1c5-641] relation_extraction:relation_extraction 855/1157 (74%) - Chunk 855 / 1157
[KG][d5d2b1c5-641] relation_extraction:relation_extraction 856/1157 (74%) - Chunk 856 / 1157
[KG][d5d2b1c5-641] relation_extraction:relation_extraction 859/1157 (74%) - Chunk 859 / 1157
[KG][d5d2b1c5-641] relation_extraction:relation_extraction 857/1157 (74%) - Chunk 857 / 1157
[KG][d5d2b1c5-641] relation_extraction:relation_extraction 858/1157 (74%) - Chunk 858 / 1157
[KG][d5d2b1c5-641] relation_extraction:relation_extraction 860/1157 (74%) - Chunk 860 / 1157
[KG][d5d2b1c5-641] relation_extraction:relation_extraction 859/1157 (74%) - Chunk 859 / 1157
[KG][d5d2b1c5-641] relation_extraction:relation_extraction 861/1157 (74%) - Chunk 861 / 1157
[KG][d5d2b1c5-641] relation_extraction:relation_extraction 862/1157 (75%) - Chunk 862 / 1157
[KG][d5d2b1c5-641] relation_extraction:relation_extraction 863/1157 (75%) - Chunk 863 / 1157
[KG][d5d2b1c5-641] relation_extraction:relation_extraction 864/1157 (75%) - Chunk 864 / 1157
[KG][d5d2b1c5-641] relation_extraction:relation_extraction 860/1157 (74%) - Chunk 860 / 1157
[KG][d5d2b1c5-641] relation_extraction:relation_extraction 865/1157 (75%) - Chunk 865 / 1157
[KG][d5d2b1c5-641] relation_extraction:relation_extraction 866/1157 (75%) - Chunk 866 / 1157
[KG][d5d2b1c5-641] relation_extraction:relation_extraction 867/1157 (75%) - Chunk 867 / 1157
[KG][d5d2b1c5-641] relation_extraction:relation_extraction 868/1157 (75%) - Chunk 868 / 1157
[KG][d5d2b1c5-641] relation_extraction:relation_extraction 869/1157 (75%) - Chunk 869 / 1157
[KG][d5d2b1c5-641] relation_extraction:relation_extraction 861/1157 (74%) - Chunk 861 / 1157
[KG][d5d2b1c5-641] relation_extraction:relation_extraction 862/1157 (75%) - Chunk 862 / 1157
[KG][d5d2b1c5-641] relation_extraction:relation_extraction 863/1157 (75%) - Chunk 863 / 1157
[KG][d5d2b1c5-641] relation_extraction:relation_extraction 864/1157 (75%) - Chunk 864 / 1157
[KG][d5d2b1c5-641] relation_extraction:relation_extraction 865/1157 (75%) - Chunk 865 / 1157
[KG][d5d2b1c5-641] relation_extraction:relation_extraction 866/1157 (75%) - Chunk 866 / 1157
[KG][d5d2b1c5-641] relation_extraction:relation_extraction 867/1157 (75%) - Chunk 867 / 1157
[KG][d5d2b1c5-641] relation_extraction:relation_extraction 870/1157 (75%) - Chunk 870 / 1157
[KG][d5d2b1c5-641] relation_extraction:relation_extraction 868/1157 (75%) - Chunk 868 / 1157
[KG][d5d2b1c5-641] relation_extraction:relation_extraction 871/1157 (75%) - Chunk 871 / 1157
[KG][d5d2b1c5-641] relation_extraction:relation_extraction 872/1157 (75%) - Chunk 872 / 1157
[KG][d5d2b1c5-641] relation_extraction:relation_extraction 873/1157 (75%) - Chunk 873 / 1157
[KG][d5d2b1c5-641] relation_extraction:relation_extraction 869/1157 (75%) - Chunk 869 / 1157
[KG][d5d2b1c5-641] relation_extraction:relation_extraction 870/1157 (75%) - Chunk 870 / 1157
[KG][d5d2b1c5-641] relation_extraction:relation_extraction 874/1157 (76%) - Chunk 874 / 1157
[KG][d5d2b1c5-641] relation_extraction:relation_extraction 875/1157 (76%) - Chunk 875 / 1157
[KG][d5d2b1c5-641] relation_extraction:relation_extraction 871/1157 (75%) - Chunk 871 / 1157
[KG][d5d2b1c5-641] relation_extraction:relation_extraction 872/1157 (75%) - Chunk 872 / 1157
[KG][d5d2b1c5-641] relation_extraction:relation_extraction 876/1157 (76%) - Chunk 876 / 1157
[KG][d5d2b1c5-641] relation_extraction:relation_extraction 877/1157 (76%) - Chunk 877 / 1157
[KG][d5d2b1c5-641] relation_extraction:relation_extraction 878/1157 (76%) - Chunk 878 / 1157
[KG][d5d2b1c5-641] relation_extraction:relation_extraction 879/1157 (76%) - Chunk 879 / 1157
[KG][d5d2b1c5-641] relation_extraction:relation_extraction 880/1157 (76%) - Chunk 880 / 1157
[KG][d5d2b1c5-641] relation_extraction:relation_extraction 881/1157 (76%) - Chunk 881 / 1157
[KG][d5d2b1c5-641] relation_extraction:relation_extraction 882/1157 (76%) - Chunk 882 / 1157
[KG][d5d2b1c5-641] relation_extraction:relation_extraction 883/1157 (76%) - Chunk 883 / 1157
[KG][d5d2b1c5-641] relation_extraction:relation_extraction 873/1157 (75%) - Chunk 873 / 1157
[KG][d5d2b1c5-641] relation_extraction:relation_extraction 874/1157 (76%) - Chunk 874 / 1157
[KG][d5d2b1c5-641] relation_extraction:relation_extraction 875/1157 (76%) - Chunk 875 / 1157
[KG][d5d2b1c5-641] relation_extraction:relation_extraction 876/1157 (76%) - Chunk 876 / 1157
[KG][d5d2b1c5-641] relation_extraction:relation_extraction 884/1157 (76%) - Chunk 884 / 1157
[KG][d5d2b1c5-641] relation_extraction:relation_extraction 885/1157 (76%) - Chunk 885 / 1157
[KG][d5d2b1c5-641] relation_extraction:relation_extraction 877/1157 (76%) - Chunk 877 / 1157
[KG][d5d2b1c5-641] relation_extraction:relation_extraction 878/1157 (76%) - Chunk 878 / 1157
[KG][d5d2b1c5-641] relation_extraction:relation_extraction 879/1157 (76%) - Chunk 879 / 1157
[KG][d5d2b1c5-641] relation_extraction:relation_extraction 880/1157 (76%) - Chunk 880 / 1157
[KG][d5d2b1c5-641] relation_extraction:relation_extraction 886/1157 (77%) - Chunk 886 / 1157
[KG][d5d2b1c5-641] relation_extraction:relation_extraction 881/1157 (76%) - Chunk 881 / 1157
[KG][d5d2b1c5-641] relation_extraction:relation_extraction 882/1157 (76%) - Chunk 882 / 1157
[KG][d5d2b1c5-641] relation_extraction:relation_extraction 887/1157 (77%) - Chunk 887 / 1157
[KG][d5d2b1c5-641] relation_extraction:relation_extraction 888/1157 (77%) - Chunk 888 / 1157
[KG][d5d2b1c5-641] relation_extraction:relation_extraction 883/1157 (76%) - Chunk 883 / 1157
[KG][d5d2b1c5-641] relation_extraction:relation_extraction 889/1157 (77%) - Chunk 889 / 1157
[KG][d5d2b1c5-641] relation_extraction:relation_extraction 884/1157 (76%) - Chunk 884 / 1157
[KG][d5d2b1c5-641] relation_extraction:relation_extraction 890/1157 (77%) - Chunk 890 / 1157
[KG][d5d2b1c5-641] relation_extraction:relation_extraction 891/1157 (77%) - Chunk 891 / 1157
[KG][d5d2b1c5-641] relation_extraction:relation_extraction 885/1157 (76%) - Chunk 885 / 1157
[KG][d5d2b1c5-641] relation_extraction:relation_extraction 886/1157 (77%) - Chunk 886 / 1157
[KG][d5d2b1c5-641] relation_extraction:relation_extraction 887/1157 (77%) - Chunk 887 / 1157
[KG][d5d2b1c5-641] relation_extraction:relation_extraction 892/1157 (77%) - Chunk 892 / 1157
[KG][d5d2b1c5-641] relation_extraction:relation_extraction 893/1157 (77%) - Chunk 893 / 1157
[KG][d5d2b1c5-641] relation_extraction:relation_extraction 888/1157 (77%) - Chunk 888 / 1157
[KG][d5d2b1c5-641] relation_extraction:relation_extraction 894/1157 (77%) - Chunk 894 / 1157
[KG][d5d2b1c5-641] relation_extraction:relation_extraction 895/1157 (77%) - Chunk 895 / 1157
[KG][d5d2b1c5-641] relation_extraction:relation_extraction 889/1157 (77%) - Chunk 889 / 1157
[KG][d5d2b1c5-641] relation_extraction:relation_extraction 890/1157 (77%) - Chunk 890 / 1157
[KG][d5d2b1c5-641] relation_extraction:relation_extraction 891/1157 (77%) - Chunk 891 / 1157
[KG][d5d2b1c5-641] relation_extraction:relation_extraction 892/1157 (77%) - Chunk 892 / 1157
[KG][d5d2b1c5-641] relation_extraction:relation_extraction 896/1157 (77%) - Chunk 896 / 1157
[KG][d5d2b1c5-641] relation_extraction:relation_extraction 897/1157 (78%) - Chunk 897 / 1157
[KG][d5d2b1c5-641] relation_extraction:relation_extraction 893/1157 (77%) - Chunk 893 / 1157
[KG][d5d2b1c5-641] relation_extraction:relation_extraction 894/1157 (77%) - Chunk 894 / 1157
[KG][d5d2b1c5-641] relation_extraction:relation_extraction 898/1157 (78%) - Chunk 898 / 1157
[KG][d5d2b1c5-641] relation_extraction:relation_extraction 899/1157 (78%) - Chunk 899 / 1157
[KG][d5d2b1c5-641] relation_extraction:relation_extraction 900/1157 (78%) - Chunk 900 / 1157
[KG][d5d2b1c5-641] relation_extraction:relation_extraction 895/1157 (77%) - Chunk 895 / 1157
[KG][d5d2b1c5-641] relation_extraction:relation_extraction 896/1157 (77%) - Chunk 896 / 1157
[KG][d5d2b1c5-641] relation_extraction:relation_extraction 897/1157 (78%) - Chunk 897 / 1157
[KG][d5d2b1c5-641] relation_extraction:relation_extraction 898/1157 (78%) - Chunk 898 / 1157
[KG][d5d2b1c5-641] relation_extraction:relation_extraction 901/1157 (78%) - Chunk 901 / 1157
[KG][d5d2b1c5-641] relation_extraction:relation_extraction 902/1157 (78%) - Chunk 902 / 1157
[KG][d5d2b1c5-641] relation_extraction:relation_extraction 899/1157 (78%) - Chunk 899 / 1157
[KG][d5d2b1c5-641] relation_extraction:relation_extraction 903/1157 (78%) - Chunk 903 / 1157
[KG][d5d2b1c5-641] relation_extraction:relation_extraction 904/1157 (78%) - Chunk 904 / 1157
[KG][d5d2b1c5-641] relation_extraction:relation_extraction 900/1157 (78%) - Chunk 900 / 1157
[KG][d5d2b1c5-641] relation_extraction:relation_extraction 901/1157 (78%) - Chunk 901 / 1157
[KG][d5d2b1c5-641] relation_extraction:relation_extraction 902/1157 (78%) - Chunk 902 / 1157
[KG][d5d2b1c5-641] relation_extraction:relation_extraction 903/1157 (78%) - Chunk 903 / 1157
[KG][d5d2b1c5-641] relation_extraction:relation_extraction 905/1157 (78%) - Chunk 905 / 1157
[KG][d5d2b1c5-641] relation_extraction:relation_extraction 906/1157 (78%) - Chunk 906 / 1157
[KG][d5d2b1c5-641] relation_extraction:relation_extraction 907/1157 (78%) - Chunk 907 / 1157
[KG][d5d2b1c5-641] relation_extraction:relation_extraction 904/1157 (78%) - Chunk 904 / 1157
[KG][d5d2b1c5-641] relation_extraction:relation_extraction 905/1157 (78%) - Chunk 905 / 1157
[KG][d5d2b1c5-641] relation_extraction:relation_extraction 908/1157 (78%) - Chunk 908 / 1157
[KG][d5d2b1c5-641] relation_extraction:relation_extraction 906/1157 (78%) - Chunk 906 / 1157
[KG][d5d2b1c5-641] relation_extraction:relation_extraction 909/1157 (79%) - Chunk 909 / 1157
[KG][d5d2b1c5-641] relation_extraction:relation_extraction 910/1157 (79%) - Chunk 910 / 1157
[ERROR] LLM chat_json failed after 3 attempts (trace=d488712c): Request timed out.
[KG][d5d2b1c5-641] relation_extraction:relation_extraction 907/1157 (78%) - Chunk 907 / 1157
[KG][d5d2b1c5-641] relation_extraction:relation_extraction 908/1157 (78%) - Chunk 908 / 1157
[KG][d5d2b1c5-641] relation_extraction:relation_extraction 909/1157 (79%) - Chunk 909 / 1157
[KG][d5d2b1c5-641] relation_extraction:relation_extraction 911/1157 (79%) - Chunk 911 / 1157
[KG][d5d2b1c5-641] relation_extraction:relation_extraction 910/1157 (79%) - Chunk 910 / 1157
[KG][d5d2b1c5-641] relation_extraction:relation_extraction 912/1157 (79%) - Chunk 912 / 1157
[KG][d5d2b1c5-641] relation_extraction:relation_extraction 913/1157 (79%) - Chunk 913 / 1157
[KG][d5d2b1c5-641] relation_extraction:relation_extraction 911/1157 (79%) - Chunk 911 / 1157
[KG][d5d2b1c5-641] relation_extraction:relation_extraction 914/1157 (79%) - Chunk 914 / 1157
[KG][d5d2b1c5-641] relation_extraction:relation_extraction 915/1157 (79%) - Chunk 915 / 1157
[KG][d5d2b1c5-641] relation_extraction:relation_extraction 916/1157 (79%) - Chunk 916 / 1157
[KG][d5d2b1c5-641] relation_extraction:relation_extraction 917/1157 (79%) - Chunk 917 / 1157
[KG][d5d2b1c5-641] relation_extraction:relation_extraction 912/1157 (79%) - Chunk 912 / 1157
[KG][d5d2b1c5-641] relation_extraction:relation_extraction 913/1157 (79%) - Chunk 913 / 1157
[KG][d5d2b1c5-641] relation_extraction:relation_extraction 918/1157 (79%) - Chunk 918 / 1157
[KG][d5d2b1c5-641] relation_extraction:relation_extraction 914/1157 (79%) - Chunk 914 / 1157
[KG][d5d2b1c5-641] relation_extraction:relation_extraction 915/1157 (79%) - Chunk 915 / 1157
[KG][d5d2b1c5-641] relation_extraction:relation_extraction 916/1157 (79%) - Chunk 916 / 1157
[KG][d5d2b1c5-641] relation_extraction:relation_extraction 919/1157 (79%) - Chunk 919 / 1157
[KG][d5d2b1c5-641] relation_extraction:relation_extraction 917/1157 (79%) - Chunk 917 / 1157
[KG][d5d2b1c5-641] relation_extraction:relation_extraction 920/1157 (80%) - Chunk 920 / 1157
[KG][d5d2b1c5-641] relation_extraction:relation_extraction 921/1157 (80%) - Chunk 921 / 1157
[KG][d5d2b1c5-641] relation_extraction:relation_extraction 918/1157 (79%) - Chunk 918 / 1157
[KG][d5d2b1c5-641] relation_extraction:relation_extraction 919/1157 (79%) - Chunk 919 / 1157
[KG][d5d2b1c5-641] relation_extraction:relation_extraction 920/1157 (80%) - Chunk 920 / 1157
[KG][d5d2b1c5-641] relation_extraction:relation_extraction 921/1157 (80%) - Chunk 921 / 1157
[KG][d5d2b1c5-641] relation_extraction:relation_extraction 922/1157 (80%) - Chunk 922 / 1157
[KG][d5d2b1c5-641] relation_extraction:relation_extraction 923/1157 (80%) - Chunk 923 / 1157
[KG][d5d2b1c5-641] relation_extraction:relation_extraction 924/1157 (80%) - Chunk 924 / 1157
[KG][d5d2b1c5-641] relation_extraction:relation_extraction 925/1157 (80%) - Chunk 925 / 1157
[KG][d5d2b1c5-641] relation_extraction:relation_extraction 926/1157 (80%) - Chunk 926 / 1157
[KG][d5d2b1c5-641] relation_extraction:relation_extraction 922/1157 (80%) - Chunk 922 / 1157
[KG][d5d2b1c5-641] relation_extraction:relation_extraction 923/1157 (80%) - Chunk 923 / 1157
[KG][d5d2b1c5-641] relation_extraction:relation_extraction 924/1157 (80%) - Chunk 924 / 1157
[KG][d5d2b1c5-641] relation_extraction:relation_extraction 925/1157 (80%) - Chunk 925 / 1157
[KG][d5d2b1c5-641] relation_extraction:relation_extraction 926/1157 (80%) - Chunk 926 / 1157
[KG][d5d2b1c5-641] relation_extraction:relation_extraction 927/1157 (80%) - Chunk 927 / 1157
[KG][d5d2b1c5-641] relation_extraction:relation_extraction 928/1157 (80%) - Chunk 928 / 1157
[KG][d5d2b1c5-641] relation_extraction:relation_extraction 927/1157 (80%) - Chunk 927 / 1157
[KG][d5d2b1c5-641] relation_extraction:relation_extraction 928/1157 (80%) - Chunk 928 / 1157
[KG][d5d2b1c5-641] relation_extraction:relation_extraction 929/1157 (80%) - Chunk 929 / 1157
[KG][d5d2b1c5-641] relation_extraction:relation_extraction 930/1157 (80%) - Chunk 930 / 1157
[KG][d5d2b1c5-641] relation_extraction:relation_extraction 931/1157 (80%) - Chunk 931 / 1157
[KG][d5d2b1c5-641] relation_extraction:relation_extraction 932/1157 (81%) - Chunk 932 / 1157
[KG][d5d2b1c5-641] relation_extraction:relation_extraction 929/1157 (80%) - Chunk 929 / 1157
[KG][d5d2b1c5-641] relation_extraction:relation_extraction 930/1157 (80%) - Chunk 930 / 1157
[KG][d5d2b1c5-641] relation_extraction:relation_extraction 931/1157 (80%) - Chunk 931 / 1157
[KG][d5d2b1c5-641] relation_extraction:relation_extraction 932/1157 (81%) - Chunk 932 / 1157
[KG][d5d2b1c5-641] relation_extraction:relation_extraction 933/1157 (81%) - Chunk 933 / 1157
[KG][d5d2b1c5-641] relation_extraction:relation_extraction 933/1157 (81%) - Chunk 933 / 1157
[KG][d5d2b1c5-641] relation_extraction:relation_extraction 934/1157 (81%) - Chunk 934 / 1157
[KG][d5d2b1c5-641] relation_extraction:relation_extraction 935/1157 (81%) - Chunk 935 / 1157
[KG][d5d2b1c5-641] relation_extraction:relation_extraction 936/1157 (81%) - Chunk 936 / 1157
[KG][d5d2b1c5-641] relation_extraction:relation_extraction 934/1157 (81%) - Chunk 934 / 1157
[KG][d5d2b1c5-641] relation_extraction:relation_extraction 935/1157 (81%) - Chunk 935 / 1157
[KG][d5d2b1c5-641] relation_extraction:relation_extraction 937/1157 (81%) - Chunk 937 / 1157
[KG][d5d2b1c5-641] relation_extraction:relation_extraction 938/1157 (81%) - Chunk 938 / 1157
[KG][d5d2b1c5-641] relation_extraction:relation_extraction 939/1157 (81%) - Chunk 939 / 1157
[KG][d5d2b1c5-641] relation_extraction:relation_extraction 936/1157 (81%) - Chunk 936 / 1157
[KG][d5d2b1c5-641] relation_extraction:relation_extraction 940/1157 (81%) - Chunk 940 / 1157
[KG][d5d2b1c5-641] relation_extraction:relation_extraction 937/1157 (81%) - Chunk 937 / 1157
[KG][d5d2b1c5-641] relation_extraction:relation_extraction 938/1157 (81%) - Chunk 938 / 1157
[KG][d5d2b1c5-641] relation_extraction:relation_extraction 941/1157 (81%) - Chunk 941 / 1157
[KG][d5d2b1c5-641] relation_extraction:relation_extraction 942/1157 (81%) - Chunk 942 / 1157
[KG][d5d2b1c5-641] relation_extraction:relation_extraction 939/1157 (81%) - Chunk 939 / 1157
[KG][d5d2b1c5-641] relation_extraction:relation_extraction 943/1157 (82%) - Chunk 943 / 1157
[KG][d5d2b1c5-641] relation_extraction:relation_extraction 940/1157 (81%) - Chunk 940 / 1157
[KG][d5d2b1c5-641] relation_extraction:relation_extraction 941/1157 (81%) - Chunk 941 / 1157
[KG][d5d2b1c5-641] relation_extraction:relation_extraction 944/1157 (82%) - Chunk 944 / 1157
[KG][d5d2b1c5-641] relation_extraction:relation_extraction 942/1157 (81%) - Chunk 942 / 1157
[KG][d5d2b1c5-641] relation_extraction:relation_extraction 943/1157 (82%) - Chunk 943 / 1157
[KG][d5d2b1c5-641] relation_extraction:relation_extraction 945/1157 (82%) - Chunk 945 / 1157
[KG][d5d2b1c5-641] relation_extraction:relation_extraction 944/1157 (82%) - Chunk 944 / 1157
[KG][d5d2b1c5-641] relation_extraction:relation_extraction 946/1157 (82%) - Chunk 946 / 1157
[KG][d5d2b1c5-641] relation_extraction:relation_extraction 947/1157 (82%) - Chunk 947 / 1157
[KG][d5d2b1c5-641] relation_extraction:relation_extraction 948/1157 (82%) - Chunk 948 / 1157
[KG][d5d2b1c5-641] relation_extraction:relation_extraction 949/1157 (82%) - Chunk 949 / 1157
[KG][d5d2b1c5-641] relation_extraction:relation_extraction 945/1157 (82%) - Chunk 945 / 1157
[KG][d5d2b1c5-641] relation_extraction:relation_extraction 946/1157 (82%) - Chunk 946 / 1157
[KG][d5d2b1c5-641] relation_extraction:relation_extraction 947/1157 (82%) - Chunk 947 / 1157
[KG][d5d2b1c5-641] relation_extraction:relation_extraction 948/1157 (82%) - Chunk 948 / 1157
[KG][d5d2b1c5-641] relation_extraction:relation_extraction 949/1157 (82%) - Chunk 949 / 1157
[KG][d5d2b1c5-641] relation_extraction:relation_extraction 950/1157 (82%) - Chunk 950 / 1157
[KG][d5d2b1c5-641] relation_extraction:relation_extraction 951/1157 (82%) - Chunk 951 / 1157
[KG][d5d2b1c5-641] relation_extraction:relation_extraction 952/1157 (82%) - Chunk 952 / 1157
[KG][d5d2b1c5-641] relation_extraction:relation_extraction 950/1157 (82%) - Chunk 950 / 1157
[KG][d5d2b1c5-641] relation_extraction:relation_extraction 951/1157 (82%) - Chunk 951 / 1157
[KG][d5d2b1c5-641] relation_extraction:relation_extraction 953/1157 (82%) - Chunk 953 / 1157
[KG][d5d2b1c5-641] relation_extraction:relation_extraction 952/1157 (82%) - Chunk 952 / 1157
[KG][d5d2b1c5-641] relation_extraction:relation_extraction 954/1157 (82%) - Chunk 954 / 1157
[KG][d5d2b1c5-641] relation_extraction:relation_extraction 953/1157 (82%) - Chunk 953 / 1157
[KG][d5d2b1c5-641] relation_extraction:relation_extraction 954/1157 (82%) - Chunk 954 / 1157
[KG][d5d2b1c5-641] relation_extraction:relation_extraction 955/1157 (83%) - Chunk 955 / 1157
[KG][d5d2b1c5-641] relation_extraction:relation_extraction 956/1157 (83%) - Chunk 956 / 1157
[KG][d5d2b1c5-641] relation_extraction:relation_extraction 957/1157 (83%) - Chunk 957 / 1157
[KG][d5d2b1c5-641] relation_extraction:relation_extraction 958/1157 (83%) - Chunk 958 / 1157
[KG][d5d2b1c5-641] relation_extraction:relation_extraction 959/1157 (83%) - Chunk 959 / 1157
[KG][d5d2b1c5-641] relation_extraction:relation_extraction 955/1157 (83%) - Chunk 955 / 1157
[KG][d5d2b1c5-641] relation_extraction:relation_extraction 956/1157 (83%) - Chunk 956 / 1157
[KG][d5d2b1c5-641] relation_extraction:relation_extraction 957/1157 (83%) - Chunk 957 / 1157
[KG][d5d2b1c5-641] relation_extraction:relation_extraction 960/1157 (83%) - Chunk 960 / 1157
[KG][d5d2b1c5-641] relation_extraction:relation_extraction 958/1157 (83%) - Chunk 958 / 1157
[KG][d5d2b1c5-641] relation_extraction:relation_extraction 961/1157 (83%) - Chunk 961 / 1157
[KG][d5d2b1c5-641] relation_extraction:relation_extraction 962/1157 (83%) - Chunk 962 / 1157
[KG][d5d2b1c5-641] relation_extraction:relation_extraction 963/1157 (83%) - Chunk 963 / 1157
[KG][d5d2b1c5-641] relation_extraction:relation_extraction 959/1157 (83%) - Chunk 959 / 1157
[KG][d5d2b1c5-641] relation_extraction:relation_extraction 960/1157 (83%) - Chunk 960 / 1157
[KG][d5d2b1c5-641] relation_extraction:relation_extraction 961/1157 (83%) - Chunk 961 / 1157
[KG][d5d2b1c5-641] relation_extraction:relation_extraction 964/1157 (83%) - Chunk 964 / 1157
[KG][d5d2b1c5-641] relation_extraction:relation_extraction 965/1157 (83%) - Chunk 965 / 1157
[KG][d5d2b1c5-641] relation_extraction:relation_extraction 962/1157 (83%) - Chunk 962 / 1157
[KG][d5d2b1c5-641] relation_extraction:relation_extraction 963/1157 (83%) - Chunk 963 / 1157
[KG][d5d2b1c5-641] relation_extraction:relation_extraction 966/1157 (83%) - Chunk 966 / 1157
[KG][d5d2b1c5-641] relation_extraction:relation_extraction 964/1157 (83%) - Chunk 964 / 1157
[KG][d5d2b1c5-641] relation_extraction:relation_extraction 967/1157 (84%) - Chunk 967 / 1157
[KG][d5d2b1c5-641] relation_extraction:relation_extraction 968/1157 (84%) - Chunk 968 / 1157
[KG][d5d2b1c5-641] relation_extraction:relation_extraction 965/1157 (83%) - Chunk 965 / 1157
[KG][d5d2b1c5-641] relation_extraction:relation_extraction 966/1157 (83%) - Chunk 966 / 1157
[KG][d5d2b1c5-641] relation_extraction:relation_extraction 969/1157 (84%) - Chunk 969 / 1157
[KG][d5d2b1c5-641] relation_extraction:relation_extraction 970/1157 (84%) - Chunk 970 / 1157
[KG][d5d2b1c5-641] relation_extraction:relation_extraction 967/1157 (84%) - Chunk 967 / 1157
[KG][d5d2b1c5-641] relation_extraction:relation_extraction 971/1157 (84%) - Chunk 971 / 1157
[KG][d5d2b1c5-641] relation_extraction:relation_extraction 968/1157 (84%) - Chunk 968 / 1157
[KG][d5d2b1c5-641] relation_extraction:relation_extraction 969/1157 (84%) - Chunk 969 / 1157
[KG][d5d2b1c5-641] relation_extraction:relation_extraction 970/1157 (84%) - Chunk 970 / 1157
[KG][d5d2b1c5-641] relation_extraction:relation_extraction 972/1157 (84%) - Chunk 972 / 1157
[KG][d5d2b1c5-641] relation_extraction:relation_extraction 973/1157 (84%) - Chunk 973 / 1157
[KG][d5d2b1c5-641] relation_extraction:relation_extraction 971/1157 (84%) - Chunk 971 / 1157
[KG][d5d2b1c5-641] relation_extraction:relation_extraction 974/1157 (84%) - Chunk 974 / 1157
[KG][d5d2b1c5-641] relation_extraction:relation_extraction 975/1157 (84%) - Chunk 975 / 1157
[KG][d5d2b1c5-641] relation_extraction:relation_extraction 976/1157 (84%) - Chunk 976 / 1157
[KG][d5d2b1c5-641] relation_extraction:relation_extraction 972/1157 (84%) - Chunk 972 / 1157
[KG][d5d2b1c5-641] relation_extraction:relation_extraction 973/1157 (84%) - Chunk 973 / 1157
[KG][d5d2b1c5-641] relation_extraction:relation_extraction 974/1157 (84%) - Chunk 974 / 1157
[KG][d5d2b1c5-641] relation_extraction:relation_extraction 975/1157 (84%) - Chunk 975 / 1157
[KG][d5d2b1c5-641] relation_extraction:relation_extraction 976/1157 (84%) - Chunk 976 / 1157
[KG][d5d2b1c5-641] relation_extraction:relation_extraction 977/1157 (84%) - Chunk 977 / 1157
[KG][d5d2b1c5-641] relation_extraction:relation_extraction 978/1157 (85%) - Chunk 978 / 1157
[KG][d5d2b1c5-641] relation_extraction:relation_extraction 979/1157 (85%) - Chunk 979 / 1157
[KG][d5d2b1c5-641] relation_extraction:relation_extraction 977/1157 (84%) - Chunk 977 / 1157
[KG][d5d2b1c5-641] relation_extraction:relation_extraction 980/1157 (85%) - Chunk 980 / 1157
[KG][d5d2b1c5-641] relation_extraction:relation_extraction 981/1157 (85%) - Chunk 981 / 1157
[KG][d5d2b1c5-641] relation_extraction:relation_extraction 978/1157 (85%) - Chunk 978 / 1157
[KG][d5d2b1c5-641] relation_extraction:relation_extraction 982/1157 (85%) - Chunk 982 / 1157
[KG][d5d2b1c5-641] relation_extraction:relation_extraction 983/1157 (85%) - Chunk 983 / 1157
[KG][d5d2b1c5-641] relation_extraction:relation_extraction 984/1157 (85%) - Chunk 984 / 1157
[KG][d5d2b1c5-641] relation_extraction:relation_extraction 985/1157 (85%) - Chunk 985 / 1157
[KG][d5d2b1c5-641] relation_extraction:relation_extraction 986/1157 (85%) - Chunk 986 / 1157
[KG][d5d2b1c5-641] relation_extraction:relation_extraction 979/1157 (85%) - Chunk 979 / 1157
[KG][d5d2b1c5-641] relation_extraction:relation_extraction 980/1157 (85%) - Chunk 980 / 1157
[KG][d5d2b1c5-641] relation_extraction:relation_extraction 981/1157 (85%) - Chunk 981 / 1157
[KG][d5d2b1c5-641] relation_extraction:relation_extraction 982/1157 (85%) - Chunk 982 / 1157
[KG][d5d2b1c5-641] relation_extraction:relation_extraction 987/1157 (85%) - Chunk 987 / 1157
[KG][d5d2b1c5-641] relation_extraction:relation_extraction 988/1157 (85%) - Chunk 988 / 1157
[KG][d5d2b1c5-641] relation_extraction:relation_extraction 983/1157 (85%) - Chunk 983 / 1157
[KG][d5d2b1c5-641] relation_extraction:relation_extraction 984/1157 (85%) - Chunk 984 / 1157
[KG][d5d2b1c5-641] relation_extraction:relation_extraction 989/1157 (85%) - Chunk 989 / 1157
[KG][d5d2b1c5-641] relation_extraction:relation_extraction 990/1157 (86%) - Chunk 990 / 1157
[KG][d5d2b1c5-641] relation_extraction:relation_extraction 991/1157 (86%) - Chunk 991 / 1157
[KG][d5d2b1c5-641] relation_extraction:relation_extraction 985/1157 (85%) - Chunk 985 / 1157
[KG][d5d2b1c5-641] relation_extraction:relation_extraction 986/1157 (85%) - Chunk 986 / 1157
[KG][d5d2b1c5-641] relation_extraction:relation_extraction 992/1157 (86%) - Chunk 992 / 1157
[KG][d5d2b1c5-641] relation_extraction:relation_extraction 987/1157 (85%) - Chunk 987 / 1157
[KG][d5d2b1c5-641] relation_extraction:relation_extraction 988/1157 (85%) - Chunk 988 / 1157
[KG][d5d2b1c5-641] relation_extraction:relation_extraction 993/1157 (86%) - Chunk 993 / 1157
[KG][d5d2b1c5-641] relation_extraction:relation_extraction 994/1157 (86%) - Chunk 994 / 1157
[KG][d5d2b1c5-641] relation_extraction:relation_extraction 989/1157 (85%) - Chunk 989 / 1157
[KG][d5d2b1c5-641] relation_extraction:relation_extraction 990/1157 (86%) - Chunk 990 / 1157
[KG][d5d2b1c5-641] relation_extraction:relation_extraction 991/1157 (86%) - Chunk 991 / 1157
[KG][d5d2b1c5-641] relation_extraction:relation_extraction 995/1157 (86%) - Chunk 995 / 1157
[KG][d5d2b1c5-641] relation_extraction:relation_extraction 992/1157 (86%) - Chunk 992 / 1157
[KG][d5d2b1c5-641] relation_extraction:relation_extraction 996/1157 (86%) - Chunk 996 / 1157
[KG][d5d2b1c5-641] relation_extraction:relation_extraction 993/1157 (86%) - Chunk 993 / 1157
[KG][d5d2b1c5-641] relation_extraction:relation_extraction 994/1157 (86%) - Chunk 994 / 1157
[KG][d5d2b1c5-641] relation_extraction:relation_extraction 997/1157 (86%) - Chunk 997 / 1157
[KG][d5d2b1c5-641] relation_extraction:relation_extraction 995/1157 (86%) - Chunk 995 / 1157
[KG][d5d2b1c5-641] relation_extraction:relation_extraction 998/1157 (86%) - Chunk 998 / 1157
[KG][d5d2b1c5-641] relation_extraction:relation_extraction 996/1157 (86%) - Chunk 996 / 1157
[KG][d5d2b1c5-641] relation_extraction:relation_extraction 999/1157 (86%) - Chunk 999 / 1157
[KG][d5d2b1c5-641] relation_extraction:relation_extraction 997/1157 (86%) - Chunk 997 / 1157
[KG][d5d2b1c5-641] relation_extraction:relation_extraction 1000/1157 (86%) - Chunk 1000 / 1157
[KG][d5d2b1c5-641] relation_extraction:relation_extraction 998/1157 (86%) - Chunk 998 / 1157
[KG][d5d2b1c5-641] relation_extraction:relation_extraction 999/1157 (86%) - Chunk 999 / 1157
[KG][d5d2b1c5-641] relation_extraction:relation_extraction 1001/1157 (87%) - Chunk 1001 / 1157
[KG][d5d2b1c5-641] relation_extraction:relation_extraction 1000/1157 (86%) - Chunk 1000 / 1157
[KG][d5d2b1c5-641] relation_extraction:relation_extraction 1002/1157 (87%) - Chunk 1002 / 1157
[KG][d5d2b1c5-641] relation_extraction:relation_extraction 1003/1157 (87%) - Chunk 1003 / 1157
[KG][d5d2b1c5-641] relation_extraction:relation_extraction 1001/1157 (87%) - Chunk 1001 / 1157
[KG][d5d2b1c5-641] relation_extraction:relation_extraction 1002/1157 (87%) - Chunk 1002 / 1157
[KG][d5d2b1c5-641] relation_extraction:relation_extraction 1004/1157 (87%) - Chunk 1004 / 1157
[KG][d5d2b1c5-641] relation_extraction:relation_extraction 1003/1157 (87%) - Chunk 1003 / 1157
[KG][d5d2b1c5-641] relation_extraction:relation_extraction 1004/1157 (87%) - Chunk 1004 / 1157
[KG][d5d2b1c5-641] relation_extraction:relation_extraction 1005/1157 (87%) - Chunk 1005 / 1157
[KG][d5d2b1c5-641] relation_extraction:relation_extraction 1005/1157 (87%) - Chunk 1005 / 1157
[KG][d5d2b1c5-641] relation_extraction:relation_extraction 1006/1157 (87%) - Chunk 1006 / 1157
[KG][d5d2b1c5-641] relation_extraction:relation_extraction 1006/1157 (87%) - Chunk 1006 / 1157
[KG][d5d2b1c5-641] relation_extraction:relation_extraction 1007/1157 (87%) - Chunk 1007 / 1157
[KG][d5d2b1c5-641] relation_extraction:relation_extraction 1007/1157 (87%) - Chunk 1007 / 1157
[KG][d5d2b1c5-641] relation_extraction:relation_extraction 1008/1157 (87%) - Chunk 1008 / 1157
[KG][d5d2b1c5-641] relation_extraction:relation_extraction 1008/1157 (87%) - Chunk 1008 / 1157
[KG][d5d2b1c5-641] relation_extraction:relation_extraction 1009/1157 (87%) - Chunk 1009 / 1157
[KG][d5d2b1c5-641] relation_extraction:relation_extraction 1010/1157 (87%) - Chunk 1010 / 1157
[KG][d5d2b1c5-641] relation_extraction:relation_extraction 1009/1157 (87%) - Chunk 1009 / 1157
[KG][d5d2b1c5-641] relation_extraction:relation_extraction 1011/1157 (87%) - Chunk 1011 / 1157
[KG][d5d2b1c5-641] relation_extraction:relation_extraction 1010/1157 (87%) - Chunk 1010 / 1157
[KG][d5d2b1c5-641] relation_extraction:relation_extraction 1011/1157 (87%) - Chunk 1011 / 1157
[KG][d5d2b1c5-641] relation_extraction:relation_extraction 1012/1157 (87%) - Chunk 1012 / 1157
[KG][d5d2b1c5-641] relation_extraction:relation_extraction 1012/1157 (87%) - Chunk 1012 / 1157
[KG][d5d2b1c5-641] relation_extraction:relation_extraction 1013/1157 (88%) - Chunk 1013 / 1157
[KG][d5d2b1c5-641] relation_extraction:relation_extraction 1014/1157 (88%) - Chunk 1014 / 1157
[KG][d5d2b1c5-641] relation_extraction:relation_extraction 1015/1157 (88%) - Chunk 1015 / 1157
[KG][d5d2b1c5-641] relation_extraction:relation_extraction 1013/1157 (88%) - Chunk 1013 / 1157
[KG][d5d2b1c5-641] relation_extraction:relation_extraction 1016/1157 (88%) - Chunk 1016 / 1157
[KG][d5d2b1c5-641] relation_extraction:relation_extraction 1014/1157 (88%) - Chunk 1014 / 1157
[KG][d5d2b1c5-641] relation_extraction:relation_extraction 1015/1157 (88%) - Chunk 1015 / 1157
[KG][d5d2b1c5-641] relation_extraction:relation_extraction 1017/1157 (88%) - Chunk 1017 / 1157
[KG][d5d2b1c5-641] relation_extraction:relation_extraction 1018/1157 (88%) - Chunk 1018 / 1157
[KG][d5d2b1c5-641] relation_extraction:relation_extraction 1016/1157 (88%) - Chunk 1016 / 1157
[KG][d5d2b1c5-641] relation_extraction:relation_extraction 1019/1157 (88%) - Chunk 1019 / 1157
[KG][d5d2b1c5-641] relation_extraction:relation_extraction 1020/1157 (88%) - Chunk 1020 / 1157
[KG][d5d2b1c5-641] relation_extraction:relation_extraction 1017/1157 (88%) - Chunk 1017 / 1157
[KG][d5d2b1c5-641] relation_extraction:relation_extraction 1021/1157 (88%) - Chunk 1021 / 1157
[KG][d5d2b1c5-641] relation_extraction:relation_extraction 1018/1157 (88%) - Chunk 1018 / 1157
[KG][d5d2b1c5-641] relation_extraction:relation_extraction 1019/1157 (88%) - Chunk 1019 / 1157
[KG][d5d2b1c5-641] relation_extraction:relation_extraction 1022/1157 (88%) - Chunk 1022 / 1157
[KG][d5d2b1c5-641] relation_extraction:relation_extraction 1020/1157 (88%) - Chunk 1020 / 1157
[KG][d5d2b1c5-641] relation_extraction:relation_extraction 1023/1157 (88%) - Chunk 1023 / 1157
[KG][d5d2b1c5-641] relation_extraction:relation_extraction 1024/1157 (89%) - Chunk 1024 / 1157
[KG][d5d2b1c5-641] relation_extraction:relation_extraction 1021/1157 (88%) - Chunk 1021 / 1157
[KG][d5d2b1c5-641] relation_extraction:relation_extraction 1022/1157 (88%) - Chunk 1022 / 1157
[KG][d5d2b1c5-641] relation_extraction:relation_extraction 1023/1157 (88%) - Chunk 1023 / 1157
[KG][d5d2b1c5-641] relation_extraction:relation_extraction 1025/1157 (89%) - Chunk 1025 / 1157
[KG][d5d2b1c5-641] relation_extraction:relation_extraction 1024/1157 (89%) - Chunk 1024 / 1157
[KG][d5d2b1c5-641] relation_extraction:relation_extraction 1025/1157 (89%) - Chunk 1025 / 1157
[KG][d5d2b1c5-641] relation_extraction:relation_extraction 1026/1157 (89%) - Chunk 1026 / 1157
[KG][d5d2b1c5-641] relation_extraction:relation_extraction 1027/1157 (89%) - Chunk 1027 / 1157
[KG][d5d2b1c5-641] relation_extraction:relation_extraction 1028/1157 (89%) - Chunk 1028 / 1157
[KG][d5d2b1c5-641] relation_extraction:relation_extraction 1026/1157 (89%) - Chunk 1026 / 1157
[KG][d5d2b1c5-641] relation_extraction:relation_extraction 1027/1157 (89%) - Chunk 1027 / 1157
[KG][d5d2b1c5-641] relation_extraction:relation_extraction 1028/1157 (89%) - Chunk 1028 / 1157
[KG][d5d2b1c5-641] relation_extraction:relation_extraction 1029/1157 (89%) - Chunk 1029 / 1157
[KG][d5d2b1c5-641] relation_extraction:relation_extraction 1029/1157 (89%) - Chunk 1029 / 1157
[KG][d5d2b1c5-641] relation_extraction:relation_extraction 1030/1157 (89%) - Chunk 1030 / 1157
[KG][d5d2b1c5-641] relation_extraction:relation_extraction 1031/1157 (89%) - Chunk 1031 / 1157
[KG][d5d2b1c5-641] relation_extraction:relation_extraction 1030/1157 (89%) - Chunk 1030 / 1157
[KG][d5d2b1c5-641] relation_extraction:relation_extraction 1032/1157 (89%) - Chunk 1032 / 1157
[KG][d5d2b1c5-641] relation_extraction:relation_extraction 1031/1157 (89%) - Chunk 1031 / 1157
[KG][d5d2b1c5-641] relation_extraction:relation_extraction 1032/1157 (89%) - Chunk 1032 / 1157
[KG][d5d2b1c5-641] relation_extraction:relation_extraction 1033/1157 (89%) - Chunk 1033 / 1157
[KG][d5d2b1c5-641] relation_extraction:relation_extraction 1033/1157 (89%) - Chunk 1033 / 1157
[KG][d5d2b1c5-641] relation_extraction:relation_extraction 1034/1157 (89%) - Chunk 1034 / 1157
[KG][d5d2b1c5-641] relation_extraction:relation_extraction 1034/1157 (89%) - Chunk 1034 / 1157
[KG][d5d2b1c5-641] relation_extraction:relation_extraction 1035/1157 (89%) - Chunk 1035 / 1157
[KG][d5d2b1c5-641] relation_extraction:relation_extraction 1036/1157 (90%) - Chunk 1036 / 1157
[KG][d5d2b1c5-641] relation_extraction:relation_extraction 1037/1157 (90%) - Chunk 1037 / 1157
[KG][d5d2b1c5-641] relation_extraction:relation_extraction 1035/1157 (89%) - Chunk 1035 / 1157
[KG][d5d2b1c5-641] relation_extraction:relation_extraction 1038/1157 (90%) - Chunk 1038 / 1157
[KG][d5d2b1c5-641] relation_extraction:relation_extraction 1039/1157 (90%) - Chunk 1039 / 1157
[KG][d5d2b1c5-641] relation_extraction:relation_extraction 1036/1157 (90%) - Chunk 1036 / 1157
[KG][d5d2b1c5-641] relation_extraction:relation_extraction 1040/1157 (90%) - Chunk 1040 / 1157
[KG][d5d2b1c5-641] relation_extraction:relation_extraction 1041/1157 (90%) - Chunk 1041 / 1157
[KG][d5d2b1c5-641] relation_extraction:relation_extraction 1042/1157 (90%) - Chunk 1042 / 1157
[KG][d5d2b1c5-641] relation_extraction:relation_extraction 1037/1157 (90%) - Chunk 1037 / 1157
[KG][d5d2b1c5-641] relation_extraction:relation_extraction 1038/1157 (90%) - Chunk 1038 / 1157
[KG][d5d2b1c5-641] relation_extraction:relation_extraction 1039/1157 (90%) - Chunk 1039 / 1157
[KG][d5d2b1c5-641] relation_extraction:relation_extraction 1040/1157 (90%) - Chunk 1040 / 1157
[KG][d5d2b1c5-641] relation_extraction:relation_extraction 1041/1157 (90%) - Chunk 1041 / 1157
[KG][d5d2b1c5-641] relation_extraction:relation_extraction 1042/1157 (90%) - Chunk 1042 / 1157
[KG][d5d2b1c5-641] relation_extraction:relation_extraction 1043/1157 (90%) - Chunk 1043 / 1157
[KG][d5d2b1c5-641] relation_extraction:relation_extraction 1044/1157 (90%) - Chunk 1044 / 1157
[KG][d5d2b1c5-641] relation_extraction:relation_extraction 1043/1157 (90%) - Chunk 1043 / 1157
[KG][d5d2b1c5-641] relation_extraction:relation_extraction 1044/1157 (90%) - Chunk 1044 / 1157
[KG][d5d2b1c5-641] relation_extraction:relation_extraction 1045/1157 (90%) - Chunk 1045 / 1157
[KG][d5d2b1c5-641] relation_extraction:relation_extraction 1045/1157 (90%) - Chunk 1045 / 1157
[KG][d5d2b1c5-641] relation_extraction:relation_extraction 1046/1157 (90%) - Chunk 1046 / 1157
[KG][d5d2b1c5-641] relation_extraction:relation_extraction 1046/1157 (90%) - Chunk 1046 / 1157
[KG][d5d2b1c5-641] relation_extraction:relation_extraction 1047/1157 (90%) - Chunk 1047 / 1157
[KG][d5d2b1c5-641] relation_extraction:relation_extraction 1048/1157 (91%) - Chunk 1048 / 1157
[KG][d5d2b1c5-641] relation_extraction:relation_extraction 1047/1157 (90%) - Chunk 1047 / 1157
[KG][d5d2b1c5-641] relation_extraction:relation_extraction 1048/1157 (91%) - Chunk 1048 / 1157
[KG][d5d2b1c5-641] relation_extraction:relation_extraction 1049/1157 (91%) - Chunk 1049 / 1157
[KG][d5d2b1c5-641] relation_extraction:relation_extraction 1049/1157 (91%) - Chunk 1049 / 1157
[KG][d5d2b1c5-641] relation_extraction:relation_extraction 1050/1157 (91%) - Chunk 1050 / 1157
[KG][d5d2b1c5-641] relation_extraction:relation_extraction 1051/1157 (91%) - Chunk 1051 / 1157
[KG][d5d2b1c5-641] relation_extraction:relation_extraction 1052/1157 (91%) - Chunk 1052 / 1157
[KG][d5d2b1c5-641] relation_extraction:relation_extraction 1050/1157 (91%) - Chunk 1050 / 1157
[KG][d5d2b1c5-641] relation_extraction:relation_extraction 1051/1157 (91%) - Chunk 1051 / 1157
[KG][d5d2b1c5-641] relation_extraction:relation_extraction 1052/1157 (91%) - Chunk 1052 / 1157
[KG][d5d2b1c5-641] relation_extraction:relation_extraction 1053/1157 (91%) - Chunk 1053 / 1157
[KG][d5d2b1c5-641] relation_extraction:relation_extraction 1053/1157 (91%) - Chunk 1053 / 1157
[KG][d5d2b1c5-641] relation_extraction:relation_extraction 1054/1157 (91%) - Chunk 1054 / 1157
[KG][d5d2b1c5-641] relation_extraction:relation_extraction 1055/1157 (91%) - Chunk 1055 / 1157
[KG][d5d2b1c5-641] relation_extraction:relation_extraction 1056/1157 (91%) - Chunk 1056 / 1157
[KG][d5d2b1c5-641] relation_extraction:relation_extraction 1054/1157 (91%) - Chunk 1054 / 1157
[KG][d5d2b1c5-641] relation_extraction:relation_extraction 1055/1157 (91%) - Chunk 1055 / 1157
[KG][d5d2b1c5-641] relation_extraction:relation_extraction 1056/1157 (91%) - Chunk 1056 / 1157
[KG][d5d2b1c5-641] relation_extraction:relation_extraction 1057/1157 (91%) - Chunk 1057 / 1157
[KG][d5d2b1c5-641] relation_extraction:relation_extraction 1057/1157 (91%) - Chunk 1057 / 1157
[KG][d5d2b1c5-641] relation_extraction:relation_extraction 1058/1157 (91%) - Chunk 1058 / 1157
[KG][d5d2b1c5-641] relation_extraction:relation_extraction 1058/1157 (91%) - Chunk 1058 / 1157
[KG][d5d2b1c5-641] relation_extraction:relation_extraction 1059/1157 (92%) - Chunk 1059 / 1157
[KG][d5d2b1c5-641] relation_extraction:relation_extraction 1060/1157 (92%) - Chunk 1060 / 1157
[KG][d5d2b1c5-641] relation_extraction:relation_extraction 1059/1157 (92%) - Chunk 1059 / 1157
[KG][d5d2b1c5-641] relation_extraction:relation_extraction 1060/1157 (92%) - Chunk 1060 / 1157
[KG][d5d2b1c5-641] relation_extraction:relation_extraction 1061/1157 (92%) - Chunk 1061 / 1157
[KG][d5d2b1c5-641] relation_extraction:relation_extraction 1061/1157 (92%) - Chunk 1061 / 1157
[KG][d5d2b1c5-641] relation_extraction:relation_extraction 1062/1157 (92%) - Chunk 1062 / 1157
[KG][d5d2b1c5-641] relation_extraction:relation_extraction 1063/1157 (92%) - Chunk 1063 / 1157
[KG][d5d2b1c5-641] relation_extraction:relation_extraction 1064/1157 (92%) - Chunk 1064 / 1157
[KG][d5d2b1c5-641] relation_extraction:relation_extraction 1062/1157 (92%) - Chunk 1062 / 1157
[KG][d5d2b1c5-641] relation_extraction:relation_extraction 1063/1157 (92%) - Chunk 1063 / 1157
[KG][d5d2b1c5-641] relation_extraction:relation_extraction 1064/1157 (92%) - Chunk 1064 / 1157
[KG][d5d2b1c5-641] relation_extraction:relation_extraction 1065/1157 (92%) - Chunk 1065 / 1157
[KG][d5d2b1c5-641] relation_extraction:relation_extraction 1066/1157 (92%) - Chunk 1066 / 1157
[KG][d5d2b1c5-641] relation_extraction:relation_extraction 1065/1157 (92%) - Chunk 1065 / 1157
[KG][d5d2b1c5-641] relation_extraction:relation_extraction 1066/1157 (92%) - Chunk 1066 / 1157
[KG][d5d2b1c5-641] relation_extraction:relation_extraction 1067/1157 (92%) - Chunk 1067 / 1157
[KG][d5d2b1c5-641] relation_extraction:relation_extraction 1068/1157 (92%) - Chunk 1068 / 1157
[KG][d5d2b1c5-641] relation_extraction:relation_extraction 1067/1157 (92%) - Chunk 1067 / 1157
[KG][d5d2b1c5-641] relation_extraction:relation_extraction 1068/1157 (92%) - Chunk 1068 / 1157
[KG][d5d2b1c5-641] relation_extraction:relation_extraction 1069/1157 (92%) - Chunk 1069 / 1157
[KG][d5d2b1c5-641] relation_extraction:relation_extraction 1069/1157 (92%) - Chunk 1069 / 1157
[KG][d5d2b1c5-641] relation_extraction:relation_extraction 1070/1157 (92%) - Chunk 1070 / 1157
[KG][d5d2b1c5-641] relation_extraction:relation_extraction 1071/1157 (93%) - Chunk 1071 / 1157
[KG][d5d2b1c5-641] relation_extraction:relation_extraction 1072/1157 (93%) - Chunk 1072 / 1157
[KG][d5d2b1c5-641] relation_extraction:relation_extraction 1070/1157 (92%) - Chunk 1070 / 1157
[KG][d5d2b1c5-641] relation_extraction:relation_extraction 1071/1157 (93%) - Chunk 1071 / 1157
[KG][d5d2b1c5-641] relation_extraction:relation_extraction 1073/1157 (93%) - Chunk 1073 / 1157
[KG][d5d2b1c5-641] relation_extraction:relation_extraction 1072/1157 (93%) - Chunk 1072 / 1157
[KG][d5d2b1c5-641] relation_extraction:relation_extraction 1074/1157 (93%) - Chunk 1074 / 1157
[KG][d5d2b1c5-641] relation_extraction:relation_extraction 1075/1157 (93%) - Chunk 1075 / 1157
[KG][d5d2b1c5-641] relation_extraction:relation_extraction 1073/1157 (93%) - Chunk 1073 / 1157
[KG][d5d2b1c5-641] relation_extraction:relation_extraction 1074/1157 (93%) - Chunk 1074 / 1157
[KG][d5d2b1c5-641] relation_extraction:relation_extraction 1075/1157 (93%) - Chunk 1075 / 1157
[KG][d5d2b1c5-641] relation_extraction:relation_extraction 1076/1157 (93%) - Chunk 1076 / 1157
[KG][d5d2b1c5-641] relation_extraction:relation_extraction 1076/1157 (93%) - Chunk 1076 / 1157
[KG][d5d2b1c5-641] relation_extraction:relation_extraction 1077/1157 (93%) - Chunk 1077 / 1157
[KG][d5d2b1c5-641] relation_extraction:relation_extraction 1077/1157 (93%) - Chunk 1077 / 1157
[KG][d5d2b1c5-641] relation_extraction:relation_extraction 1078/1157 (93%) - Chunk 1078 / 1157
[KG][d5d2b1c5-641] relation_extraction:relation_extraction 1079/1157 (93%) - Chunk 1079 / 1157
[KG][d5d2b1c5-641] relation_extraction:relation_extraction 1078/1157 (93%) - Chunk 1078 / 1157
[KG][d5d2b1c5-641] relation_extraction:relation_extraction 1079/1157 (93%) - Chunk 1079 / 1157
[KG][d5d2b1c5-641] relation_extraction:relation_extraction 1080/1157 (93%) - Chunk 1080 / 1157
[KG][d5d2b1c5-641] relation_extraction:relation_extraction 1081/1157 (93%) - Chunk 1081 / 1157
[KG][d5d2b1c5-641] relation_extraction:relation_extraction 1082/1157 (94%) - Chunk 1082 / 1157
[KG][d5d2b1c5-641] relation_extraction:relation_extraction 1080/1157 (93%) - Chunk 1080 / 1157
[KG][d5d2b1c5-641] relation_extraction:relation_extraction 1081/1157 (93%) - Chunk 1081 / 1157
[KG][d5d2b1c5-641] relation_extraction:relation_extraction 1082/1157 (94%) - Chunk 1082 / 1157
[KG][d5d2b1c5-641] relation_extraction:relation_extraction 1083/1157 (94%) - Chunk 1083 / 1157
[KG][d5d2b1c5-641] relation_extraction:relation_extraction 1084/1157 (94%) - Chunk 1084 / 1157
[KG][d5d2b1c5-641] relation_extraction:relation_extraction 1085/1157 (94%) - Chunk 1085 / 1157
[KG][d5d2b1c5-641] relation_extraction:relation_extraction 1083/1157 (94%) - Chunk 1083 / 1157
[KG][d5d2b1c5-641] relation_extraction:relation_extraction 1086/1157 (94%) - Chunk 1086 / 1157
[KG][d5d2b1c5-641] relation_extraction:relation_extraction 1087/1157 (94%) - Chunk 1087 / 1157
[KG][d5d2b1c5-641] relation_extraction:relation_extraction 1084/1157 (94%) - Chunk 1084 / 1157
[KG][d5d2b1c5-641] relation_extraction:relation_extraction 1088/1157 (94%) - Chunk 1088 / 1157
[KG][d5d2b1c5-641] relation_extraction:relation_extraction 1085/1157 (94%) - Chunk 1085 / 1157
[KG][d5d2b1c5-641] relation_extraction:relation_extraction 1089/1157 (94%) - Chunk 1089 / 1157
[KG][d5d2b1c5-641] relation_extraction:relation_extraction 1090/1157 (94%) - Chunk 1090 / 1157
[KG][d5d2b1c5-641] relation_extraction:relation_extraction 1091/1157 (94%) - Chunk 1091 / 1157
[KG][d5d2b1c5-641] relation_extraction:relation_extraction 1086/1157 (94%) - Chunk 1086 / 1157
[KG][d5d2b1c5-641] relation_extraction:relation_extraction 1087/1157 (94%) - Chunk 1087 / 1157
[KG][d5d2b1c5-641] relation_extraction:relation_extraction 1092/1157 (94%) - Chunk 1092 / 1157
[KG][d5d2b1c5-641] relation_extraction:relation_extraction 1088/1157 (94%) - Chunk 1088 / 1157
[KG][d5d2b1c5-641] relation_extraction:relation_extraction 1093/1157 (94%) - Chunk 1093 / 1157
[KG][d5d2b1c5-641] relation_extraction:relation_extraction 1089/1157 (94%) - Chunk 1089 / 1157
[KG][d5d2b1c5-641] relation_extraction:relation_extraction 1090/1157 (94%) - Chunk 1090 / 1157
[KG][d5d2b1c5-641] relation_extraction:relation_extraction 1091/1157 (94%) - Chunk 1091 / 1157
[KG][d5d2b1c5-641] relation_extraction:relation_extraction 1094/1157 (95%) - Chunk 1094 / 1157
[KG][d5d2b1c5-641] relation_extraction:relation_extraction 1092/1157 (94%) - Chunk 1092 / 1157
[KG][d5d2b1c5-641] relation_extraction:relation_extraction 1093/1157 (94%) - Chunk 1093 / 1157
[KG][d5d2b1c5-641] relation_extraction:relation_extraction 1094/1157 (95%) - Chunk 1094 / 1157
[KG][d5d2b1c5-641] relation_extraction:relation_extraction 1095/1157 (95%) - Chunk 1095 / 1157
[KG][d5d2b1c5-641] relation_extraction:relation_extraction 1096/1157 (95%) - Chunk 1096 / 1157
[KG][d5d2b1c5-641] relation_extraction:relation_extraction 1095/1157 (95%) - Chunk 1095 / 1157
[KG][d5d2b1c5-641] relation_extraction:relation_extraction 1096/1157 (95%) - Chunk 1096 / 1157
[KG][d5d2b1c5-641] relation_extraction:relation_extraction 1097/1157 (95%) - Chunk 1097 / 1157
[KG][d5d2b1c5-641] relation_extraction:relation_extraction 1098/1157 (95%) - Chunk 1098 / 1157
[KG][d5d2b1c5-641] relation_extraction:relation_extraction 1099/1157 (95%) - Chunk 1099 / 1157
[KG][d5d2b1c5-641] relation_extraction:relation_extraction 1100/1157 (95%) - Chunk 1100 / 1157
[KG][d5d2b1c5-641] relation_extraction:relation_extraction 1097/1157 (95%) - Chunk 1097 / 1157
[KG][d5d2b1c5-641] relation_extraction:relation_extraction 1101/1157 (95%) - Chunk 1101 / 1157
[KG][d5d2b1c5-641] relation_extraction:relation_extraction 1102/1157 (95%) - Chunk 1102 / 1157
[KG][d5d2b1c5-641] relation_extraction:relation_extraction 1098/1157 (95%) - Chunk 1098 / 1157
[KG][d5d2b1c5-641] relation_extraction:relation_extraction 1103/1157 (95%) - Chunk 1103 / 1157
[KG][d5d2b1c5-641] relation_extraction:relation_extraction 1099/1157 (95%) - Chunk 1099 / 1157
[KG][d5d2b1c5-641] relation_extraction:relation_extraction 1104/1157 (95%) - Chunk 1104 / 1157
[KG][d5d2b1c5-641] relation_extraction:relation_extraction 1100/1157 (95%) - Chunk 1100 / 1157
[KG][d5d2b1c5-641] relation_extraction:relation_extraction 1105/1157 (96%) - Chunk 1105 / 1157
[KG][d5d2b1c5-641] relation_extraction:relation_extraction 1106/1157 (96%) - Chunk 1106 / 1157
[KG][d5d2b1c5-641] relation_extraction:relation_extraction 1101/1157 (95%) - Chunk 1101 / 1157
[KG][d5d2b1c5-641] relation_extraction:relation_extraction 1102/1157 (95%) - Chunk 1102 / 1157
[KG][d5d2b1c5-641] relation_extraction:relation_extraction 1103/1157 (95%) - Chunk 1103 / 1157
[KG][d5d2b1c5-641] relation_extraction:relation_extraction 1104/1157 (95%) - Chunk 1104 / 1157
[KG][d5d2b1c5-641] relation_extraction:relation_extraction 1107/1157 (96%) - Chunk 1107 / 1157
[KG][d5d2b1c5-641] relation_extraction:relation_extraction 1108/1157 (96%) - Chunk 1108 / 1157
[KG][d5d2b1c5-641] relation_extraction:relation_extraction 1105/1157 (96%) - Chunk 1105 / 1157
[KG][d5d2b1c5-641] relation_extraction:relation_extraction 1106/1157 (96%) - Chunk 1106 / 1157
[KG][d5d2b1c5-641] relation_extraction:relation_extraction 1107/1157 (96%) - Chunk 1107 / 1157
[KG][d5d2b1c5-641] relation_extraction:relation_extraction 1108/1157 (96%) - Chunk 1108 / 1157
[KG][d5d2b1c5-641] relation_extraction:relation_extraction 1109/1157 (96%) - Chunk 1109 / 1157
[KG][d5d2b1c5-641] relation_extraction:relation_extraction 1110/1157 (96%) - Chunk 1110 / 1157
[KG][d5d2b1c5-641] relation_extraction:relation_extraction 1111/1157 (96%) - Chunk 1111 / 1157
[KG][d5d2b1c5-641] relation_extraction:relation_extraction 1109/1157 (96%) - Chunk 1109 / 1157
[KG][d5d2b1c5-641] relation_extraction:relation_extraction 1110/1157 (96%) - Chunk 1110 / 1157
[KG][d5d2b1c5-641] relation_extraction:relation_extraction 1111/1157 (96%) - Chunk 1111 / 1157
[KG][d5d2b1c5-641] relation_extraction:relation_extraction 1112/1157 (96%) - Chunk 1112 / 1157
[KG][d5d2b1c5-641] relation_extraction:relation_extraction 1113/1157 (96%) - Chunk 1113 / 1157
[KG][d5d2b1c5-641] relation_extraction:relation_extraction 1114/1157 (96%) - Chunk 1114 / 1157
[KG][d5d2b1c5-641] relation_extraction:relation_extraction 1112/1157 (96%) - Chunk 1112 / 1157
[KG][d5d2b1c5-641] relation_extraction:relation_extraction 1115/1157 (96%) - Chunk 1115 / 1157
[KG][d5d2b1c5-641] relation_extraction:relation_extraction 1116/1157 (96%) - Chunk 1116 / 1157
[KG][d5d2b1c5-641] relation_extraction:relation_extraction 1113/1157 (96%) - Chunk 1113 / 1157
[KG][d5d2b1c5-641] relation_extraction:relation_extraction 1114/1157 (96%) - Chunk 1114 / 1157
[KG][d5d2b1c5-641] relation_extraction:relation_extraction 1115/1157 (96%) - Chunk 1115 / 1157
[KG][d5d2b1c5-641] relation_extraction:relation_extraction 1117/1157 (97%) - Chunk 1117 / 1157
[KG][d5d2b1c5-641] relation_extraction:relation_extraction 1118/1157 (97%) - Chunk 1118 / 1157
[KG][d5d2b1c5-641] relation_extraction:relation_extraction 1116/1157 (96%) - Chunk 1116 / 1157
[KG][d5d2b1c5-641] relation_extraction:relation_extraction 1119/1157 (97%) - Chunk 1119 / 1157
[KG][d5d2b1c5-641] relation_extraction:relation_extraction 1117/1157 (97%) - Chunk 1117 / 1157
[KG][d5d2b1c5-641] relation_extraction:relation_extraction 1118/1157 (97%) - Chunk 1118 / 1157
[KG][d5d2b1c5-641] relation_extraction:relation_extraction 1120/1157 (97%) - Chunk 1120 / 1157
[KG][d5d2b1c5-641] relation_extraction:relation_extraction 1121/1157 (97%) - Chunk 1121 / 1157
[KG][d5d2b1c5-641] relation_extraction:relation_extraction 1122/1157 (97%) - Chunk 1122 / 1157
[KG][d5d2b1c5-641] relation_extraction:relation_extraction 1123/1157 (97%) - Chunk 1123 / 1157
[KG][d5d2b1c5-641] relation_extraction:relation_extraction 1119/1157 (97%) - Chunk 1119 / 1157
[KG][d5d2b1c5-641] relation_extraction:relation_extraction 1120/1157 (97%) - Chunk 1120 / 1157
[KG][d5d2b1c5-641] relation_extraction:relation_extraction 1124/1157 (97%) - Chunk 1124 / 1157
[KG][d5d2b1c5-641] relation_extraction:relation_extraction 1121/1157 (97%) - Chunk 1121 / 1157
[KG][d5d2b1c5-641] relation_extraction:relation_extraction 1122/1157 (97%) - Chunk 1122 / 1157
[KG][d5d2b1c5-641] relation_extraction:relation_extraction 1123/1157 (97%) - Chunk 1123 / 1157
[KG][d5d2b1c5-641] relation_extraction:relation_extraction 1125/1157 (97%) - Chunk 1125 / 1157
[KG][d5d2b1c5-641] relation_extraction:relation_extraction 1124/1157 (97%) - Chunk 1124 / 1157
[KG][d5d2b1c5-641] relation_extraction:relation_extraction 1126/1157 (97%) - Chunk 1126 / 1157
[KG][d5d2b1c5-641] relation_extraction:relation_extraction 1125/1157 (97%) - Chunk 1125 / 1157
[KG][d5d2b1c5-641] relation_extraction:relation_extraction 1126/1157 (97%) - Chunk 1126 / 1157
[KG][d5d2b1c5-641] relation_extraction:relation_extraction 1127/1157 (97%) - Chunk 1127 / 1157
[KG][d5d2b1c5-641] relation_extraction:relation_extraction 1128/1157 (97%) - Chunk 1128 / 1157
[KG][d5d2b1c5-641] relation_extraction:relation_extraction 1127/1157 (97%) - Chunk 1127 / 1157
[KG][d5d2b1c5-641] relation_extraction:relation_extraction 1129/1157 (98%) - Chunk 1129 / 1157
[KG][d5d2b1c5-641] relation_extraction:relation_extraction 1128/1157 (97%) - Chunk 1128 / 1157
[KG][d5d2b1c5-641] relation_extraction:relation_extraction 1129/1157 (98%) - Chunk 1129 / 1157
[KG][d5d2b1c5-641] relation_extraction:relation_extraction 1130/1157 (98%) - Chunk 1130 / 1157
[KG][d5d2b1c5-641] relation_extraction:relation_extraction 1131/1157 (98%) - Chunk 1131 / 1157
[KG][d5d2b1c5-641] relation_extraction:relation_extraction 1132/1157 (98%) - Chunk 1132 / 1157
[KG][d5d2b1c5-641] relation_extraction:relation_extraction 1133/1157 (98%) - Chunk 1133 / 1157
[KG][d5d2b1c5-641] relation_extraction:relation_extraction 1134/1157 (98%) - Chunk 1134 / 1157
[KG][d5d2b1c5-641] relation_extraction:relation_extraction 1130/1157 (98%) - Chunk 1130 / 1157
[KG][d5d2b1c5-641] relation_extraction:relation_extraction 1131/1157 (98%) - Chunk 1131 / 1157
[KG][d5d2b1c5-641] relation_extraction:relation_extraction 1132/1157 (98%) - Chunk 1132 / 1157
[KG][d5d2b1c5-641] relation_extraction:relation_extraction 1133/1157 (98%) - Chunk 1133 / 1157
[KG][d5d2b1c5-641] relation_extraction:relation_extraction 1134/1157 (98%) - Chunk 1134 / 1157
[KG][d5d2b1c5-641] relation_extraction:relation_extraction 1135/1157 (98%) - Chunk 1135 / 1157
[KG][d5d2b1c5-641] relation_extraction:relation_extraction 1136/1157 (98%) - Chunk 1136 / 1157
[KG][d5d2b1c5-641] relation_extraction:relation_extraction 1135/1157 (98%) - Chunk 1135 / 1157
[KG][d5d2b1c5-641] relation_extraction:relation_extraction 1137/1157 (98%) - Chunk 1137 / 1157
[KG][d5d2b1c5-641] relation_extraction:relation_extraction 1138/1157 (98%) - Chunk 1138 / 1157
[KG][d5d2b1c5-641] relation_extraction:relation_extraction 1139/1157 (98%) - Chunk 1139 / 1157
[KG][d5d2b1c5-641] relation_extraction:relation_extraction 1136/1157 (98%) - Chunk 1136 / 1157
[KG][d5d2b1c5-641] relation_extraction:relation_extraction 1140/1157 (99%) - Chunk 1140 / 1157
[KG][d5d2b1c5-641] relation_extraction:relation_extraction 1141/1157 (99%) - Chunk 1141 / 1157
[KG][d5d2b1c5-641] relation_extraction:relation_extraction 1142/1157 (99%) - Chunk 1142 / 1157
[KG][d5d2b1c5-641] relation_extraction:relation_extraction 1137/1157 (98%) - Chunk 1137 / 1157
[KG][d5d2b1c5-641] relation_extraction:relation_extraction 1138/1157 (98%) - Chunk 1138 / 1157
[KG][d5d2b1c5-641] relation_extraction:relation_extraction 1143/1157 (99%) - Chunk 1143 / 1157
[KG][d5d2b1c5-641] relation_extraction:relation_extraction 1139/1157 (98%) - Chunk 1139 / 1157
[KG][d5d2b1c5-641] relation_extraction:relation_extraction 1140/1157 (99%) - Chunk 1140 / 1157
[KG][d5d2b1c5-641] relation_extraction:relation_extraction 1144/1157 (99%) - Chunk 1144 / 1157
[KG][d5d2b1c5-641] relation_extraction:relation_extraction 1141/1157 (99%) - Chunk 1141 / 1157
[KG][d5d2b1c5-641] relation_extraction:relation_extraction 1142/1157 (99%) - Chunk 1142 / 1157
[KG][d5d2b1c5-641] relation_extraction:relation_extraction 1145/1157 (99%) - Chunk 1145 / 1157
[KG][d5d2b1c5-641] relation_extraction:relation_extraction 1143/1157 (99%) - Chunk 1143 / 1157
[KG][d5d2b1c5-641] relation_extraction:relation_extraction 1144/1157 (99%) - Chunk 1144 / 1157
[KG][d5d2b1c5-641] relation_extraction:relation_extraction 1146/1157 (99%) - Chunk 1146 / 1157
[KG][d5d2b1c5-641] relation_extraction:relation_extraction 1145/1157 (99%) - Chunk 1145 / 1157
[KG][d5d2b1c5-641] relation_extraction:relation_extraction 1146/1157 (99%) - Chunk 1146 / 1157
[KG][d5d2b1c5-641] relation_extraction:relation_extraction 1147/1157 (99%) - Chunk 1147 / 1157
[KG][d5d2b1c5-641] relation_extraction:relation_extraction 1147/1157 (99%) - Chunk 1147 / 1157
[KG][d5d2b1c5-641] relation_extraction:relation_extraction 1148/1157 (99%) - Chunk 1148 / 1157
[KG][d5d2b1c5-641] relation_extraction:relation_extraction 1149/1157 (99%) - Chunk 1149 / 1157
[KG][d5d2b1c5-641] relation_extraction:relation_extraction 1148/1157 (99%) - Chunk 1148 / 1157
[KG][d5d2b1c5-641] relation_extraction:relation_extraction 1149/1157 (99%) - Chunk 1149 / 1157
[KG][d5d2b1c5-641] relation_extraction:relation_extraction 1150/1157 (99%) - Chunk 1150 / 1157
[KG][d5d2b1c5-641] relation_extraction:relation_extraction 1151/1157 (99%) - Chunk 1151 / 1157
[KG][d5d2b1c5-641] relation_extraction:relation_extraction 1150/1157 (99%) - Chunk 1150 / 1157
[KG][d5d2b1c5-641] relation_extraction:relation_extraction 1152/1157 (100%) - Chunk 1152 / 1157
[KG][d5d2b1c5-641] relation_extraction:relation_extraction 1151/1157 (99%) - Chunk 1151 / 1157
[KG][d5d2b1c5-641] relation_extraction:relation_extraction 1153/1157 (100%) - Chunk 1153 / 1157
[KG][d5d2b1c5-641] relation_extraction:relation_extraction 1152/1157 (100%) - Chunk 1152 / 1157
[KG][d5d2b1c5-641] relation_extraction:relation_extraction 1153/1157 (100%) - Chunk 1153 / 1157
[KG][d5d2b1c5-641] relation_extraction:relation_extraction 1154/1157 (100%) - Chunk 1154 / 1157
[KG][d5d2b1c5-641] relation_extraction:relation_extraction 1154/1157 (100%) - Chunk 1154 / 1157
[KG][d5d2b1c5-641] relation_extraction:relation_extraction 1155/1157 (100%) - Chunk 1155 / 1157
[KG][d5d2b1c5-641] relation_extraction:relation_extraction 1155/1157 (100%) - Chunk 1155 / 1157
[KG][d5d2b1c5-641] relation_extraction:relation_extraction 1156/1157 (100%) - Chunk 1156 / 1157
[KG][d5d2b1c5-641] relation_extraction:relation_extraction 1156/1157 (100%) - Chunk 1156 / 1157
[KG][d5d2b1c5-641] relation_extraction:relation_extraction 1157/1157 (100%) - Chunk 1157 / 1157
[KG][d5d2b1c5-641] relation_extraction:relation_extraction 1157/1157 (100%) - Chunk 1157 / 1157
[KG][d5d2b1c5-641] relation_extraction:relation_extraction 1157/1157 (100%) - Chunk 1157 / 1157
[KG][d5d2b1c5-641] triplet_optimization:optimization_start 0/3 (0%) - 开始优化
[KG][d5d2b1c5-641] relation_extraction:relation_extraction 1157/1157 (100%) - Chunk 1157 / 1157
[KG][d5d2b1c5-641] triplet_optimization:optimization_start 0/3 (0%) - 开始优化
[KG][d5d2b1c5-641] triplet_optimization:name_standardization_done 1/3 (33%) - 实体名称标准化
[KG][d5d2b1c5-641] triplet_optimization:name_standardization_done 1/3 (33%) - 实体名称标准化
[WARN] Unknown relation 'PUBLISHED_BY', mapping to RELATED_TO
[WARN] Unknown relation 'HAS_IDENTIFIER', mapping to RELATED_TO
[WARN] Unknown relation 'HAS_CLASSIFICATION', mapping to RELATED_TO
[WARN] Unknown relation 'COMPILED_BY', mapping to RELATED_TO
[WARN] Unknown relation 'HAS_CIP_NUMBER', mapping to RELATED_TO
[WARN] Unknown relation 'DESCRIBES', mapping to RELATED_TO
[WARN] Unknown relation 'HAS_PUBLICATION_DATE', mapping to RELATED_TO
[WARN] Unknown relation 'HAS_VOLUME', mapping to RELATED_TO
[WARN] Unknown relation 'HAS_ADDRESS', mapping to RELATED_TO
[WARN] Unknown relation 'HAS_POSTAL_CODE', mapping to RELATED_TO
[WARN] Unknown relation 'GENERATES', mapping to RELATED_TO
[WARN] Unknown relation 'HAS_SUBJECT', mapping to RELATED_TO
[WARN] Unknown relation 'HAS_ROLE', mapping to RELATED_TO
[WARN] Unknown relation 'PUBLISHED', mapping to RELATED_TO
[WARN] Unknown relation 'IDENTIFIES', mapping to RELATED_TO
[WARN] Unknown relation 'HAS_FUNCTION', mapping to RELATED_TO
[WARN] Unknown relation 'ILLUSTRATES', mapping to RELATED_TO
[WARN] Unknown relation 'APPLIES_TO', mapping to RELATED_TO
[WARN] Unknown relation 'APPLIED_IN', mapping to RELATED_TO
[WARN] Unknown relation 'GENERATED_IN', mapping to RELATED_TO
[WARN] Unknown relation 'HAS_DETAIL', mapping to RELATED_TO
[WARN] Unknown relation 'HAS_ISBN', mapping to RELATED_TO
[WARN] Unknown relation 'PUBLISHED_IN', mapping to RELATED_TO
[WARN] Unknown relation 'DISTRIBUTED_BY', mapping to RELATED_TO
[WARN] Unknown relation 'PRINTED_BY', mapping to RELATED_TO
[WARN] Unknown relation 'EDITED_BY', mapping to RELATED_TO
[WARN] Unknown relation 'PLANNED_BY', mapping to RELATED_TO
[WARN] Unknown relation 'PART_OF', mapping to RELATED_TO
[WARN] Unknown relation 'PLANNED', mapping to RELATED_TO
[INFO] LLM mapped relation 'INCLUDES' -> 'CONTAINS'
[WARN] Unknown relation 'HAS_PRICE', mapping to RELATED_TO
[WARN] Unknown relation 'HAS_PAGES', mapping to RELATED_TO
[WARN] Unknown relation 'HAS_WORD_COUNT', mapping to RELATED_TO
[WARN] Unknown relation 'PUBLISHED_IN_MONTH', mapping to RELATED_TO
[WARN] Unknown relation 'HAS_EDITOR', mapping to RELATED_TO
[WARN] Unknown relation 'HAS_PLANNER', mapping to RELATED_TO
[WARN] Unknown relation 'HAS_AUTHOR', mapping to RELATED_TO
[WARN] Unknown relation 'HAS_PUBLISHER_ADDRESS', mapping to RELATED_TO
[WARN] Unknown relation 'HAS_PUBLISHER_URL', mapping to RELATED_TO
[WARN] Unknown relation 'HAS_DISTRIBUTOR_URL', mapping to RELATED_TO
[WARN] Unknown relation 'ACCUMULATED_OVER', mapping to RELATED_TO
[WARN] Unknown relation 'HAS_VOLUMES', mapping to RELATED_TO
[WARN] Unknown relation 'IS_REFERRED_AS', mapping to RELATED_TO
[WARN] Unknown relation 'ENRICHES', mapping to RELATED_TO
[WARN] Unknown relation 'HAS_MAJOR', mapping to RELATED_TO
[WARN] Unknown relation 'HAS_EXPERIENCE', mapping to RELATED_TO
[WARN] Unknown relation 'FAMILIAR_WITH', mapping to RELATED_TO
[WARN] Unknown relation 'FOUNDED_FOR', mapping to RELATED_TO
[WARN] Unknown relation 'AIMS_TO', mapping to RELATED_TO
[WARN] Unknown relation 'ADHERES_TO', mapping to RELATED_TO
[WARN] Unknown relation 'PROPOSED_IN', mapping to RELATED_TO
[WARN] Unknown relation 'PROPOSED_BY', mapping to RELATED_TO
[WARN] Unknown relation 'PROPOSED_IN_YEAR', mapping to RELATED_TO
[WARN] Unknown relation 'PROPOSED_IN_LOCATION', mapping to RELATED_TO
[WARN] Unknown relation 'FORMED_FROM', mapping to RELATED_TO
[WARN] Unknown relation 'INTEGRATES', mapping to RELATED_TO
[WARN] Unknown relation 'AFFECTED_BY', mapping to RELATED_TO
[WARN] Unknown relation 'OCCURRED_IN', mapping to RELATED_TO
[WARN] Unknown relation 'FOCUSES_ATTENTION_ON', mapping to RELATED_TO
[WARN] Unknown relation 'SHOULD_BE', mapping to RELATED_TO
[WARN] Unknown relation 'SHOULD_ADAPT_TO', mapping to RELATED_TO
[WARN] Unknown relation 'BASED_ON', mapping to RELATED_TO
[WARN] Unknown relation 'DEEPENS_INTO', mapping to RELATED_TO
[WARN] Unknown relation 'CLARIFIES', mapping to RELATED_TO
[WARN] Unknown relation 'ANALYZES', mapping to RELATED_TO
[WARN] Unknown relation 'CALCULATED_BY', mapping to RELATED_TO
[WARN] Unknown relation 'HAS_APPENDIX', mapping to RELATED_TO
[WARN] Unknown relation 'INVOLVES', mapping to RELATED_TO
[WARN] Unknown relation 'HAS_NEED', mapping to RELATED_TO
[WARN] Unknown relation 'FOLLOWS', mapping to RELATED_TO
[WARN] Unknown relation 'QUANTIFIED_INTO', mapping to RELATED_TO
[WARN] Unknown relation 'DETERMINED_BY', mapping to RELATED_TO
[WARN] Unknown relation 'SHOULD_PROVIDE', mapping to RELATED_TO
[WARN] Unknown relation 'IS_CARRIER_OF', mapping to RELATED_TO
[WARN] Unknown relation 'MAY_HINDER', mapping to RELATED_TO
[WARN] Unknown relation 'PURSUED_BY', mapping to RELATED_TO
[WARN] Unknown relation 'SYNCHRONIZED_WITH', mapping to RELATED_TO
[WARN] Unknown relation 'ENHANCES', mapping to RELATED_TO
[WARN] Unknown relation 'IS_EMERGING_TECHNOLOGY', mapping to RELATED_TO
[INFO] LLM mapped relation 'INTEGRATES_WITH' -> 'CONNECTED_TO'
[WARN] Unknown relation 'WROTE_PREFACE_IN', mapping to RELATED_TO
[WARN] Unknown relation 'AUTHORED', mapping to RELATED_TO
[WARN] Unknown relation 'WORKS_FOR', mapping to RELATED_TO
[WARN] Unknown relation 'AFFECTS', mapping to RELATED_TO
[WARN] Unknown relation 'INFLUENCES', mapping to RELATED_TO
[WARN] Unknown relation 'USED_BY', mapping to RELATED_TO
[WARN] Unknown relation 'PROVIDED_BY', mapping to RELATED_TO
[WARN] Unknown relation 'SYNONYM_OF', mapping to RELATED_TO
[WARN] Unknown relation 'PUBLISHES', mapping to RELATED_TO
[WARN] Unknown relation 'PRECEDES', mapping to RELATED_TO
[WARN] Unknown relation 'QUANTIFIES_TO', mapping to RELATED_TO
[WARN] Unknown relation 'CONSIDERS', mapping to RELATED_TO
[WARN] Unknown relation 'RESULTS_IN', mapping to RELATED_TO
[WARN] Unknown relation 'DIFFERENTIATES_FROM', mapping to RELATED_TO
[WARN] Unknown relation 'RESEARCHES', mapping to RELATED_TO
[WARN] Unknown relation 'APPROVES', mapping to RELATED_TO
[WARN] Unknown relation 'SATISFIES', mapping to RELATED_TO
[WARN] Unknown relation 'ASSISTS', mapping to RELATED_TO
[WARN] Unknown relation 'RUNS_THROUGH', mapping to RELATED_TO
[WARN] Unknown relation 'IS_CORE_OF', mapping to RELATED_TO
[WARN] Unknown relation 'EVALUATES', mapping to RELATED_TO
[WARN] Unknown relation 'HAS_ID', mapping to RELATED_TO
[WARN] Unknown relation 'DETERMINES', mapping to RELATED_TO
[WARN] Unknown relation 'FOCUSES_ON', mapping to RELATED_TO
[WARN] Unknown relation 'HAS_GOAL', mapping to RELATED_TO
[WARN] Unknown relation 'TRANSFORMS', mapping to RELATED_TO
[WARN] Unknown relation 'PRODUCES', mapping to RELATED_TO
[WARN] Unknown relation 'EXPRESSED_IN', mapping to RELATED_TO
[WARN] Unknown relation 'PERFORMS', mapping to RELATED_TO
[WARN] Unknown relation 'ENABLES', mapping to RELATED_TO
[WARN] Unknown relation 'INFORMS', mapping to RELATED_TO
[WARN] Unknown relation 'RECEIVES', mapping to RELATED_TO
[WARN] Unknown relation 'HAS', mapping to RELATED_TO
[WARN] Unknown relation 'IS_PART_OF', mapping to RELATED_TO
[WARN] Unknown relation 'REPRESENTS', mapping to RELATED_TO
[WARN] Unknown relation 'COMMUNICATES', mapping to RELATED_TO
[WARN] Unknown relation 'DOCUMENTS', mapping to RELATED_TO
[WARN] Unknown relation 'IS_STEP_IN', mapping to RELATED_TO
[WARN] Unknown relation 'IS_BASIS_FOR', mapping to RELATED_TO
[WARN] Unknown relation 'IS_EXPRESSED_AS', mapping to RELATED_TO
[WARN] Unknown relation 'FACILITATES', mapping to RELATED_TO
[WARN] Unknown relation 'LEADS_TO', mapping to RELATED_TO
[WARN] Unknown relation 'TARGETS', mapping to RELATED_TO
[INFO] LLM mapped relation 'HAS_REQUIREMENT' -> 'REQUIRES'
[WARN] Unknown relation 'IS_MEDIUM_FOR', mapping to RELATED_TO
[WARN] Unknown relation 'IS_VEHICLE_FOR', mapping to RELATED_TO
[WARN] Unknown relation 'IS_CATEGORY_OF', mapping to RELATED_TO
[WARN] Unknown relation 'IS_PHASE_OF', mapping to RELATED_TO
[WARN] Unknown relation 'OCCURS_IN', mapping to RELATED_TO
[WARN] Unknown relation 'OCCURS_AFTER', mapping to RELATED_TO
[WARN] Unknown relation 'RECORDS', mapping to RELATED_TO
[WARN] Unknown relation 'DEFINED_IN', mapping to RELATED_TO
[WARN] Unknown relation 'MANAGES', mapping to RELATED_TO
[WARN] Unknown relation 'ESTABLISHES', mapping to RELATED_TO
[WARN] Unknown relation 'GUIDED_BY', mapping to RELATED_TO
[WARN] Unknown relation 'COMPARES', mapping to RELATED_TO
[WARN] Unknown relation 'AIMS_AT', mapping to RELATED_TO
[WARN] Unknown relation 'SPECIFIED_IN', mapping to RELATED_TO
[WARN] Unknown relation 'OF', mapping to RELATED_TO
[WARN] Unknown relation 'ASSESSES', mapping to RELATED_TO
[WARN] Unknown relation 'OUTPUT_OF', mapping to RELATED_TO
[INFO] LLM mapped relation 'STUDIES' -> 'REQUIRES'
[WARN] Unknown relation 'SHARES', mapping to RELATED_TO
[WARN] Unknown relation 'VARIES_IN', mapping to RELATED_TO
[INFO] LLM mapped relation 'LOCATED_NEAR' -> 'ADJACENT_TO'
[WARN] Unknown relation 'ARRANGED_IN', mapping to RELATED_TO
[WARN] Unknown relation 'ALLOWS', mapping to RELATED_TO
[WARN] Unknown relation 'ACCOMMODATES', mapping to RELATED_TO
[INFO] Fuzzy matched relation 'CONNECTS_TO' -> 'CONNECTED_TO'
[WARN] Unknown relation 'SERVES', mapping to RELATED_TO
[WARN] Unknown relation 'HAS_TYPE', mapping to RELATED_TO
[WARN] Unknown relation 'DISTINGUISHED_FROM', mapping to RELATED_TO
[WARN] Unknown relation 'EXAMPLE_OF', mapping to RELATED_TO
[WARN] Unknown relation 'HAS_BEHAVIOR', mapping to RELATED_TO
[WARN] Unknown relation 'HAS_CHARACTERISTIC', mapping to RELATED_TO
[WARN] Unknown relation 'CLASSIFIED_INTO', mapping to RELATED_TO
[WARN] Unknown relation 'HAS_SUBCLASS', mapping to RELATED_TO
[WARN] Unknown relation 'HAS_EXAMPLE', mapping to RELATED_TO
[WARN] Unknown relation 'ACHIEVES', mapping to RELATED_TO
[WARN] Unknown relation 'COMBINED_WITH', mapping to RELATED_TO
[WARN] Unknown relation 'ORGANIZES', mapping to RELATED_TO
[WARN] Unknown relation 'IMPLEMENTED_ON', mapping to RELATED_TO
[WARN] Unknown relation 'PARTICIPATES_IN', mapping to RELATED_TO
[WARN] Unknown relation 'DESIGNED_BY', mapping to RELATED_TO
[WARN] Unknown relation 'BUILT_IN', mapping to RELATED_TO
[WARN] Unknown relation 'CAPACITY', mapping to RELATED_TO
[WARN] Unknown relation 'ARCHITECTURAL_FORM', mapping to RELATED_TO
[WARN] Unknown relation 'DESIGN_TYPE', mapping to RELATED_TO
[WARN] Unknown relation 'APPEARANCE', mapping to RELATED_TO
[WARN] Unknown relation 'PROMOTES', mapping to RELATED_TO
[INFO] LLM mapped relation 'CHARACTERISTIC' -> 'RELATED_TO'
[WARN] Unknown relation 'OPTIMIZES', mapping to RELATED_TO
[WARN] Unknown relation 'CONFIRMS', mapping to RELATED_TO
[WARN] Unknown relation 'PREPARES', mapping to RELATED_TO
[WARN] Unknown relation 'RECEIVES_ASSISTANCE', mapping to RELATED_TO
[WARN] Unknown relation 'SPECIFIES', mapping to RELATED_TO
[WARN] Unknown relation 'COLLABORATES_WITH', mapping to RELATED_TO
[INFO] Fuzzy matched relation 'PERFORMED_BY' -> 'PERFORMED_IN'
[INFO] Fuzzy matched relation 'PERFORMED_WITH' -> 'PERFORMED_IN'
[INFO] Fuzzy matched relation 'PERFORMS_IN' -> 'PERFORMED_IN'
[WARN] Unknown relation 'ASSESSED_IN', mapping to RELATED_TO
[WARN] Unknown relation 'PROVIDED_IN', mapping to RELATED_TO
[WARN] Unknown relation 'SUMMARIZES', mapping to RELATED_TO
[WARN] Unknown relation 'PROPOSES', mapping to RELATED_TO
[WARN] Unknown relation 'CLASSIFIES', mapping to RELATED_TO
[WARN] Unknown relation 'CLASSIFIED_BY', mapping to RELATED_TO
[WARN] Unknown relation 'HELPS', mapping to RELATED_TO
[WARN] Unknown relation 'BELONGS_TO_CATEGORY', mapping to RELATED_TO
[WARN] Unknown relation 'CONFORMS_TO', mapping to RELATED_TO
[WARN] Unknown relation 'DESIGNED_FOR', mapping to RELATED_TO
[WARN] Unknown relation 'HAS_HEIGHT', mapping to RELATED_TO
[WARN] Unknown relation 'HAS_SPEC', mapping to RELATED_TO
[WARN] Unknown relation 'HAS_STYLE', mapping to RELATED_TO
[WARN] Unknown relation 'HAS_DIMENSION', mapping to RELATED_TO
[WARN] Unknown relation 'INSTALLED_ON', mapping to RELATED_TO
[WARN] Unknown relation 'HAS_OPTIONAL', mapping to RELATED_TO
[WARN] Unknown relation 'HAS_ROOM_NAME', mapping to RELATED_TO
[WARN] Unknown relation 'HAS_SPACE_CATEGORY', mapping to RELATED_TO
[WARN] Unknown relation 'HAS_TABLE', mapping to RELATED_TO
[WARN] Unknown relation 'HAS_LAYOUT', mapping to RELATED_TO
[WARN] Unknown relation 'HAS_MATERIAL', mapping to RELATED_TO
[WARN] Unknown relation 'HAS_SHAPE', mapping to RELATED_TO
[WARN] Unknown relation 'HAS_POWER', mapping to RELATED_TO
[WARN] Unknown relation 'HAS_CONFIG', mapping to RELATED_TO
[WARN] Unknown relation 'HAS_CONFIGURATION', mapping to RELATED_TO
[WARN] Unknown relation 'TRIGGERS_REQUIREMENT', mapping to RELATED_TO
[WARN] Unknown relation 'HAS_COMPONENT', mapping to RELATED_TO
[WARN] Unknown relation 'HAS_ACCESSORY', mapping to RELATED_TO
[WARN] Unknown relation 'HAS_OPTIONAL_ACCESSORY', mapping to RELATED_TO
[WARN] Unknown relation 'HAS_PARAMETER', mapping to RELATED_TO
[WARN] Unknown relation 'HAS_RANGE', mapping to RELATED_TO
[WARN] Unknown relation 'PREFERS', mapping to RELATED_TO
[WARN] Unknown relation 'HAS_INTERFACE', mapping to RELATED_TO
[WARN] Unknown relation 'IMPROVES', mapping to RELATED_TO
[WARN] Unknown relation 'CATEGORIZES', mapping to RELATED_TO
[WARN] Unknown relation 'SUPPORTED_BY', mapping to RELATED_TO
[WARN] Unknown relation 'EQUIVALENT_TO', mapping to RELATED_TO
[WARN] Unknown relation 'HAS_ILLUMINANCE', mapping to RELATED_TO
[WARN] Unknown relation 'HAS_COLOR_TEMPERATURE', mapping to RELATED_TO
[WARN] Unknown relation 'HAS_COLOR_RENDERING_INDEX', mapping to RELATED_TO
[WARN] Unknown relation 'HAS_VOLTAGE', mapping to RELATED_TO
[WARN] Unknown relation 'HAS_FREQUENCY', mapping to RELATED_TO
[WARN] Unknown relation 'HAS_WINTER_RANGE', mapping to RELATED_TO
[WARN] Unknown relation 'HAS_SUMMER_RANGE', mapping to RELATED_TO
[WARN] Unknown relation 'HAS_NAME', mapping to RELATED_TO
[WARN] Unknown relation 'HAS_QUALITY', mapping to RELATED_TO
[WARN] Unknown relation 'HAS_LENGTH', mapping to RELATED_TO
[WARN] Unknown relation 'ALSO_KNOWN_AS', mapping to RELATED_TO
[INFO] LLM mapped relation 'HAS_ENVIRONMENT_REQUIREMENT' -> 'REQUIRES'
[WARN] Unknown relation 'MEASURES', mapping to RELATED_TO
[WARN] Unknown relation 'DESCRIBED_BY', mapping to RELATED_TO
[WARN] Unknown relation 'HAS_PURPOSE', mapping to RELATED_TO
[WARN] Unknown relation 'TESTED_IN', mapping to RELATED_TO
[WARN] Unknown relation 'HAS_MAIN_TEST_INDICATORS', mapping to RELATED_TO
[WARN] Unknown relation 'IS_TARGETED', mapping to RELATED_TO
[WARN] Unknown relation 'IS_SYNONYM_OF', mapping to RELATED_TO
[WARN] Unknown relation 'HAS_PROPERTY', mapping to RELATED_TO
[WARN] Unknown relation 'COLLECTS', mapping to RELATED_TO
[WARN] Unknown relation 'GENERATED_BY', mapping to RELATED_TO
[INFO] LLM mapped relation 'HAS_ARCHITECTURAL_REQUIREMENT' -> 'REQUIRES'
[INFO] LLM mapped relation 'HAS_MECHANICAL_REQUIREMENT' -> 'REQUIRES'
[WARN] Unknown relation 'HAS_CONDITION', mapping to RELATED_TO
[WARN] Unknown relation 'TREATS', mapping to RELATED_TO
[WARN] Unknown relation 'RECEIVES_CARE_IN', mapping to RELATED_TO
[WARN] Unknown relation 'TREATED_BY', mapping to RELATED_TO
[WARN] Unknown relation 'HAS_SYMBOL', mapping to RELATED_TO
[WARN] Unknown relation 'HAS_UNIT', mapping to RELATED_TO
[WARN] Unknown relation 'HAS_DIMENSIONS', mapping to RELATED_TO
[WARN] Unknown relation 'HAS_EQUIPMENT_AND_ENVIRONMENT', mapping to RELATED_TO
[INFO] LLM mapped relation 'HAS_ARCHITECTURAL_REQUIREMENTS' -> 'REQUIRES'
[WARN] Unknown relation 'HAS_EQUIPMENT_LIST', mapping to RELATED_TO
[INFO] LLM mapped relation 'HAS_MECHANICAL_ELECTRICAL_REQUIREMENTS' -> 'REQUIRES'
[WARN] Unknown relation 'ACHIEVED_BY', mapping to RELATED_TO
[WARN] Unknown relation 'RELIES_ON', mapping to RELATED_TO
[WARN] Unknown relation 'HAS_CATEGORY', mapping to RELATED_TO
[INFO] LLM mapped relation 'HAS_MECHANICAL_ELECTRICAL_REQUIREMENT' -> 'REQUIRES'
[WARN] Unknown relation 'REDUCES', mapping to RELATED_TO
[WARN] Unknown relation 'CAUSED_BY', mapping to RELATED_TO
[WARN] Unknown relation 'INCREASES_RISK_OF', mapping to RELATED_TO
[WARN] Unknown relation 'PREVENTS', mapping to RELATED_TO
[WARN] Unknown relation 'EXPLAINS', mapping to RELATED_TO
[WARN] Unknown relation 'PUBLISHED_BY', mapping to RELATED_TO
[WARN] Unknown relation 'HAS_IDENTIFIER', mapping to RELATED_TO
[WARN] Unknown relation 'HAS_CLASSIFICATION', mapping to RELATED_TO
[WARN] Unknown relation 'COMPILED_BY', mapping to RELATED_TO
[WARN] Unknown relation 'HAS_CIP_NUMBER', mapping to RELATED_TO
[WARN] Unknown relation 'DESCRIBES', mapping to RELATED_TO
[WARN] Unknown relation 'HAS_PUBLICATION_DATE', mapping to RELATED_TO
[WARN] Unknown relation 'HAS_VOLUME', mapping to RELATED_TO
[WARN] Unknown relation 'HAS_ADDRESS', mapping to RELATED_TO
[WARN] Unknown relation 'HAS_POSTAL_CODE', mapping to RELATED_TO
[WARN] Unknown relation 'GENERATES', mapping to RELATED_TO
[WARN] Unknown relation 'HAS_SUBJECT', mapping to RELATED_TO
[WARN] Unknown relation 'HAS_ROLE', mapping to RELATED_TO
[WARN] Unknown relation 'PUBLISHED', mapping to RELATED_TO
[WARN] Unknown relation 'IDENTIFIES', mapping to RELATED_TO
[WARN] Unknown relation 'HAS_FUNCTION', mapping to RELATED_TO
[WARN] Unknown relation 'ILLUSTRATES', mapping to RELATED_TO
[WARN] Unknown relation 'APPLIES_TO', mapping to RELATED_TO
[WARN] Unknown relation 'APPLIED_IN', mapping to RELATED_TO
[WARN] Unknown relation 'GENERATED_IN', mapping to RELATED_TO
[WARN] Unknown relation 'HAS_DETAIL', mapping to RELATED_TO
[WARN] Unknown relation 'HAS_ISBN', mapping to RELATED_TO
[WARN] Unknown relation 'PUBLISHED_IN', mapping to RELATED_TO
[WARN] Unknown relation 'DISTRIBUTED_BY', mapping to RELATED_TO
[WARN] Unknown relation 'PRINTED_BY', mapping to RELATED_TO
[WARN] Unknown relation 'EDITED_BY', mapping to RELATED_TO
[WARN] Unknown relation 'PLANNED_BY', mapping to RELATED_TO
[WARN] Unknown relation 'PART_OF', mapping to RELATED_TO
[WARN] Unknown relation 'PLANNED', mapping to RELATED_TO
[INFO] LLM mapped relation 'INCLUDES' -> 'CONTAINS'
[WARN] Unknown relation 'HAS_PRICE', mapping to RELATED_TO
[WARN] Unknown relation 'HAS_PAGES', mapping to RELATED_TO
[WARN] Unknown relation 'HAS_WORD_COUNT', mapping to RELATED_TO
[WARN] Unknown relation 'PUBLISHED_IN_MONTH', mapping to RELATED_TO
[WARN] Unknown relation 'HAS_EDITOR', mapping to RELATED_TO
[WARN] Unknown relation 'HAS_PLANNER', mapping to RELATED_TO
[WARN] Unknown relation 'HAS_AUTHOR', mapping to RELATED_TO
[WARN] Unknown relation 'HAS_PUBLISHER_ADDRESS', mapping to RELATED_TO
[WARN] Unknown relation 'HAS_PUBLISHER_URL', mapping to RELATED_TO
[WARN] Unknown relation 'HAS_DISTRIBUTOR_URL', mapping to RELATED_TO
[WARN] Unknown relation 'ACCUMULATED_OVER', mapping to RELATED_TO
[WARN] Unknown relation 'HAS_VOLUMES', mapping to RELATED_TO
[WARN] Unknown relation 'IS_REFERRED_AS', mapping to RELATED_TO
[WARN] Unknown relation 'ENRICHES', mapping to RELATED_TO
[WARN] Unknown relation 'HAS_MAJOR', mapping to RELATED_TO
[WARN] Unknown relation 'HAS_EXPERIENCE', mapping to RELATED_TO
[WARN] Unknown relation 'FAMILIAR_WITH', mapping to RELATED_TO
[WARN] Unknown relation 'FOUNDED_FOR', mapping to RELATED_TO
[WARN] Unknown relation 'AIMS_TO', mapping to RELATED_TO
[WARN] Unknown relation 'ADHERES_TO', mapping to RELATED_TO
[WARN] Unknown relation 'PROPOSED_IN', mapping to RELATED_TO
[WARN] Unknown relation 'PROPOSED_BY', mapping to RELATED_TO
[WARN] Unknown relation 'PROPOSED_IN_YEAR', mapping to RELATED_TO
[WARN] Unknown relation 'PROPOSED_IN_LOCATION', mapping to RELATED_TO
[WARN] Unknown relation 'FORMED_FROM', mapping to RELATED_TO
[WARN] Unknown relation 'INTEGRATES', mapping to RELATED_TO
[WARN] Unknown relation 'AFFECTED_BY', mapping to RELATED_TO
[WARN] Unknown relation 'OCCURRED_IN', mapping to RELATED_TO
[WARN] Unknown relation 'FOCUSES_ATTENTION_ON', mapping to RELATED_TO
[WARN] Unknown relation 'SHOULD_BE', mapping to RELATED_TO
[WARN] Unknown relation 'SHOULD_ADAPT_TO', mapping to RELATED_TO
[WARN] Unknown relation 'BASED_ON', mapping to RELATED_TO
[WARN] Unknown relation 'DEEPENS_INTO', mapping to RELATED_TO
[WARN] Unknown relation 'CLARIFIES', mapping to RELATED_TO
[WARN] Unknown relation 'ANALYZES', mapping to RELATED_TO
[WARN] Unknown relation 'CALCULATED_BY', mapping to RELATED_TO
[WARN] Unknown relation 'HAS_APPENDIX', mapping to RELATED_TO
[WARN] Unknown relation 'INVOLVES', mapping to RELATED_TO
[WARN] Unknown relation 'HAS_NEED', mapping to RELATED_TO
[WARN] Unknown relation 'FOLLOWS', mapping to RELATED_TO
[WARN] Unknown relation 'QUANTIFIED_INTO', mapping to RELATED_TO
[WARN] Unknown relation 'DETERMINED_BY', mapping to RELATED_TO
[WARN] Unknown relation 'SHOULD_PROVIDE', mapping to RELATED_TO
[WARN] Unknown relation 'IS_CARRIER_OF', mapping to RELATED_TO
[WARN] Unknown relation 'MAY_HINDER', mapping to RELATED_TO
[WARN] Unknown relation 'PURSUED_BY', mapping to RELATED_TO
[WARN] Unknown relation 'SYNCHRONIZED_WITH', mapping to RELATED_TO
[WARN] Unknown relation 'ENHANCES', mapping to RELATED_TO
[WARN] Unknown relation 'IS_EMERGING_TECHNOLOGY', mapping to RELATED_TO
[INFO] LLM mapped relation 'INTEGRATES_WITH' -> 'CONNECTED_TO'
[WARN] Unknown relation 'WROTE_PREFACE_IN', mapping to RELATED_TO
[WARN] Unknown relation 'AUTHORED', mapping to RELATED_TO
[WARN] Unknown relation 'WORKS_FOR', mapping to RELATED_TO
[WARN] Unknown relation 'AFFECTS', mapping to RELATED_TO
[WARN] Unknown relation 'INFLUENCES', mapping to RELATED_TO
[WARN] Unknown relation 'USED_BY', mapping to RELATED_TO
[WARN] Unknown relation 'PROVIDED_BY', mapping to RELATED_TO
[WARN] Unknown relation 'SYNONYM_OF', mapping to RELATED_TO
[WARN] Unknown relation 'PUBLISHES', mapping to RELATED_TO
[WARN] Unknown relation 'PRECEDES', mapping to RELATED_TO
[WARN] Unknown relation 'QUANTIFIES_TO', mapping to RELATED_TO
[WARN] Unknown relation 'CONSIDERS', mapping to RELATED_TO
[WARN] Unknown relation 'RESULTS_IN', mapping to RELATED_TO
[WARN] Unknown relation 'DIFFERENTIATES_FROM', mapping to RELATED_TO
[WARN] Unknown relation 'RESEARCHES', mapping to RELATED_TO
[WARN] Unknown relation 'APPROVES', mapping to RELATED_TO
[WARN] Unknown relation 'SATISFIES', mapping to RELATED_TO
[WARN] Unknown relation 'ASSISTS', mapping to RELATED_TO
[WARN] Unknown relation 'RUNS_THROUGH', mapping to RELATED_TO
[WARN] Unknown relation 'IS_CORE_OF', mapping to RELATED_TO
[WARN] Unknown relation 'EVALUATES', mapping to RELATED_TO
[WARN] Unknown relation 'HAS_ID', mapping to RELATED_TO
[WARN] Unknown relation 'DETERMINES', mapping to RELATED_TO
[WARN] Unknown relation 'FOCUSES_ON', mapping to RELATED_TO
[WARN] Unknown relation 'HAS_GOAL', mapping to RELATED_TO
[WARN] Unknown relation 'TRANSFORMS', mapping to RELATED_TO
[WARN] Unknown relation 'PRODUCES', mapping to RELATED_TO
[WARN] Unknown relation 'EXPRESSED_IN', mapping to RELATED_TO
[WARN] Unknown relation 'PERFORMS', mapping to RELATED_TO
[WARN] Unknown relation 'ENABLES', mapping to RELATED_TO
[WARN] Unknown relation 'INFORMS', mapping to RELATED_TO
[WARN] Unknown relation 'RECEIVES', mapping to RELATED_TO
[WARN] Unknown relation 'HAS', mapping to RELATED_TO
[WARN] Unknown relation 'IS_PART_OF', mapping to RELATED_TO
[WARN] Unknown relation 'REPRESENTS', mapping to RELATED_TO
[WARN] Unknown relation 'COMMUNICATES', mapping to RELATED_TO
[WARN] Unknown relation 'DOCUMENTS', mapping to RELATED_TO
[WARN] Unknown relation 'IS_STEP_IN', mapping to RELATED_TO
[WARN] Unknown relation 'IS_BASIS_FOR', mapping to RELATED_TO
[WARN] Unknown relation 'IS_EXPRESSED_AS', mapping to RELATED_TO
[WARN] Unknown relation 'FACILITATES', mapping to RELATED_TO
[WARN] Unknown relation 'LEADS_TO', mapping to RELATED_TO
[WARN] Unknown relation 'TARGETS', mapping to RELATED_TO
[INFO] LLM mapped relation 'HAS_REQUIREMENT' -> 'REQUIRES'
[WARN] Unknown relation 'IS_MEDIUM_FOR', mapping to RELATED_TO
[WARN] Unknown relation 'IS_VEHICLE_FOR', mapping to RELATED_TO
[WARN] Unknown relation 'IS_CATEGORY_OF', mapping to RELATED_TO
[WARN] Unknown relation 'IS_PHASE_OF', mapping to RELATED_TO
[WARN] Unknown relation 'OCCURS_IN', mapping to RELATED_TO
[WARN] Unknown relation 'OCCURS_AFTER', mapping to RELATED_TO
[WARN] Unknown relation 'RECORDS', mapping to RELATED_TO
[WARN] Unknown relation 'DEFINED_IN', mapping to RELATED_TO
[WARN] Unknown relation 'PROCESSES', mapping to RELATED_TO
[WARN] Unknown relation 'SEPARATED_FROM', mapping to RELATED_TO
[WARN] Unknown relation 'PROCESSED_BY', mapping to RELATED_TO
[WARN] Unknown relation 'UNDERGOES', mapping to RELATED_TO
[INFO] Fuzzy matched relation 'CAUSES' -> 'USES'
[WARN] Unknown relation 'HAS_DURATION', mapping to RELATED_TO
[WARN] Unknown relation 'EXPERIENCES', mapping to RELATED_TO
[WARN] Unknown relation 'HAS_DIAMETER', mapping to RELATED_TO
[WARN] Unknown relation 'INSTALLS', mapping to RELATED_TO
[WARN] Unknown relation 'REQUIRES_MATERIAL', mapping to RELATED_TO
[WARN] Unknown relation 'DEFINES_DIMENSION', mapping to RELATED_TO
[WARN] Unknown relation 'OPTIONALLY_INCLUDES', mapping to RELATED_TO
[WARN] Unknown relation 'AIMS_TO_PREVENT', mapping to RELATED_TO
[INFO] LLM mapped relation 'ASSOCIATED_WITH' -> 'RELATED_TO'
[INFO] Fuzzy matched relation 'COLLECTED_TO' -> 'CONNECTED_TO'
[WARN] Unknown relation 'DEVELOPED_IN', mapping to RELATED_TO
[WARN] Unknown relation 'AIMED_IN', mapping to RELATED_TO
[WARN] Unknown relation 'DESCRIBED_IN', mapping to RELATED_TO
[WARN] Unknown relation 'ATTRACTS', mapping to RELATED_TO
[WARN] Unknown relation 'HAS_SAFETY_FEATURE', mapping to RELATED_TO
[WARN] Unknown relation 'HAS_ENVIRONMENT_FEATURE', mapping to RELATED_TO
[WARN] Unknown relation 'PROVIDES_SPACE_FOR', mapping to RELATED_TO
[WARN] Unknown relation 'HAS_DOOR_REQUIREMENT', mapping to RELATED_TO
[INFO] LLM mapped relation 'HAS_SAFETY_REQUIREMENT' -> 'REQUIRES'
[WARN] Unknown relation 'HAS_ARCHITECTURAL_FEATURE', mapping to RELATED_TO
[WARN] Unknown relation 'HAS_WEIGHT', mapping to RELATED_TO
[WARN] Unknown relation 'HAS_COLOR_TEMP', mapping to RELATED_TO
[WARN] Unknown relation 'HAS_CRI', mapping to RELATED_TO
[WARN] Unknown relation 'HAS_RESISTANCE', mapping to RELATED_TO
[WARN] Unknown relation 'INTRODUCED_INTO', mapping to RELATED_TO
[INFO] Fuzzy matched relation 'PERFORMED_ON' -> 'PERFORMED_IN'
[WARN] Unknown relation 'HAS_NET_DIMENSION', mapping to RELATED_TO
[INFO] LLM mapped relation 'HAS_MATERIAL_REQUIREMENT' -> 'REQUIRES'
[WARN] Unknown relation 'HAS_METHOD', mapping to RELATED_TO
[WARN] Unknown relation 'EXAMPLE', mapping to RELATED_TO
[INFO] LLM mapped relation 'HAS_HEIGHT_REQUIREMENT' -> 'REQUIRES'
[WARN] Unknown relation 'HAS_VALUE_RANGE', mapping to RELATED_TO
[WARN] Unknown relation 'DIRECTED_TO', mapping to RELATED_TO
[WARN] Unknown relation 'HAS_NET_AREA', mapping to RELATED_TO
[WARN] Unknown relation 'PROVIDES_ACCESS_TO', mapping to RELATED_TO
[WARN] Unknown relation 'ACCESSED_VIA', mapping to RELATED_TO
[WARN] Unknown relation 'IS_EXAMPLE_OF', mapping to RELATED_TO
[WARN] Unknown relation 'CONDUCTED_IN', mapping to RELATED_TO
[WARN] Unknown relation 'LOCATED_AWAY_FROM', mapping to RELATED_TO
[WARN] Unknown relation 'HAS_ALTERNATE_NAME', mapping to RELATED_TO
[INFO] LLM mapped relation 'CONTAINED_IN' -> 'CONTAINS'
[WARN] Unknown relation 'LOCATED_AT', mapping to RELATED_TO
[WARN] Unknown relation 'HAS_DESCRIPTION', mapping to RELATED_TO
[WARN] Unknown relation 'COMPARED_WITH', mapping to RELATED_TO
[WARN] Unknown relation 'IS_METHOD_OF', mapping to RELATED_TO
[WARN] Unknown relation 'LABELS', mapping to RELATED_TO
[WARN] Unknown relation 'WORKS_IN', mapping to RELATED_TO
[WARN] Unknown relation 'VISITS', mapping to RELATED_TO
[INFO] LLM mapped relation 'NEEDS' -> 'REQUIRES'
[WARN] Unknown relation 'IS_PATIENT', mapping to RELATED_TO
[WARN] Unknown relation 'HAS_SPECIALTY', mapping to RELATED_TO
[WARN] Unknown relation 'IS_DESIGNED_FOR', mapping to RELATED_TO
[INFO] LLM mapped relation 'PROVIDES_SERVICE_TO' -> 'PROVIDES'
[WARN] Unknown relation 'RECEIVES_SERVICE_IN', mapping to RELATED_TO
[WARN] Unknown relation 'IS_CATEGORIZED_AS', mapping to RELATED_TO
[WARN] Unknown relation 'HAS_ACTIVITY', mapping to RELATED_TO
[WARN] Unknown relation 'CONDUCTS', mapping to RELATED_TO
[WARN] Unknown relation 'IS_EQUIPPED_WITH', mapping to RELATED_TO
[WARN] Unknown relation 'OPERATES', mapping to RELATED_TO
[WARN] Unknown relation 'INTERACTS_WITH', mapping to RELATED_TO
[WARN] Unknown relation 'PROVIDES_ENVIRONMENT_FOR', mapping to RELATED_TO
[WARN] Unknown relation 'CREATES', mapping to RELATED_TO
[INFO] LLM mapped relation 'HAS_DESIGN_REQUIREMENT' -> 'REQUIRES'
[WARN] Unknown relation 'IS_LISTED_IN', mapping to RELATED_TO
[WARN] Unknown relation 'IS_DESCRIBED_IN', mapping to RELATED_TO
[WARN] Unknown relation 'CAN_BE_USED_AS', mapping to RELATED_TO
[WARN] Unknown relation 'HAS_TEMPERATURE_RANGE', mapping to RELATED_TO
[INFO] LLM mapped relation 'HAS_POWER_REQUIREMENT' -> 'REQUIRES'
[WARN] Unknown relation 'HAS_SAFETY_GRADE', mapping to RELATED_TO
[WARN] Unknown relation 'HAS_LOAD_GRADE', mapping to RELATED_TO
[WARN] Unknown relation 'HAS_WORKLOAD', mapping to RELATED_TO
[WARN] Unknown relation 'HAS_HUMIDITY_RANGE', mapping to RELATED_TO
[WARN] Unknown relation 'HAS_WINTER_TEMP_RANGE', mapping to RELATED_TO
[WARN] Unknown relation 'HAS_SUMMER_TEMP_RANGE', mapping to RELATED_TO
[INFO] LLM mapped relation 'HAS_FILTER_REQUIREMENT' -> 'REQUIRES'
[WARN] Unknown relation 'CAN_USE', mapping to RELATED_TO
[WARN] Unknown relation 'MEASURES_AT', mapping to RELATED_TO
[WARN] Unknown relation 'CALCULATES', mapping to RELATED_TO
[WARN] Unknown relation 'DIAGNOSES', mapping to RELATED_TO
[WARN] Unknown relation 'USES_METHOD', mapping to RELATED_TO
[INFO] LLM mapped relation 'STORES' -> 'CONTAINS'
[WARN] Unknown relation 'INSTALLED_IN', mapping to RELATED_TO
[WARN] Unknown relation 'HAS_OPTIONAL_COMPONENT', mapping to RELATED_TO
[WARN] Unknown relation 'HAS_SAFETY_LEVEL', mapping to RELATED_TO
[WARN] Unknown relation 'HAS_POWER_LOAD', mapping to RELATED_TO
[WARN] Unknown relation 'HAS_POWER_RESTORE_TIME', mapping to RELATED_TO
[WARN] Unknown relation 'POTENTIALLY_IN', mapping to RELATED_TO
[WARN] Unknown relation 'CLASSIFIED_AS', mapping to RELATED_TO
[WARN] Unknown relation 'INDICATES', mapping to RELATED_TO
[WARN] Unknown relation 'MONITORED_BY', mapping to RELATED_TO
[WARN] Unknown relation 'POSSIBLY_REFERS_TO', mapping to RELATED_TO
[WARN] Unknown relation 'ENTERS_VIA', mapping to RELATED_TO
[WARN] Unknown relation 'IS_FOCUS_OF', mapping to RELATED_TO
[WARN] Unknown relation 'ARRANGED_AROUND', mapping to RELATED_TO
[WARN] Unknown relation 'HAS_BOUNDARY', mapping to RELATED_TO
[WARN] Unknown relation 'IS_PROCESS', mapping to RELATED_TO
[WARN] Unknown relation 'AIMS_TO_REDUCE', mapping to RELATED_TO
[WARN] Unknown relation 'HAS_RECEPTION', mapping to RELATED_TO
[WARN] Unknown relation 'LISTS', mapping to RELATED_TO
[WARN] Unknown relation 'DEFINES', mapping to RELATED_TO
[WARN] Unknown relation 'QUANTIFIES', mapping to RELATED_TO
[WARN] Unknown relation 'OPERATES_DURING', mapping to RELATED_TO
[WARN] Unknown relation 'HAS_OPTIMAL', mapping to RELATED_TO
[WARN] Unknown relation 'LOCATED_BETWEEN', mapping to RELATED_TO
[INFO] LLM mapped relation 'UTILIZES' -> 'USES'
[WARN] Unknown relation 'HAS_DEPARTMENT', mapping to RELATED_TO
[WARN] Unknown relation 'OVERSEES', mapping to RELATED_TO
[WARN] Unknown relation 'PROTECTS', mapping to RELATED_TO
[WARN] Unknown relation 'HAS_MAX_HEAT_LOAD', mapping to RELATED_TO
[WARN] Unknown relation 'HAS_MAX_INPUT_PRESSURE', mapping to RELATED_TO
[WARN] Unknown relation 'HAS_MAX_HORIZONTAL_DISTANCE', mapping to RELATED_TO
[WARN] Unknown relation 'HAS_MAX_VERTICAL_DISTANCE', mapping to RELATED_TO
[WARN] Unknown relation 'HAS_MAX_GLYCOL_CONTENT', mapping to RELATED_TO
[WARN] Unknown relation 'HAS_CHANNEL_SIZE', mapping to RELATED_TO
[WARN] Unknown relation 'HAS_TURNING_RADIUS', mapping to RELATED_TO
[WARN] Unknown relation 'HAS_MAX_TRANSPORT_SIZE', mapping to RELATED_TO
[WARN] Unknown relation 'HAS_MAX_TRANSPORT_WEIGHT', mapping to RELATED_TO
[INFO] LLM mapped relation 'HAS_TEMPERATURE_REQUIREMENT' -> 'REQUIRES'
[INFO] LLM mapped relation 'HAS_HUMIDITY_REQUIREMENT' -> 'REQUIRES'
[WARN] Unknown relation 'HAS_INTERNAL_HEAT_DISSIPATION', mapping to RELATED_TO
[WARN] Unknown relation 'HAS_AIR_CHANGE_RATE', mapping to RELATED_TO
[WARN] Unknown relation 'MANAGES', mapping to RELATED_TO
[WARN] Unknown relation 'ESTABLISHES', mapping to RELATED_TO
[WARN] Unknown relation 'GUIDED_BY', mapping to RELATED_TO
[WARN] Unknown relation 'COMPARES', mapping to RELATED_TO
[WARN] Unknown relation 'AIMS_AT', mapping to RELATED_TO
[WARN] Unknown relation 'SPECIFIED_IN', mapping to RELATED_TO
[WARN] Unknown relation 'OF', mapping to RELATED_TO
[WARN] Unknown relation 'ASSESSES', mapping to RELATED_TO
[WARN] Unknown relation 'OUTPUT_OF', mapping to RELATED_TO
[INFO] LLM mapped relation 'STUDIES' -> 'REQUIRES'
[WARN] Unknown relation 'SHARES', mapping to RELATED_TO
[WARN] Unknown relation 'VARIES_IN', mapping to RELATED_TO
[INFO] LLM mapped relation 'LOCATED_NEAR' -> 'ADJACENT_TO'
[WARN] Unknown relation 'ARRANGED_IN', mapping to RELATED_TO
[WARN] Unknown relation 'ALLOWS', mapping to RELATED_TO
[WARN] Unknown relation 'ACCOMMODATES', mapping to RELATED_TO
[INFO] Fuzzy matched relation 'CONNECTS_TO' -> 'CONNECTED_TO'
[WARN] Unknown relation 'SERVES', mapping to RELATED_TO
[WARN] Unknown relation 'HAS_TYPE', mapping to RELATED_TO
[WARN] Unknown relation 'DISTINGUISHED_FROM', mapping to RELATED_TO
[WARN] Unknown relation 'EXAMPLE_OF', mapping to RELATED_TO
[WARN] Unknown relation 'HAS_BEHAVIOR', mapping to RELATED_TO
[WARN] Unknown relation 'HAS_CHARACTERISTIC', mapping to RELATED_TO
[WARN] Unknown relation 'CLASSIFIED_INTO', mapping to RELATED_TO
[WARN] Unknown relation 'HAS_SUBCLASS', mapping to RELATED_TO
[WARN] Unknown relation 'HAS_EXAMPLE', mapping to RELATED_TO
[WARN] Unknown relation 'ACHIEVES', mapping to RELATED_TO
[WARN] Unknown relation 'COMBINED_WITH', mapping to RELATED_TO
[WARN] Unknown relation 'ORGANIZES', mapping to RELATED_TO
[WARN] Unknown relation 'IMPLEMENTED_ON', mapping to RELATED_TO
[WARN] Unknown relation 'PARTICIPATES_IN', mapping to RELATED_TO
[WARN] Unknown relation 'DESIGNED_BY', mapping to RELATED_TO
[WARN] Unknown relation 'BUILT_IN', mapping to RELATED_TO
[WARN] Unknown relation 'CAPACITY', mapping to RELATED_TO
[WARN] Unknown relation 'ARCHITECTURAL_FORM', mapping to RELATED_TO
[WARN] Unknown relation 'DESIGN_TYPE', mapping to RELATED_TO
[WARN] Unknown relation 'APPEARANCE', mapping to RELATED_TO
[WARN] Unknown relation 'PROMOTES', mapping to RELATED_TO
[INFO] LLM mapped relation 'CHARACTERISTIC' -> 'RELATED_TO'
[WARN] Unknown relation 'OPTIMIZES', mapping to RELATED_TO
[WARN] Unknown relation 'CONFIRMS', mapping to RELATED_TO
[WARN] Unknown relation 'PREPARES', mapping to RELATED_TO
[WARN] Unknown relation 'RECEIVES_ASSISTANCE', mapping to RELATED_TO
[WARN] Unknown relation 'SPECIFIES', mapping to RELATED_TO
[WARN] Unknown relation 'COLLABORATES_WITH', mapping to RELATED_TO
[INFO] Fuzzy matched relation 'PERFORMED_BY' -> 'PERFORMED_IN'
[INFO] Fuzzy matched relation 'PERFORMED_WITH' -> 'PERFORMED_IN'
[INFO] Fuzzy matched relation 'PERFORMS_IN' -> 'PERFORMED_IN'
[WARN] Unknown relation 'ASSESSED_IN', mapping to RELATED_TO
[WARN] Unknown relation 'PROVIDED_IN', mapping to RELATED_TO
[WARN] Unknown relation 'SUMMARIZES', mapping to RELATED_TO
[WARN] Unknown relation 'PROPOSES', mapping to RELATED_TO
[WARN] Unknown relation 'CLASSIFIES', mapping to RELATED_TO
[WARN] Unknown relation 'CLASSIFIED_BY', mapping to RELATED_TO
[WARN] Unknown relation 'HELPS', mapping to RELATED_TO
[WARN] Unknown relation 'BELONGS_TO_CATEGORY', mapping to RELATED_TO
[WARN] Unknown relation 'CONFORMS_TO', mapping to RELATED_TO
[WARN] Unknown relation 'DESIGNED_FOR', mapping to RELATED_TO
[WARN] Unknown relation 'HAS_HEIGHT', mapping to RELATED_TO
[WARN] Unknown relation 'HAS_SPEC', mapping to RELATED_TO
[WARN] Unknown relation 'HAS_STYLE', mapping to RELATED_TO
[WARN] Unknown relation 'HAS_DIMENSION', mapping to RELATED_TO
[WARN] Unknown relation 'INSTALLED_ON', mapping to RELATED_TO
[WARN] Unknown relation 'HAS_OPTIONAL', mapping to RELATED_TO
[WARN] Unknown relation 'HAS_ROOM_NAME', mapping to RELATED_TO
[WARN] Unknown relation 'HAS_SPACE_CATEGORY', mapping to RELATED_TO
[WARN] Unknown relation 'HAS_TABLE', mapping to RELATED_TO
[WARN] Unknown relation 'HAS_LAYOUT', mapping to RELATED_TO
[WARN] Unknown relation 'HAS_MATERIAL', mapping to RELATED_TO
[WARN] Unknown relation 'HAS_SHAPE', mapping to RELATED_TO
[WARN] Unknown relation 'HAS_POWER', mapping to RELATED_TO
[WARN] Unknown relation 'HAS_CONFIG', mapping to RELATED_TO
[WARN] Unknown relation 'HAS_CONFIGURATION', mapping to RELATED_TO
[WARN] Unknown relation 'TRIGGERS_REQUIREMENT', mapping to RELATED_TO
[WARN] Unknown relation 'HAS_COMPONENT', mapping to RELATED_TO
[WARN] Unknown relation 'HAS_ACCESSORY', mapping to RELATED_TO
[WARN] Unknown relation 'HAS_OPTIONAL_ACCESSORY', mapping to RELATED_TO
[WARN] Unknown relation 'HAS_PARAMETER', mapping to RELATED_TO
[WARN] Unknown relation 'HAS_RANGE', mapping to RELATED_TO
[WARN] Unknown relation 'PREFERS', mapping to RELATED_TO
[WARN] Unknown relation 'HAS_INTERFACE', mapping to RELATED_TO
[WARN] Unknown relation 'IMPROVES', mapping to RELATED_TO
[WARN] Unknown relation 'CATEGORIZES', mapping to RELATED_TO
[WARN] Unknown relation 'SUPPORTED_BY', mapping to RELATED_TO
[WARN] Unknown relation 'EQUIVALENT_TO', mapping to RELATED_TO
[WARN] Unknown relation 'HAS_ILLUMINANCE', mapping to RELATED_TO
[WARN] Unknown relation 'HAS_COLOR_TEMPERATURE', mapping to RELATED_TO
[WARN] Unknown relation 'HAS_COLOR_RENDERING_INDEX', mapping to RELATED_TO
[WARN] Unknown relation 'HAS_VOLTAGE', mapping to RELATED_TO
[WARN] Unknown relation 'HAS_FREQUENCY', mapping to RELATED_TO
[WARN] Unknown relation 'HAS_WINTER_RANGE', mapping to RELATED_TO
[WARN] Unknown relation 'HAS_SUMMER_RANGE', mapping to RELATED_TO
[WARN] Unknown relation 'HAS_NAME', mapping to RELATED_TO
[WARN] Unknown relation 'HAS_QUALITY', mapping to RELATED_TO
[WARN] Unknown relation 'HAS_LENGTH', mapping to RELATED_TO
[WARN] Unknown relation 'HAS_NET_AREA', mapping to RELATED_TO
[INFO] LLM mapped relation 'HAS_HEIGHT_REQUIREMENT' -> 'REQUIRES'
[INFO] LLM mapped relation 'HAS_ENVIRONMENT_REQUIREMENT' -> 'REQUIRES'
[WARN] Unknown relation 'GENERATED_BY', mapping to RELATED_TO
[WARN] Unknown relation 'ACHIEVED_BY', mapping to RELATED_TO
[WARN] Unknown relation 'PROTECTS', mapping to RELATED_TO
[WARN] Unknown relation 'HAS_PURPOSE', mapping to RELATED_TO
[WARN] Unknown relation 'TREATS', mapping to RELATED_TO
[WARN] Unknown relation 'DESCRIBED_IN', mapping to RELATED_TO
[INFO] LLM mapped relation 'ASSOCIATED_WITH' -> 'RELATED_TO'
[WARN] Unknown relation 'HAS_DESCRIPTION', mapping to RELATED_TO
[WARN] Unknown relation 'HAS_PROPERTY', mapping to RELATED_TO
[WARN] Unknown relation 'HAS_NET_SIZE', mapping to RELATED_TO
[WARN] Unknown relation 'HAS_AREA_UNIT', mapping to RELATED_TO
[WARN] Unknown relation 'HAS_RECOMMENDATION', mapping to RELATED_TO
[WARN] Unknown relation 'HAS_EQUIPMENT_LIST', mapping to RELATED_TO
[INFO] LLM mapped relation 'HAS_MECHANICAL_ELECTRICAL_REQUIREMENT' -> 'REQUIRES'
[INFO] LLM mapped relation 'HAS_ARCHITECTURAL_REQUIREMENT' -> 'REQUIRES'
[WARN] Unknown relation 'HAS_OPTIONAL_COMPONENT', mapping to RELATED_TO
[WARN] Unknown relation 'SYMBOLIZES', mapping to RELATED_TO
[WARN] Unknown relation 'HAS_CONDITION', mapping to RELATED_TO
[WARN] Unknown relation 'RECEIVES_CARE_IN', mapping to RELATED_TO
[WARN] Unknown relation 'TREATED_BY', mapping to RELATED_TO
[WARN] Unknown relation 'HAS_RESISTANCE', mapping to RELATED_TO
[WARN] Unknown relation 'REDUCES', mapping to RELATED_TO
[WARN] Unknown relation 'HAS_DIAMETER', mapping to RELATED_TO
[WARN] Unknown relation 'IS_OPTIONAL', mapping to RELATED_TO
[WARN] Unknown relation 'APPLIED_TO', mapping to RELATED_TO
[WARN] Unknown relation 'PROCESSES', mapping to RELATED_TO
[INFO] LLM mapped relation 'HAS_DESIGN_REQUIREMENT' -> 'REQUIRES'
[WARN] Unknown relation 'HAS_WASTE_MANAGEMENT', mapping to RELATED_TO
[INFO] LLM mapped relation 'HAS_ENVIRONMENTAL_REQUIREMENT' -> 'REQUIRES'
[INFO] LLM mapped relation 'HAS_SPECIAL_REQUIREMENT' -> 'REQUIRES'
[WARN] Unknown relation 'IS_DESIGNED_FOR', mapping to RELATED_TO
[WARN] Unknown relation 'HAS_INDOOR_UNIT', mapping to RELATED_TO
[WARN] Unknown relation 'HAS_OUTDOOR_UNIT', mapping to RELATED_TO
[WARN] Unknown relation 'HAS_WATER_QUALITY_CONDITION', mapping to RELATED_TO
[WARN] Unknown relation 'LOCATED_UNDER', mapping to RELATED_TO
[WARN] Unknown relation 'SET_IN', mapping to RELATED_TO
[WARN] Unknown relation 'ASSISTS_IN', mapping to RELATED_TO
[WARN] Unknown relation 'STORED_IN', mapping to RELATED_TO
[WARN] Unknown relation 'HAS_FORMULA', mapping to RELATED_TO
[INFO] LLM mapped relation 'HAS_AREA_REQUIREMENT' -> 'REQUIRES'
[WARN] Unknown relation 'HAS_ALTERNATIVE', mapping to RELATED_TO
[WARN] Unknown relation 'HAS_HUMIDITY', mapping to RELATED_TO
[WARN] Unknown relation 'HAS_TEMPERATURE', mapping to RELATED_TO
[WARN] Unknown relation 'OBSERVES', mapping to RELATED_TO
[WARN] Unknown relation 'INJECTED_INTO', mapping to RELATED_TO
[WARN] Unknown relation 'OBSERVES_VIA', mapping to RELATED_TO
[WARN] Unknown relation 'ADMINISTERED_BY', mapping to RELATED_TO
[WARN] Unknown relation 'ACCELERATES', mapping to RELATED_TO
[WARN] Unknown relation 'INJECTS', mapping to RELATED_TO
[WARN] Unknown relation 'DETECTS', mapping to RELATED_TO
[WARN] Unknown relation 'INTERPRETS', mapping to RELATED_TO
[WARN] Unknown relation 'TRANSPORTS_TO', mapping to RELATED_TO
[WARN] Unknown relation 'OPERATED_BY', mapping to RELATED_TO
[WARN] Unknown relation 'MAINTAINED_BY', mapping to RELATED_TO
[WARN] Unknown relation 'HAS_HALF_LIFE', mapping to RELATED_TO
[WARN] Unknown relation 'COMBINES', mapping to RELATED_TO
[WARN] Unknown relation 'PREPARED_FOR', mapping to RELATED_TO
[WARN] Unknown relation 'PURCHASED_FROM', mapping to RELATED_TO
[WARN] Unknown relation 'QUALITY_CONTROLLED_BY', mapping to RELATED_TO
[WARN] Unknown relation 'CALIBRATED_REGULARLY', mapping to RELATED_TO
[WARN] Unknown relation 'TRAINED_IN', mapping to RELATED_TO
[WARN] Unknown relation 'FINANCED_BY', mapping to RELATED_TO
[WARN] Unknown relation 'INSPECTED_BY', mapping to RELATED_TO
[WARN] Unknown relation 'DISPENSED_BY', mapping to RELATED_TO
[WARN] Unknown relation 'REFERRED_BY', mapping to RELATED_TO
[WARN] Unknown relation 'INSTALLED_BY', mapping to RELATED_TO
[WARN] Unknown relation 'CERTIFIED_BY', mapping to RELATED_TO
[WARN] Unknown relation 'CONTROLS', mapping to RELATED_TO
[WARN] Unknown relation 'CONTROLLED_BY', mapping to RELATED_TO
[WARN] Unknown relation 'MONITORS', mapping to RELATED_TO
[WARN] Unknown relation 'COOLS', mapping to RELATED_TO
[WARN] Unknown relation 'POWERS', mapping to RELATED_TO
[WARN] Unknown relation 'SUPPLIES', mapping to RELATED_TO
[WARN] Unknown relation 'CONNECTS', mapping to RELATED_TO
[WARN] Unknown relation 'TRANSMITS', mapping to RELATED_TO
[WARN] Unknown relation 'APPLIED_TO', mapping to RELATED_TO
[WARN] Unknown relation 'MEASURED_IN', mapping to RELATED_TO
[WARN] Unknown relation 'MAINTAINS', mapping to RELATED_TO
[WARN] Unknown relation 'HAS_OPTIMAL_VALUE', mapping to RELATED_TO
[INFO] LLM mapped relation 'REQUIRES_POWER' -> 'REQUIRES'
[WARN] Unknown relation 'HAS_CLEANLINESS', mapping to RELATED_TO
[WARN] Unknown relation 'IS_SENSITIVE_TO', mapping to RELATED_TO
[WARN] Unknown relation 'HAS_OPTION', mapping to RELATED_TO
[WARN] Unknown relation 'HAS_MASS', mapping to RELATED_TO
[WARN] Unknown relation 'HAS_TEMP_RANGE', mapping to RELATED_TO
[WARN] Unknown relation 'HAS_LIGHT', mapping to RELATED_TO
[WARN] Unknown relation 'IS_BEST_FOR', mapping to RELATED_TO
[WARN] Unknown relation 'CONFIGURED_WITH', mapping to RELATED_TO
[WARN] Unknown relation 'MAINLY_USED_FOR', mapping to RELATED_TO
[WARN] Unknown relation 'MAINLY_PERFORMED_IN', mapping to RELATED_TO
[WARN] Unknown relation 'PART_OF_CONFIGURATION', mapping to RELATED_TO
[WARN] Unknown relation 'HAS_NUMBER', mapping to RELATED_TO
[WARN] Unknown relation 'MADE_OF', mapping to RELATED_TO
[WARN] Unknown relation 'HAS_RANGE_WINTER', mapping to RELATED_TO
[WARN] Unknown relation 'HAS_RANGE_SUMMER', mapping to RELATED_TO
[WARN] Unknown relation 'RESPONSIBLE_FOR', mapping to RELATED_TO
[WARN] Unknown relation 'HAS_NET_SIZE', mapping to RELATED_TO
[WARN] Unknown relation 'HAS_EQUIPMENT', mapping to RELATED_TO
[INFO] LLM mapped relation 'ESSENTIAL_FOR' -> 'REQUIRES'
[WARN] Unknown relation 'IS_DESCRIBED_AS', mapping to RELATED_TO
[WARN] Unknown relation 'HAS_SPACE_AND_BEHAVIOR', mapping to RELATED_TO
[WARN] Unknown relation 'HAS_MEDICAL_EQUIPMENT', mapping to RELATED_TO
[WARN] Unknown relation 'IS_ESSENTIAL_FOR', mapping to RELATED_TO
[WARN] Unknown relation 'HAS_APPLICATION', mapping to RELATED_TO
[WARN] Unknown relation 'IS_LOCATED_IN', mapping to RELATED_TO
[WARN] Unknown relation 'IS_EQUIPMENT_OF', mapping to RELATED_TO
[WARN] Unknown relation 'PROVIDES_GAS_FOR', mapping to RELATED_TO
[WARN] Unknown relation 'PROVIDES_SERVICE_FOR', mapping to RELATED_TO
[INFO] LLM mapped relation 'REQUIRES_EQUIPMENT' -> 'REQUIRES'
[INFO] Fuzzy matched relation 'REQUIRES_GAS' -> 'REQUIRES'
[INFO] LLM mapped relation 'RELATES_TO_DISCIPLINE' -> 'RELATES_TO'
[INFO] Fuzzy matched relation 'IS_MENTIONED_IN' -> 'MENTIONED_IN'
[INFO] LLM mapped relation 'NEAR' -> 'ADJACENT_TO'
[WARN] Unknown relation 'VERIFIED_IN', mapping to RELATED_TO
[WARN] Unknown relation 'CAN_CONTAIN', mapping to RELATED_TO
[WARN] Unknown relation 'IMPLEMENTED_BY', mapping to RELATED_TO
[WARN] Unknown relation 'FOR', mapping to RELATED_TO
[WARN] Unknown relation 'FOR_SAFETY', mapping to RELATED_TO
[WARN] Unknown relation 'FOR_DRAINAGE', mapping to RELATED_TO
[WARN] Unknown relation 'FUNCTION', mapping to RELATED_TO
[INFO] Fuzzy matched relation 'REFERENCED_BY' -> 'REFERENCES'
[INFO] Fuzzy matched relation 'IS_PAGE_OF' -> 'IS_TYPE_OF'
[WARN] Unknown relation 'HAS_NET_DIMENSIONS', mapping to RELATED_TO
[WARN] Unknown relation 'HAS_EQUIPMENT_ENVIRONMENT', mapping to RELATED_TO
[WARN] Unknown relation 'CAN_BE', mapping to RELATED_TO
[WARN] Unknown relation 'CAN_COMBINE_WITH', mapping to RELATED_TO
[INFO] Fuzzy matched relation 'REFERENCED_IN' -> 'REFERENCES'
[WARN] Unknown relation 'DIFFERENT_FROM', mapping to RELATED_TO
[WARN] Unknown relation 'ENSURES', mapping to RELATED_TO
[WARN] Unknown relation 'OCCURS_BETWEEN', mapping to RELATED_TO
[WARN] Unknown relation 'EQUALS', mapping to RELATED_TO
[WARN] Unknown relation 'DISPENSED_FROM', mapping to RELATED_TO
[WARN] Unknown relation 'HAS_SPACE', mapping to RELATED_TO
[WARN] Unknown relation 'CONTRIBUTES_TO', mapping to RELATED_TO
[WARN] Unknown relation 'HAS_CAPACITY', mapping to RELATED_TO
[WARN] Unknown relation 'HAS_STORAGE_TEMPERATURE', mapping to RELATED_TO
[INFO] LLM mapped relation 'HAS_BUILDING_REQUIREMENT' -> 'REQUIRES'
[WARN] Unknown relation 'HAS_MODEL', mapping to RELATED_TO
[WARN] Unknown relation 'HAS_STANDARD', mapping to RELATED_TO
[WARN] Unknown relation 'SHOWS', mapping to RELATED_TO
[WARN] Unknown relation 'TRANSLATED_BY', mapping to RELATED_TO
[WARN] Unknown relation 'AUTHORED_BY', mapping to RELATED_TO
[WARN] Unknown relation 'IS_TRANSLATION_OF', mapping to RELATED_TO
[WARN] Unknown relation 'AUTHORIZED_BY', mapping to RELATED_TO
[WARN] Unknown relation 'HAS_RIGHT', mapping to RELATED_TO
[WARN] Unknown relation 'AFFILIATED_WITH', mapping to RELATED_TO
[INFO] LLM mapped relation 'GRADUATED_FROM' -> 'BELONGS_TO'
[WARN] Unknown relation 'WORKED_ON', mapping to RELATED_TO
[INFO] LLM mapped relation 'WORKS_AT' -> 'BELONGS_TO'
[WARN] Unknown relation 'HOLDS_POSITION', mapping to RELATED_TO
[WARN] Unknown relation 'HAS_DEGREE', mapping to RELATED_TO
[WARN] Unknown relation 'HAS_BACKGROUND', mapping to RELATED_TO
[WARN] Unknown relation 'ASSISTED', mapping to RELATED_TO
[WARN] Unknown relation 'HAS_CHAPTERS', mapping to RELATED_TO
[WARN] Unknown relation 'CAN_OBSTRUCT', mapping to RELATED_TO
[WARN] Unknown relation 'MAY_OBSTRUCT', mapping to RELATED_TO
[WARN] Unknown relation 'IS_BASIS_OF', mapping to RELATED_TO
[WARN] Unknown relation 'EVOLVED_FROM', mapping to RELATED_TO
[WARN] Unknown relation 'PROPOSED', mapping to RELATED_TO
[WARN] Unknown relation 'INITIATED', mapping to RELATED_TO
[INFO] LLM mapped relation 'HAS_SAFETY_REQUIREMENT' -> 'REQUIRES'
[INFO] LLM mapped relation 'HAS_TECHNICAL_REQUIREMENT' -> 'REQUIRES'
[WARN] Unknown relation 'DEFINES_PURPOSE', mapping to RELATED_TO
[WARN] Unknown relation 'HAS_DESIGN_SPECIFICATION', mapping to RELATED_TO
[WARN] Unknown relation 'HAS_ENVIRONMENTAL_CONTROL', mapping to RELATED_TO
[INFO] LLM mapped relation 'HAS_OPERATIONAL_REQUIREMENT' -> 'REQUIRES'
[INFO] LLM mapped relation 'HAS_REGULATORY_REQUIREMENT' -> 'REQUIRES'
[INFO] LLM mapped relation 'HAS_COMPLIANCE_REQUIREMENT' -> 'REQUIRES'
[INFO] LLM mapped relation 'HAS_PERFORMANCE_REQUIREMENT' -> 'REQUIRES'
[INFO] LLM mapped relation 'HAS_QUALITY_REQUIREMENT' -> 'REQUIRES'
[WARN] Unknown relation 'IS_ABBREVIATION_OF', mapping to RELATED_TO
[WARN] Unknown relation 'CREATED_BY', mapping to RELATED_TO
[WARN] Unknown relation 'WORKS_IN', mapping to RELATED_TO
[WARN] Unknown relation 'RECEIVES_TREATMENT_IN', mapping to RELATED_TO
[WARN] Unknown relation 'IS_NAME_OF', mapping to RELATED_TO
[WARN] Unknown relation 'ATTRACTS', mapping to RELATED_TO
[WARN] Unknown relation 'CAUSED_BY', mapping to RELATED_TO
[INFO] Fuzzy matched relation 'CAUSES' -> 'USES'
[WARN] Unknown relation 'EQUIPPED_WITH', mapping to RELATED_TO
[WARN] Unknown relation 'INSTALLED_IN', mapping to RELATED_TO
[INFO] Fuzzy matched relation 'PERFORMED_ON' -> 'PERFORMED_IN'
[WARN] Unknown relation 'EXPLAINS', mapping to RELATED_TO
[WARN] Unknown relation 'HAS_VALUE_RANGE', mapping to RELATED_TO
[WARN] Unknown relation 'RECEIVES_SERVICE_FROM', mapping to RELATED_TO
[WARN] Unknown relation 'INTERACTS_IN', mapping to RELATED_TO
[WARN] Unknown relation 'HAS_CATEGORY', mapping to RELATED_TO
[WARN] Unknown relation 'CONFIGURED_BY', mapping to RELATED_TO
[WARN] Unknown relation 'LOCATED_AWAY_FROM', mapping to RELATED_TO
[WARN] Unknown relation 'SIMILAR_TO', mapping to RELATED_TO
[WARN] Unknown relation 'HAS_DIMENSIONS', mapping to RELATED_TO
[WARN] Unknown relation 'LOCATED_AT', mapping to RELATED_TO
[WARN] Unknown relation 'DESCRIBED_BY', mapping to RELATED_TO
[WARN] Unknown relation 'COMPARED_TO', mapping to RELATED_TO
[WARN] Unknown relation 'REDUCED_BY', mapping to RELATED_TO
[WARN] Unknown relation 'PROMOTED_BY', mapping to RELATED_TO
[WARN] Unknown relation 'HAS_FLOOR_REQUIREMENT', mapping to RELATED_TO
[INFO] LLM mapped relation 'HAS_WINDOW_REQUIREMENT' -> 'REQUIRES'
[INFO] LLM mapped relation 'HAS_SIZE_REQUIREMENT' -> 'REQUIRES'
[INFO] LLM mapped relation 'HAS_SAFETY_PRIVACY_REQUIREMENT' -> 'REQUIRES'
[WARN] Unknown relation 'HAS_EQUIPMENT_ENVIRONMENT', mapping to RELATED_TO
[WARN] Unknown relation 'HAS_FURNITURE', mapping to RELATED_TO
[WARN] Unknown relation 'HAS_DEVICE', mapping to RELATED_TO
[WARN] Unknown relation 'CONTROLS', mapping to RELATED_TO
[WARN] Unknown relation 'ALSO_KNOWN_AS', mapping to RELATED_TO
[WARN] Unknown relation 'IS_TARGET_OF', mapping to RELATED_TO
[WARN] Unknown relation 'CHARACTERIZED_BY', mapping to RELATED_TO
[WARN] Unknown relation 'AVOIDS', mapping to RELATED_TO
[WARN] Unknown relation 'HAS_MIN_HEIGHT', mapping to RELATED_TO
[WARN] Unknown relation 'HAS_WEIGHT', mapping to RELATED_TO
[WARN] Unknown relation 'CAN_BE_USED_AS', mapping to RELATED_TO
[WARN] Unknown relation 'LOCATED_IN_SAME_AREA_AS', mapping to RELATED_TO
[WARN] Unknown relation 'AIMS_TO_TREAT', mapping to RELATED_TO
[INFO] LLM mapped relation 'REFERENCES_STANDARD' -> 'REFERENCES'
[WARN] Unknown relation 'HAS_EQUIPMENT_CATEGORY', mapping to RELATED_TO
[WARN] Unknown relation 'HAS_TEMPERATURE_RANGE', mapping to RELATED_TO
[INFO] LLM mapped relation 'HAS_POWER_REQUIREMENT' -> 'REQUIRES'
[WARN] Unknown relation 'HAS_SAFETY_GRADE', mapping to RELATED_TO
[WARN] Unknown relation 'HAS_LOAD_GRADE', mapping to RELATED_TO
[WARN] Unknown relation 'HAS_WORKLOAD', mapping to RELATED_TO
[WARN] Unknown relation 'HAS_HUMIDITY_RANGE', mapping to RELATED_TO
[WARN] Unknown relation 'HAS_WINTER_TEMP_RANGE', mapping to RELATED_TO
[WARN] Unknown relation 'HAS_SUMMER_TEMP_RANGE', mapping to RELATED_TO
[INFO] LLM mapped relation 'HAS_FILTER_REQUIREMENT' -> 'REQUIRES'
[WARN] Unknown relation 'CAN_USE', mapping to RELATED_TO
[WARN] Unknown relation 'MEASURES', mapping to RELATED_TO
[WARN] Unknown relation 'MEASURES_AT', mapping to RELATED_TO
[WARN] Unknown relation 'CALCULATES', mapping to RELATED_TO
[WARN] Unknown relation 'DIAGNOSES', mapping to RELATED_TO
[WARN] Unknown relation 'USES_METHOD', mapping to RELATED_TO
[WARN] Unknown relation 'COMPARED_WITH', mapping to RELATED_TO
[INFO] LLM mapped relation 'STORES' -> 'CONTAINS'
[WARN] Unknown relation 'TREATED_IN', mapping to RELATED_TO
[WARN] Unknown relation 'HAS_DOOR_SIZE', mapping to RELATED_TO
[WARN] Unknown relation 'HAS_OBSERVATION_WINDOW_SIZE', mapping to RELATED_TO
[WARN] Unknown relation 'HAS_INSTALLATION_METHOD', mapping to RELATED_TO
[WARN] Unknown relation 'LOCATED_BETWEEN', mapping to RELATED_TO
[WARN] Unknown relation 'HAS_MINIMUM_AREA', mapping to RELATED_TO
[WARN] Unknown relation 'HAS_MINIMUM_SIDE_LENGTH', mapping to RELATED_TO
[WARN] Unknown relation 'IS_USED_FOR', mapping to RELATED_TO
[WARN] Unknown relation 'HAS_INPUT_VOLTAGE', mapping to RELATED_TO
[WARN] Unknown relation 'HAS_PEAK_POWER', mapping to RELATED_TO
[WARN] Unknown relation 'HAS_STANDARD_POWER', mapping to RELATED_TO
[WARN] Unknown relation 'HAS_MAIN_SHIELD_WALL_THICKNESS', mapping to RELATED_TO
[WARN] Unknown relation 'HAS_SIDE_SHIELD_WALL_THICKNESS', mapping to RELATED_TO
[WARN] Unknown relation 'HAS_MAZE_INNER_WALL_THICKNESS', mapping to RELATED_TO
[WARN] Unknown relation 'HAS_OUTER_WALL_THICKNESS', mapping to RELATED_TO
[WARN] Unknown relation 'HAS_MAIN_SHIELD_ROOF_THICKNESS', mapping to RELATED_TO
[WARN] Unknown relation 'USED_DURING', mapping to RELATED_TO
[WARN] Unknown relation 'HAS_POWER_SUPPLY', mapping to RELATED_TO
[WARN] Unknown relation 'HAS_STANDBY_POWER', mapping to RELATED_TO
[WARN] Unknown relation 'HAS_LOAD_CAPACITY', mapping to RELATED_TO
[WARN] Unknown relation 'HAS_POWER_CONSUMPTION', mapping to RELATED_TO
[WARN] Unknown relation 'HAS_CURRENT', mapping to RELATED_TO
[INFO] LLM mapped relation 'HAS_TEMPERATURE_REQUIREMENT' -> 'REQUIRES'
[INFO] LLM mapped relation 'HAS_HUMIDITY_REQUIREMENT' -> 'REQUIRES'
[WARN] Unknown relation 'HAS_HEAT_DISSIPATION', mapping to RELATED_TO
[WARN] Unknown relation 'HAS_AIR_CHANGE_RATE', mapping to RELATED_TO
[WARN] Unknown relation 'HAS_MIN_AIR_FLOW', mapping to RELATED_TO
[WARN] Unknown relation 'HAS_PEAK_CURRENT', mapping to RELATED_TO
[WARN] Unknown relation 'HAS_POWER_SUPPLY_TYPE', mapping to RELATED_TO
[WARN] Unknown relation 'HAS_POWER_CONSUMPTION_DETAIL', mapping to RELATED_TO
[WARN] Unknown relation 'HAS_DOOR_TYPE', mapping to RELATED_TO
[WARN] Unknown relation 'HAS_OBSERVATION_WINDOW_TYPE', mapping to RELATED_TO
[WARN] Unknown relation 'HAS_PROTECTION_REQUIREMENT', mapping to RELATED_TO
[INFO] LLM mapped relation 'HAS_VENTILATION_REQUIREMENT' -> 'REQUIRES'
[WARN] Unknown relation 'HAS_POWER_SUPPLY_SYSTEM', mapping to RELATED_TO
[WARN] Unknown relation 'HAS_OPERATING_MODE', mapping to RELATED_TO
[WARN] Unknown relation 'HAS_LOCATION_DESCRIPTION', mapping to RELATED_TO
[WARN] Unknown relation 'HAS_CONTENT_DESCRIPTION', mapping to RELATED_TO
[WARN] Unknown relation 'HAS_OPERATING_CONDITION', mapping to RELATED_TO
[WARN] Unknown relation 'HAS_CABLE_TYPE', mapping to RELATED_TO
[INFO] LLM mapped relation 'HAS_REFERENCE_STANDARD' -> 'REFERENCES'
[INFO] Fuzzy matched relation 'REFERENCED_BY' -> 'REFERENCES'
[WARN] Unknown relation 'HAS_DISTANCE_CONSTRAINT', mapping to RELATED_TO
[WARN] Unknown relation 'PROHIBITED_LOCATION', mapping to RELATED_TO
[WARN] Unknown relation 'PROHIBITED_IN', mapping to RELATED_TO
[WARN] Unknown relation 'PROTECTED_FROM', mapping to RELATED_TO
[WARN] Unknown relation 'HAS_SPACE_TYPE', mapping to RELATED_TO
[WARN] Unknown relation 'MONITORS', mapping to RELATED_TO
[WARN] Unknown relation 'DISPLAYS', mapping to RELATED_TO
[WARN] Unknown relation 'MAINTAINS', mapping to RELATED_TO
[WARN] Unknown relation 'OPERATES_DURING', mapping to RELATED_TO
[WARN] Unknown relation 'AGREED_TO', mapping to RELATED_TO
[WARN] Unknown relation 'EXPERIENCED', mapping to RELATED_TO
[WARN] Unknown relation 'PRESENTS', mapping to RELATED_TO
[WARN] Unknown relation 'DEPICTS', mapping to RELATED_TO
[WARN] Unknown relation 'EMPHASIZES', mapping to RELATED_TO
[WARN] Unknown relation 'DISCOVERED', mapping to RELATED_TO
[WARN] Unknown relation 'READ', mapping to RELATED_TO
[WARN] Unknown relation 'IMPRESSED', mapping to RELATED_TO
[WARN] Unknown relation 'GAVE_LECTURE', mapping to RELATED_TO
[WARN] Unknown relation 'INITIATED_BY', mapping to RELATED_TO
[WARN] Unknown relation 'AIMED_AT', mapping to RELATED_TO
[WARN] Unknown relation 'SHIFTED_FROM', mapping to RELATED_TO
[WARN] Unknown relation 'SHIFTED_TO', mapping to RELATED_TO
[WARN] Unknown relation 'INFLUENCED_BY', mapping to RELATED_TO
[WARN] Unknown relation 'UNDERWENT_CHANGES_IN', mapping to RELATED_TO
[WARN] Unknown relation 'IS_CONSTANT_IN', mapping to RELATED_TO
[WARN] Unknown relation 'DIFFERS_FROM', mapping to RELATED_TO
[INFO] LLM mapped relation 'HELPED' -> 'SUPPORTS'
[WARN] Unknown relation 'COMPLETED_THANKS_TO', mapping to RELATED_TO
[WARN] Unknown relation 'TRANSLATED_FROM', mapping to RELATED_TO
[WARN] Unknown relation 'PROPOSED_TRANSLATION_TO', mapping to RELATED_TO
[WARN] Unknown relation 'ATTENDED_LECTURE', mapping to RELATED_TO
[WARN] Unknown relation 'ATTENDED_LECTURE_AT', mapping to RELATED_TO
[WARN] Unknown relation 'PURCHASED', mapping to RELATED_TO
[WARN] Unknown relation 'INITIATED_TRANSLATION_IN', mapping to RELATED_TO
[WARN] Unknown relation 'DELIVERED_LECTURE', mapping to RELATED_TO
[INFO] LLM mapped relation 'DELIVERED_LECTURE_AT' -> 'PERFORMED_IN'
[WARN] Unknown relation 'AIMS_TO_PROVIDE', mapping to RELATED_TO
[WARN] Unknown relation 'TARGETS_AUDIENCE', mapping to RELATED_TO
[WARN] Unknown relation 'INVOLVED', mapping to RELATED_TO
[WARN] Unknown relation 'EXPRESSED_GRATITUDE_TO', mapping to RELATED_TO
[WARN] Unknown relation 'PARTICIPATED_IN', mapping to RELATED_TO
[WARN] Unknown relation 'PROVIDED_CONSULTATION_FOR', mapping to RELATED_TO
[WARN] Unknown relation 'PROVIDED_HELP_FOR', mapping to RELATED_TO
[INFO] LLM mapped relation 'PROVIDED_SUPPORT_FOR' -> 'SUPPORTS'
[WARN] Unknown relation 'LEARNED_FROM', mapping to RELATED_TO
[WARN] Unknown relation 'HAS_DESIGN_PHILOSOPHY', mapping to RELATED_TO
[WARN] Unknown relation 'HAS_EVOLUTION', mapping to RELATED_TO
[WARN] Unknown relation 'HELPS_READERS_SEE', mapping to RELATED_TO
[WARN] Unknown relation 'INTRODUCES', mapping to RELATED_TO
[WARN] Unknown relation 'EXCLUDES', mapping to RELATED_TO
[WARN] Unknown relation 'CHANGES', mapping to RELATED_TO
[WARN] Unknown relation 'SPECIALIZES_IN', mapping to RELATED_TO
[WARN] Unknown relation 'DESCRIBED_AS', mapping to RELATED_TO
[WARN] Unknown relation 'COLLABORATES_ON', mapping to RELATED_TO
[WARN] Unknown relation 'HAS_POSITION', mapping to RELATED_TO
[WARN] Unknown relation 'HELPED_WITH', mapping to RELATED_TO
[WARN] Unknown relation 'HAS_NATIONALITY', mapping to RELATED_TO
[WARN] Unknown relation 'OBTAINED_DOCTORATE', mapping to RELATED_TO
[INFO] LLM mapped relation 'OBTAINED_DOCTORATE_FROM' -> 'BELONGS_TO'
[WARN] Unknown relation 'FOUNDED_BY', mapping to RELATED_TO
[WARN] Unknown relation 'ORIGINAL_TITLE', mapping to RELATED_TO
[WARN] Unknown relation 'IS_SAME_AS', mapping to RELATED_TO
[WARN] Unknown relation 'CHANGES_SLOWLY', mapping to RELATED_TO
[WARN] Unknown relation 'MANAGED_BASED_ON', mapping to RELATED_TO
[WARN] Unknown relation 'EXEMPLIFIED_BY', mapping to RELATED_TO
[WARN] Unknown relation 'EVOLVES_OVER_TIME', mapping to RELATED_TO
[WARN] Unknown relation 'DISCUSSES', mapping to RELATED_TO
[WARN] Unknown relation 'IS_FIRST_CONTACT_POINT', mapping to RELATED_TO
[WARN] Unknown relation 'FACILITATED_BY', mapping to RELATED_TO
[WARN] Unknown relation 'IS_CENTER_HUB', mapping to RELATED_TO
[WARN] Unknown relation 'EQUIPPED_WITH', mapping to RELATED_TO
[WARN] Unknown relation 'CAN_EXPAND', mapping to RELATED_TO
[WARN] Unknown relation 'LOCATED_ON', mapping to RELATED_TO
[WARN] Unknown relation 'BUILT_FROM', mapping to RELATED_TO
[WARN] Unknown relation 'ORIGINATED_IN', mapping to RELATED_TO
[WARN] Unknown relation 'EXPLORES', mapping to RELATED_TO
[WARN] Unknown relation 'AIMS_TO_IMPROVE', mapping to RELATED_TO
[WARN] Unknown relation 'VIEWED_AS', mapping to RELATED_TO
[WARN] Unknown relation 'GIVES', mapping to RELATED_TO
[WARN] Unknown relation 'IS_KEY_SPACE', mapping to RELATED_TO
[WARN] Unknown relation 'IS_STRATEGY_OF', mapping to RELATED_TO
[INFO] LLM mapped relation 'FEATURES' -> 'RELATED_TO'
[WARN] Unknown relation 'ISOLATED_FROM', mapping to RELATED_TO
[WARN] Unknown relation 'DESIGNED', mapping to RELATED_TO
[WARN] Unknown relation 'ABSORBS', mapping to RELATED_TO
[WARN] Unknown relation 'REFLECTS', mapping to RELATED_TO
[WARN] Unknown relation 'HANDLES', mapping to RELATED_TO
[WARN] Unknown relation 'EXTENDS_TO', mapping to RELATED_TO
[WARN] Unknown relation 'NEEDS_TO_REDEFINE', mapping to RELATED_TO
[WARN] Unknown relation 'SOLVES', mapping to RELATED_TO
[WARN] Unknown relation 'SHOULD_BE_PROPORTIONAL_TO', mapping to RELATED_TO
[WARN] Unknown relation 'MAY_NOT_ALIGN_WITH', mapping to RELATED_TO
[WARN] Unknown relation 'MAY_HAVE_GREATER_IMPACT_THAN', mapping to RELATED_TO
[WARN] Unknown relation 'INCREASES', mapping to RELATED_TO
[WARN] Unknown relation 'SHOULD_DEFINE_POSITION_IN', mapping to RELATED_TO
[WARN] Unknown relation 'OUTLINES', mapping to RELATED_TO
[WARN] Unknown relation 'DETAILS', mapping to RELATED_TO
[WARN] Unknown relation 'SHOULD_ASSESS', mapping to RELATED_TO
[WARN] Unknown relation 'SHOULD_GAIN', mapping to RELATED_TO
[WARN] Unknown relation 'SHOULD_BECOME', mapping to RELATED_TO
[WARN] Unknown relation 'THRIVES_WHEN', mapping to RELATED_TO
[WARN] Unknown relation 'AIMS_TO_ENHANCE', mapping to RELATED_TO
[WARN] Unknown relation 'HAS_IMPACT_ON', mapping to RELATED_TO
[WARN] Unknown relation 'ENCOURAGES', mapping to RELATED_TO
[WARN] Unknown relation 'SHOULD_BE_SPENT_ON', mapping to RELATED_TO
[WARN] Unknown relation 'CONTINUES_TO_RISE', mapping to RELATED_TO
[WARN] Unknown relation 'HAS_RESPONSIBILITY', mapping to RELATED_TO
[WARN] Unknown relation 'IS_CONSIDERED_AS', mapping to RELATED_TO
[WARN] Unknown relation 'CAN_MAKE', mapping to RELATED_TO
[WARN] Unknown relation 'IS_INCLUDED_IN', mapping to RELATED_TO
[WARN] Unknown relation 'IS_DISCUSSED_IN', mapping to RELATED_TO
[INFO] LLM mapped relation 'PROVIDES_REFERENCE' -> 'REFERENCES'
[WARN] Unknown relation 'HAS_PRECEDING_EVENT', mapping to RELATED_TO
[WARN] Unknown relation 'HAS_FOLLOWING_EVENT', mapping to RELATED_TO
[WARN] Unknown relation 'ARE_INVESTIGATED_BASED_ON', mapping to RELATED_TO
[WARN] Unknown relation 'HAS_TASK', mapping to RELATED_TO
[WARN] Unknown relation 'HAS_VIEW', mapping to RELATED_TO
[WARN] Unknown relation 'OPPOSES', mapping to RELATED_TO
[WARN] Unknown relation 'IS_PRODUCT_OF', mapping to RELATED_TO
[WARN] Unknown relation 'IS_COMPOSED_OF', mapping to RELATED_TO
[WARN] Unknown relation 'IS_COMPARED_TO', mapping to RELATED_TO
[WARN] Unknown relation 'IS_SIMILAR_TO', mapping to RELATED_TO
[WARN] Unknown relation 'IS_VIEWED_AS', mapping to RELATED_TO
[WARN] Unknown relation 'IS_EQUAL_TO', mapping to RELATED_TO
[WARN] Unknown relation 'EMERGED_IN', mapping to RELATED_TO
[WARN] Unknown relation 'CHALLENGES', mapping to RELATED_TO
[WARN] Unknown relation 'NOT_OPPOSE', mapping to RELATED_TO
[WARN] Unknown relation 'SHOULD_HAVE', mapping to RELATED_TO
[WARN] Unknown relation 'CAN_ALLEVIATE', mapping to RELATED_TO
[WARN] Unknown relation 'BLAMED_FOR', mapping to RELATED_TO
[WARN] Unknown relation 'HINDERS', mapping to RELATED_TO
[WARN] Unknown relation 'BECOMES', mapping to RELATED_TO
[WARN] Unknown relation 'BETWEEN', mapping to RELATED_TO
[WARN] Unknown relation 'RECOGNIZED_IN', mapping to RELATED_TO
[WARN] Unknown relation 'VIEWS', mapping to RELATED_TO
[WARN] Unknown relation 'IS_IMPORTANT_FOR', mapping to RELATED_TO
[WARN] Unknown relation 'IS_NOT', mapping to RELATED_TO
[WARN] Unknown relation 'HAS_OPTIMAL', mapping to RELATED_TO
[WARN] Unknown relation 'PREPARED_ACCORDING_TO', mapping to RELATED_TO
[WARN] Unknown relation 'HAS_DEPTH', mapping to RELATED_TO
[WARN] Unknown relation 'HAS_MASS', mapping to RELATED_TO
[WARN] Unknown relation 'HAS_CEILING_TYPE', mapping to RELATED_TO
[WARN] Unknown relation 'HAS_DOOR', mapping to RELATED_TO
[WARN] Unknown relation 'HAS_STATUS_DURING', mapping to RELATED_TO
[WARN] Unknown relation 'CAN_BE', mapping to RELATED_TO
[INFO] LLM mapped relation 'HAS_FLATNESS_REQUIREMENT' -> 'REQUIRES'
[WARN] Unknown relation 'HAS_FLOOR_TYPE', mapping to RELATED_TO
[WARN] Unknown relation 'IS_PRIMARY_CONTENT_OF', mapping to RELATED_TO
[WARN] Unknown relation 'AIMS_TO_SATISFY', mapping to RELATED_TO
[WARN] Unknown relation 'HAS_OPTIMAL_VALUE', mapping to RELATED_TO
[WARN] Unknown relation 'LOCATED_UNDER', mapping to RELATED_TO
[WARN] Unknown relation 'HAS_OBSERVATION_WINDOW', mapping to RELATED_TO
[WARN] Unknown relation 'HAS_CEILING_HEIGHT', mapping to RELATED_TO
[WARN] Unknown relation 'HAS_STATUS', mapping to RELATED_TO
[WARN] Unknown relation 'AVOIDED_IN', mapping to RELATED_TO
[WARN] Unknown relation 'ILLUSTRATED_BY', mapping to RELATED_TO
[WARN] Unknown relation 'STORED_IN', mapping to RELATED_TO
[WARN] Unknown relation 'LABELS', mapping to RELATED_TO
[WARN] Unknown relation 'INJECTED_INTO', mapping to RELATED_TO
[WARN] Unknown relation 'OBSERVES', mapping to RELATED_TO
[WARN] Unknown relation 'ACCELERATES', mapping to RELATED_TO
[WARN] Unknown relation 'ACTS_ON', mapping to RELATED_TO
[WARN] Unknown relation 'INTERACTS_WITH', mapping to RELATED_TO
[WARN] Unknown relation 'UNDERGOES', mapping to RELATED_TO
[WARN] Unknown relation 'ACCELERATED_BY', mapping to RELATED_TO
[WARN] Unknown relation 'DETECTED_BY', mapping to RELATED_TO
[WARN] Unknown relation 'SHOWS', mapping to RELATED_TO
[WARN] Unknown relation 'HAS_SYSTEM', mapping to RELATED_TO
[WARN] Unknown relation 'HAS_MAX_POWER', mapping to RELATED_TO
[WARN] Unknown relation 'HAS_CAPACITY', mapping to RELATED_TO
[WARN] Unknown relation 'HAS_ALTERNATIVE', mapping to RELATED_TO
[WARN] Unknown relation 'HAS_CRI', mapping to RELATED_TO
[WARN] Unknown relation 'HAS_METHOD', mapping to RELATED_TO
[WARN] Unknown relation 'PASSES_THROUGH', mapping to RELATED_TO
[WARN] Unknown relation 'SET_IN', mapping to RELATED_TO
[WARN] Unknown relation 'PREVENTS', mapping to RELATED_TO
[WARN] Unknown relation 'IS_SENSITIVE_TO', mapping to RELATED_TO
[WARN] Unknown relation 'INSTALLED_AT', mapping to RELATED_TO
[WARN] Unknown relation 'LISTS', mapping to RELATED_TO
[WARN] Unknown relation 'HAS_SUBCATEGORY', mapping to RELATED_TO
[WARN] Unknown relation 'RESPONSIBLE_FOR', mapping to RELATED_TO
[WARN] Unknown relation 'HAS_UNIT', mapping to RELATED_TO
[WARN] Unknown relation 'FOLLOWS_STANDARD', mapping to RELATED_TO
[INFO] LLM mapped relation 'REQUIRES_EQUIPMENT' -> 'REQUIRES'
[WARN] Unknown relation 'HAS_CONTEXT', mapping to RELATED_TO
[WARN] Unknown relation 'IN_CATEGORY', mapping to RELATED_TO
[INFO] LLM mapped relation 'PROVIDES_SUPPORT_FOR' -> 'PROVIDES'
[WARN] Unknown relation 'ENSURES', mapping to RELATED_TO
[WARN] Unknown relation 'HAS_OUTPUT', mapping to RELATED_TO
[WARN] Unknown relation 'INVOLVES_PROCESS', mapping to RELATED_TO
[WARN] Unknown relation 'REQUIRES_CONDITION', mapping to RELATED_TO
[WARN] Unknown relation 'CONTAINS_EQUIPMENT', mapping to RELATED_TO
[WARN] Unknown relation 'DOCUMENTED_IN', mapping to RELATED_TO
[WARN] Unknown relation 'CLASSIFIED_AS', mapping to RELATED_TO
[WARN] Unknown relation 'SUBJECT_TO', mapping to RELATED_TO
[WARN] Unknown relation 'ALIGNS_WITH', mapping to RELATED_TO
[WARN] Unknown relation 'CORRESPONDS_TO', mapping to RELATED_TO
[INFO] LLM mapped relation 'HAS_PREREQUISITE' -> 'REQUIRES'
[WARN] Unknown relation 'CONTRIBUTES_TO', mapping to RELATED_TO
[WARN] Unknown relation 'CONDUCTS', mapping to RELATED_TO
[WARN] Unknown relation 'YIELDS', mapping to RELATED_TO
[INFO] LLM mapped relation 'INCORPORATES' -> 'RELATED_TO'
[WARN] Unknown relation 'SERVES_AS', mapping to RELATED_TO
[WARN] Unknown relation 'ASSIGNED_CODE', mapping to RELATED_TO
[WARN] Unknown relation 'LISTED_UNDER', mapping to RELATED_TO
[WARN] Unknown relation 'DEFINED_BY', mapping to RELATED_TO
[INFO] LLM mapped relation 'UTILIZES' -> 'USES'
[WARN] Unknown relation 'PRODUCES_OUTPUT_FOR', mapping to RELATED_TO
[WARN] Unknown relation 'CONFIGURED_FOR', mapping to RELATED_TO
[INFO] LLM mapped relation 'FEATURES' -> 'RELATED_TO'
[WARN] Unknown relation 'ASSOCIATED_CODE', mapping to RELATED_TO
[INFO] LLM mapped relation 'CATEGORIZED_AS' -> 'IS_TYPE_OF'
[WARN] Unknown relation 'DESCRIBED_AS', mapping to RELATED_TO
[INFO] LLM mapped relation 'EMPLOYS' -> 'USES'
[WARN] Unknown relation 'IDENTIFIED_BY', mapping to RELATED_TO
[WARN] Unknown relation 'GROUPED_UNDER', mapping to RELATED_TO
[WARN] Unknown relation 'CHARACTERIZED_IN', mapping to RELATED_TO
[WARN] Unknown relation 'DETAILED_IN', mapping to RELATED_TO
[WARN] Unknown relation 'REQUIRES_MAINTENANCE_OF', mapping to RELATED_TO
[WARN] Unknown relation 'CONDUCTS_PROCEDURE', mapping to RELATED_TO
[WARN] Unknown relation 'PROVIDES_INPUT_FOR', mapping to RELATED_TO
[WARN] Unknown relation 'ENSURES_CONDITION', mapping to RELATED_TO
[WARN] Unknown relation 'PERFORMS_TASK', mapping to RELATED_TO
[INFO] LLM mapped relation 'MEETS_REQUIREMENT' -> 'REQUIRES'
[INFO] Fuzzy matched relation 'HOUSES' -> 'USES'
[WARN] Unknown relation 'CODED_AS', mapping to RELATED_TO
[WARN] Unknown relation 'CLASSIFIED_UNDER', mapping to RELATED_TO
[WARN] Unknown relation 'REPRESENTED_IN', mapping to RELATED_TO
[WARN] Unknown relation 'EXPLAINED_IN', mapping to RELATED_TO
[WARN] Unknown relation 'DEMANDS', mapping to RELATED_TO
[WARN] Unknown relation 'EXECUTES', mapping to RELATED_TO
[WARN] Unknown relation 'SUPPLIES', mapping to RELATED_TO
[INFO] LLM mapped relation 'PROVIDES_PROTECTION' -> 'PROVIDES'
[WARN] Unknown relation 'PROVIDES_ENVIRONMENT', mapping to RELATED_TO
[WARN] Unknown relation 'CARRIES_OUT', mapping to RELATED_TO
[INFO] LLM mapped relation 'NEEDS' -> 'REQUIRES'
[WARN] Unknown relation 'LABELED_AS', mapping to RELATED_TO
[WARN] Unknown relation 'FALLS_WITHIN', mapping to RELATED_TO
[WARN] Unknown relation 'CAPTURED_BY', mapping to RELATED_TO
[WARN] Unknown relation 'CLARIFIED_IN', mapping to RELATED_TO
[WARN] Unknown relation 'IMPOSES', mapping to RELATED_TO
[WARN] Unknown relation 'IMPLEMENTS', mapping to RELATED_TO
[WARN] Unknown relation 'DELIVERS', mapping to RELATED_TO
[WARN] Unknown relation 'MOVES_THROUGH', mapping to RELATED_TO
[WARN] Unknown relation 'ENTERS', mapping to RELATED_TO
[WARN] Unknown relation 'HAS_PROCESS', mapping to RELATED_TO
[WARN] Unknown relation 'BENEFITS_FROM', mapping to RELATED_TO
[WARN] Unknown relation 'HAS_DESIGN_PRINCIPLE', mapping to RELATED_TO
[WARN] Unknown relation 'HAS_NET_DIMENSION', mapping to RELATED_TO
[WARN] Unknown relation 'HAS_ACCESSORIES', mapping to RELATED_TO
[WARN] Unknown relation 'CAN_CONTAIN', mapping to RELATED_TO
[WARN] Unknown relation 'CAN_COMBINE_WITH', mapping to RELATED_TO
[INFO] Fuzzy matched relation 'REFERENCED_IN' -> 'REFERENCES'
[WARN] Unknown relation 'DIFFERENT_FROM', mapping to RELATED_TO
[WARN] Unknown relation 'CREATES', mapping to RELATED_TO
[WARN] Unknown relation 'OCCURS_BETWEEN', mapping to RELATED_TO
[WARN] Unknown relation 'REPLACES', mapping to RELATED_TO
[WARN] Unknown relation 'IS_FUNCTION_OF', mapping to RELATED_TO
[WARN] Unknown relation 'HAS_SYMBOL', mapping to RELATED_TO
[WARN] Unknown relation 'CAN_HAVE', mapping to RELATED_TO
[WARN] Unknown relation 'IS_METHOD_OF', mapping to RELATED_TO
[WARN] Unknown relation 'PROCESSED_BY', mapping to RELATED_TO
[WARN] Unknown relation 'SUBJECT_OF', mapping to RELATED_TO
[WARN] Unknown relation 'MAINTAINS_TEMPERATURE', mapping to RELATED_TO
[WARN] Unknown relation 'HAS_LEVEL', mapping to RELATED_TO
[WARN] Unknown relation 'HAS_EQUIPMENT', mapping to RELATED_TO
[WARN] Unknown relation 'HAS_INDEX', mapping to RELATED_TO
[WARN] Unknown relation 'HAS_SIGNIFICANCE_FOR', mapping to RELATED_TO
[WARN] Unknown relation 'QUESTIONS', mapping to RELATED_TO
[WARN] Unknown relation 'DRIVES', mapping to RELATED_TO
[WARN] Unknown relation 'TRANSFORMS_INTO', mapping to RELATED_TO
[WARN] Unknown relation 'CAN_CHOOSE', mapping to RELATED_TO
[WARN] Unknown relation 'TAKES_RESPONSIBILITY', mapping to RELATED_TO
[WARN] Unknown relation 'BRIDGES_GAP', mapping to RELATED_TO
[WARN] Unknown relation 'TRANSFERS_TO', mapping to RELATED_TO
[WARN] Unknown relation 'HAS_PARTNER', mapping to RELATED_TO
[WARN] Unknown relation 'TRIGGERED_BY', mapping to RELATED_TO
[WARN] Unknown relation 'HAS_RIGHT_TO', mapping to RELATED_TO
[WARN] Unknown relation 'HAS_RESPONSIBILITY_FOR', mapping to RELATED_TO
[WARN] Unknown relation 'EXHIBITS', mapping to RELATED_TO
[INFO] LLM mapped relation 'FOSTERS' -> 'SUPPORTS'
[WARN] Unknown relation 'EVOLVES_INTO', mapping to RELATED_TO
[WARN] Unknown relation 'CREATED', mapping to RELATED_TO
[WARN] Unknown relation 'CREATED_IN', mapping to RELATED_TO
[WARN] Unknown relation 'INTRODUCED_IN', mapping to RELATED_TO
[WARN] Unknown relation 'TIME_PERIOD', mapping to RELATED_TO
[WARN] Unknown relation 'LOST_FUNCTION', mapping to RELATED_TO
[WARN] Unknown relation 'PAYS', mapping to RELATED_TO
[WARN] Unknown relation 'CANNOT_PAY', mapping to RELATED_TO
[WARN] Unknown relation 'INTRODUCED_AFTER', mapping to RELATED_TO
[WARN] Unknown relation 'CONTRASTS_WITH', mapping to RELATED_TO
[WARN] Unknown relation 'DECORATES', mapping to RELATED_TO
[WARN] Unknown relation 'AVOIDS', mapping to RELATED_TO
[WARN] Unknown relation 'CHARACTERIZED_BY', mapping to RELATED_TO
[WARN] Unknown relation 'APPEARS_IN', mapping to RELATED_TO
[WARN] Unknown relation 'ADOPTED_BY', mapping to RELATED_TO
[WARN] Unknown relation 'ADOPTS', mapping to RELATED_TO
[WARN] Unknown relation 'DEVELOPS_INTO', mapping to RELATED_TO
[WARN] Unknown relation 'TRACKS', mapping to RELATED_TO
[WARN] Unknown relation 'IMPLEMENTED_IN', mapping to RELATED_TO
[WARN] Unknown relation 'CAUSED', mapping to RELATED_TO
[WARN] Unknown relation 'AFFECTED', mapping to RELATED_TO
[WARN] Unknown relation 'PREVENTED', mapping to RELATED_TO
[WARN] Unknown relation 'PROMPTED', mapping to RELATED_TO
[WARN] Unknown relation 'IMPROVED', mapping to RELATED_TO
[WARN] Unknown relation 'PREVENTED_BY', mapping to RELATED_TO
[WARN] Unknown relation 'IMPORTANT_FOR', mapping to RELATED_TO
[WARN] Unknown relation 'NOT_DECIDED_BY', mapping to RELATED_TO
[WARN] Unknown relation 'ASSESSED_BY', mapping to RELATED_TO
[WARN] Unknown relation 'ADDRESSES', mapping to RELATED_TO
[WARN] Unknown relation 'PROMOTED_BY', mapping to RELATED_TO
[WARN] Unknown relation 'GENERATES_REVENUE_BY', mapping to RELATED_TO
[WARN] Unknown relation 'NEGOTIATED_IN', mapping to RELATED_TO
[WARN] Unknown relation 'NOT_REQUIRE', mapping to RELATED_TO
[WARN] Unknown relation 'MUST_HAVE', mapping to RELATED_TO
[WARN] Unknown relation 'LOWERS', mapping to RELATED_TO
[WARN] Unknown relation 'MAKES_ERROR', mapping to RELATED_TO
[WARN] Unknown relation 'MEANS', mapping to RELATED_TO
[WARN] Unknown relation 'SHOULD_DIVIDE', mapping to RELATED_TO
[WARN] Unknown relation 'NOT_BASED_ON', mapping to RELATED_TO
[WARN] Unknown relation 'NOT_FOCUS_ON', mapping to RELATED_TO
[WARN] Unknown relation 'AROUND', mapping to RELATED_TO
[WARN] Unknown relation 'MAKES', mapping to RELATED_TO
[WARN] Unknown relation 'EXECUTES', mapping to RELATED_TO
[WARN] Unknown relation 'INTRODUCED', mapping to RELATED_TO
[WARN] Unknown relation 'DEVELOPS', mapping to RELATED_TO
[WARN] Unknown relation 'PREDICTS', mapping to RELATED_TO
[WARN] Unknown relation 'MERGE', mapping to RELATED_TO
[WARN] Unknown relation 'DIVIDED_INTO', mapping to RELATED_TO
[WARN] Unknown relation 'MAY_CAUSE', mapping to RELATED_TO
[WARN] Unknown relation 'POSES_RISK_TO', mapping to RELATED_TO
[WARN] Unknown relation 'ENSURED_BY', mapping to RELATED_TO
[WARN] Unknown relation 'ESTABLISHED_IN', mapping to RELATED_TO
[WARN] Unknown relation 'PREPARES_FOR', mapping to RELATED_TO
[WARN] Unknown relation 'DEVELOPED_FOR', mapping to RELATED_TO
[WARN] Unknown relation 'DEVELOPED', mapping to RELATED_TO
[WARN] Unknown relation 'DEMONSTRATES', mapping to RELATED_TO
[WARN] Unknown relation 'ALLOCATES', mapping to RELATED_TO
[WARN] Unknown relation 'SUITABLE_FOR', mapping to RELATED_TO
[WARN] Unknown relation 'CONCENTRATED_IN', mapping to RELATED_TO
[WARN] Unknown relation 'CONCENTRATES', mapping to RELATED_TO
[WARN] Unknown relation 'BENEFITS', mapping to RELATED_TO
[WARN] Unknown relation 'POSES_DIFFICULTY_FOR', mapping to RELATED_TO
[WARN] Unknown relation 'ATTEMPTS', mapping to RELATED_TO
[WARN] Unknown relation 'DEBATED_WITH', mapping to RELATED_TO
[WARN] Unknown relation 'CONCENTRATED_AT', mapping to RELATED_TO
[INFO] LLM mapped relation 'INTEGRATED_WITH' -> 'CONNECTED_TO'
[WARN] Unknown relation 'RAISES_AWARENESS', mapping to RELATED_TO
[WARN] Unknown relation 'JUSTIFIED_IN', mapping to RELATED_TO
[WARN] Unknown relation 'ENDANGERS', mapping to RELATED_TO
[WARN] Unknown relation 'REDUCES_NEED_FOR', mapping to RELATED_TO
[WARN] Unknown relation 'REDEFINES', mapping to RELATED_TO
[WARN] Unknown relation 'EXPANDS', mapping to RELATED_TO
[WARN] Unknown relation 'TRANSFERS', mapping to RELATED_TO
[INFO] LLM mapped relation 'CO_AUTHORS_WITH' -> 'RELATED_TO'
[WARN] Unknown relation 'CANNOT_PROVIDE', mapping to RELATED_TO
[WARN] Unknown relation 'INCREASES_POPULARITY_OF', mapping to RELATED_TO
[WARN] Unknown relation 'BECOMES_MORE_POPULAR_UNDER', mapping to RELATED_TO
[WARN] Unknown relation 'LIMITS', mapping to RELATED_TO
[WARN] Unknown relation 'DIFFERS_BETWEEN', mapping to RELATED_TO
[WARN] Unknown relation 'CONFLICTS_WITH', mapping to RELATED_TO
[WARN] Unknown relation 'CAN_BE_SEPARATED', mapping to RELATED_TO
[WARN] Unknown relation 'CAN_PERFORM_IN', mapping to RELATED_TO
[WARN] Unknown relation 'COMPARED_TO', mapping to RELATED_TO
[WARN] Unknown relation 'MAXIMIZES', mapping to RELATED_TO
[WARN] Unknown relation 'CONSTITUTES', mapping to RELATED_TO
[WARN] Unknown relation 'COMBINES_WITH', mapping to RELATED_TO
[WARN] Unknown relation 'FORMS', mapping to RELATED_TO
[WARN] Unknown relation 'INVOLVED_IN', mapping to RELATED_TO
[WARN] Unknown relation 'NEEDS_TO_AGREE_ON', mapping to RELATED_TO
[WARN] Unknown relation 'DEVELOPS_THROUGH', mapping to RELATED_TO
[WARN] Unknown relation 'FACES_CHALLENGES_IN', mapping to RELATED_TO
[WARN] Unknown relation 'DEVELOPS_IN', mapping to RELATED_TO
[WARN] Unknown relation 'IMPACTS', mapping to RELATED_TO
[WARN] Unknown relation 'FACES', mapping to RELATED_TO
[WARN] Unknown relation 'DEVELOPS_IN_RESPONSE_TO', mapping to RELATED_TO
[WARN] Unknown relation 'HAS_POTENTIAL', mapping to RELATED_TO
[WARN] Unknown relation 'ANALYZED_BY', mapping to RELATED_TO
[WARN] Unknown relation 'OUTPUTS', mapping to RELATED_TO
[INFO] LLM mapped relation 'IS_A' -> 'IS_TYPE_OF'
[WARN] Unknown relation 'HAS_ATTITUDE_TO', mapping to RELATED_TO
[WARN] Unknown relation 'FACES_CHALLENGE', mapping to RELATED_TO
[WARN] Unknown relation 'PROVIDES_BENEFIT', mapping to RELATED_TO
[WARN] Unknown relation 'FORMED_BY', mapping to RELATED_TO
[WARN] Unknown relation 'NEEDS_TO', mapping to RELATED_TO
[WARN] Unknown relation 'IMPORTANCE_IN', mapping to RELATED_TO
[WARN] Unknown relation 'MAY_AVOID', mapping to RELATED_TO
[WARN] Unknown relation 'HAS_POTENTIAL_ADVANTAGE', mapping to RELATED_TO
[WARN] Unknown relation 'CONSISTS_OF', mapping to RELATED_TO
[WARN] Unknown relation 'REPRODUCED_BY', mapping to RELATED_TO
[WARN] Unknown relation 'OCCUPIES', mapping to RELATED_TO
[WARN] Unknown relation 'HAS_STEPS', mapping to RELATED_TO
[WARN] Unknown relation 'HELPS_ACHIEVE', mapping to RELATED_TO
[WARN] Unknown relation 'PROVIDES_INSIGHT_INTO', mapping to RELATED_TO
[WARN] Unknown relation 'INCLUDES_METHOD', mapping to RELATED_TO
[WARN] Unknown relation 'HAS_POTENTIAL_IN', mapping to RELATED_TO
[WARN] Unknown relation 'BENEFITS_FROM', mapping to RELATED_TO
[WARN] Unknown relation 'LOCATED_IN_PAGE', mapping to RELATED_TO
[WARN] Unknown relation 'HAS_PAGE_NUMBER', mapping to RELATED_TO
[WARN] Unknown relation 'HAS_INDEX_NUMBER', mapping to RELATED_TO
[WARN] Unknown relation 'HAS_ORIGINAL_ISBN', mapping to RELATED_TO
[WARN] Unknown relation 'HAS_CIP', mapping to RELATED_TO
[WARN] Unknown relation 'TRANSLATED_BY', mapping to RELATED_TO
[WARN] Unknown relation 'HAS_ORIGINAL_TITLE', mapping to RELATED_TO
[WARN] Unknown relation 'HAS_COPYRIGHT', mapping to RELATED_TO
[WARN] Unknown relation 'TRANSLATED', mapping to RELATED_TO
[WARN] Unknown relation 'AFFILIATED_WITH', mapping to RELATED_TO
[WARN] Unknown relation 'MAY_OBSTRUCT', mapping to RELATED_TO
[WARN] Unknown relation 'IS_BASIS_OF', mapping to RELATED_TO
[WARN] Unknown relation 'EVOLVED_FROM', mapping to RELATED_TO
[WARN] Unknown relation 'PROPOSED', mapping to RELATED_TO
[WARN] Unknown relation 'IS_AFFILIATED_WITH', mapping to RELATED_TO
[WARN] Unknown relation 'HOLDS_POSITION', mapping to RELATED_TO
[WARN] Unknown relation 'IS_AUTHOR_OF', mapping to RELATED_TO
[INFO] LLM mapped relation 'GRADUATED_FROM' -> 'BELONGS_TO'
[INFO] LLM mapped relation 'IS_A' -> 'IS_TYPE_OF'
[WARN] Unknown relation 'FUNDS_RESEARCH_ON', mapping to RELATED_TO
[WARN] Unknown relation 'CONTAINS_BEDS', mapping to RELATED_TO
[WARN] Unknown relation 'CONTAINS_CHAPTERS', mapping to RELATED_TO
[WARN] Unknown relation 'IS_COMPLEX', mapping to RELATED_TO
[WARN] Unknown relation 'IS_PUBLIC_BUILDING', mapping to RELATED_TO
[WARN] Unknown relation 'IS_TRANSLATION', mapping to RELATED_TO
[WARN] Unknown relation 'WAS_DELAYED_BY', mapping to RELATED_TO
[WARN] Unknown relation 'BENEFITED_FROM', mapping to RELATED_TO
[WARN] Unknown relation 'GAVE_LECTURE', mapping to RELATED_TO
[INFO] LLM mapped relation 'GAVE_LECTURE_IN' -> 'PERFORMED_IN'
[WARN] Unknown relation 'PROPOSED_TRANSLATION_OF', mapping to RELATED_TO
[WARN] Unknown relation 'PROPOSED_TRANSLATION_IN', mapping to RELATED_TO
[WARN] Unknown relation 'INITIATED_TRANSLATION_OF', mapping to RELATED_TO
[WARN] Unknown relation 'EVOLVES_TO', mapping to RELATED_TO
[WARN] Unknown relation 'IS_SUPERIOR', mapping to RELATED_TO
[WARN] Unknown relation 'TARGETS_AUDIENCE', mapping to RELATED_TO
[WARN] Unknown relation 'COLLECTS_WISDOM_FROM', mapping to RELATED_TO
[WARN] Unknown relation 'COMPLETED_IN', mapping to RELATED_TO
[WARN] Unknown relation 'IS_TEACHER', mapping to RELATED_TO
[WARN] Unknown relation 'LEARNED', mapping to RELATED_TO
[WARN] Unknown relation 'COMPLETED', mapping to RELATED_TO
[WARN] Unknown relation 'GAINED', mapping to RELATED_TO
[WARN] Unknown relation 'PROVIDED_SUPPORT_AND_URGING', mapping to RELATED_TO
[WARN] Unknown relation 'WAS_COMPLETED_DUE_TO', mapping to RELATED_TO
[WARN] Unknown relation 'AIMS', mapping to RELATED_TO
[WARN] Unknown relation 'NOT_FOCUSES_ON', mapping to RELATED_TO
[WARN] Unknown relation 'IS', mapping to RELATED_TO
[WARN] Unknown relation 'HAS_NO', mapping to RELATED_TO
[WARN] Unknown relation 'CHANGES', mapping to RELATED_TO
[WARN] Unknown relation 'INDICATES', mapping to RELATED_TO
[WARN] Unknown relation 'SPECIALIZES_IN', mapping to RELATED_TO
[WARN] Unknown relation 'CONTRIBUTES', mapping to RELATED_TO
[WARN] Unknown relation 'CAN_BE_DESIGNED', mapping to RELATED_TO
[WARN] Unknown relation 'DEVELOPS', mapping to RELATED_TO
[WARN] Unknown relation 'HELPED_DEVELOP', mapping to RELATED_TO
[WARN] Unknown relation 'IDENTIFIED', mapping to RELATED_TO
[WARN] Unknown relation 'CONTRIBUTED_TO', mapping to RELATED_TO
[WARN] Unknown relation 'PRODUCED', mapping to RELATED_TO
[INFO] LLM mapped relation 'HELPED' -> 'SUPPORTS'
[WARN] Unknown relation 'COLLABORATED_WITH', mapping to RELATED_TO
[WARN] Unknown relation 'CONTRIBUTED', mapping to RELATED_TO
[WARN] Unknown relation 'IS_RESULT_OF', mapping to RELATED_TO
[WARN] Unknown relation 'ORIGINAL_TITLE', mapping to RELATED_TO
[WARN] Unknown relation 'HAS_REPRESENTATIVE', mapping to RELATED_TO
[WARN] Unknown relation 'DESIGNED', mapping to RELATED_TO
[WARN] Unknown relation 'ABSORBS', mapping to RELATED_TO
[WARN] Unknown relation 'EXPLORES', mapping to RELATED_TO
[WARN] Unknown relation 'REFLECTS', mapping to RELATED_TO
[WARN] Unknown relation 'HANDLES', mapping to RELATED_TO
[WARN] Unknown relation 'EXTENDS_TO', mapping to RELATED_TO
[WARN] Unknown relation 'NEEDS_TO_REDEFINE', mapping to RELATED_TO
[WARN] Unknown relation 'INFLUENCED_BY', mapping to RELATED_TO
[WARN] Unknown relation 'SOLVES', mapping to RELATED_TO
[WARN] Unknown relation 'SHOULD_BE_PROPORTIONAL_TO', mapping to RELATED_TO
[WARN] Unknown relation 'MAY_NOT_ALIGN_WITH', mapping to RELATED_TO
[WARN] Unknown relation 'MAY_HAVE_GREATER_IMPACT_THAN', mapping to RELATED_TO
[WARN] Unknown relation 'INCREASES', mapping to RELATED_TO
[WARN] Unknown relation 'SHOULD_DEFINE_POSITION_IN', mapping to RELATED_TO
[WARN] Unknown relation 'OUTLINES', mapping to RELATED_TO
[WARN] Unknown relation 'DETAILS', mapping to RELATED_TO
[WARN] Unknown relation 'SHOULD_ASSESS', mapping to RELATED_TO
[WARN] Unknown relation 'SHOULD_GAIN', mapping to RELATED_TO
[WARN] Unknown relation 'SHOULD_BECOME', mapping to RELATED_TO
[WARN] Unknown relation 'THRIVES_WHEN', mapping to RELATED_TO
[WARN] Unknown relation 'AIMS_TO_ENHANCE', mapping to RELATED_TO
[WARN] Unknown relation 'HAS_IMPACT_ON', mapping to RELATED_TO
[WARN] Unknown relation 'ENCOURAGES', mapping to RELATED_TO
[WARN] Unknown relation 'SHOULD_BE_SPENT_ON', mapping to RELATED_TO
[WARN] Unknown relation 'CONTINUES_TO_RISE', mapping to RELATED_TO
[WARN] Unknown relation 'DEFINES', mapping to RELATED_TO
[WARN] Unknown relation 'HAS_RESPONSIBILITY', mapping to RELATED_TO
[WARN] Unknown relation 'AIMS_TO_IMPROVE', mapping to RELATED_TO
[WARN] Unknown relation 'IS_CONSIDERED_AS', mapping to RELATED_TO
[WARN] Unknown relation 'CAN_MAKE', mapping to RELATED_TO
[WARN] Unknown relation 'IS_INCLUDED_IN', mapping to RELATED_TO
[WARN] Unknown relation 'IS_DISCUSSED_IN', mapping to RELATED_TO
[INFO] LLM mapped relation 'PROVIDES_REFERENCE' -> 'REFERENCES'
[WARN] Unknown relation 'DISCUSSES', mapping to RELATED_TO
[WARN] Unknown relation 'HAS_PRECEDING_EVENT', mapping to RELATED_TO
[WARN] Unknown relation 'HAS_FOLLOWING_EVENT', mapping to RELATED_TO
[WARN] Unknown relation 'ARE_INVESTIGATED_BASED_ON', mapping to RELATED_TO
[WARN] Unknown relation 'QUESTIONS', mapping to RELATED_TO
[WARN] Unknown relation 'BECOMES', mapping to RELATED_TO
[WARN] Unknown relation 'DRIVES', mapping to RELATED_TO
[WARN] Unknown relation 'HAS_RIGHT', mapping to RELATED_TO
[WARN] Unknown relation 'TRANSFORMS_INTO', mapping to RELATED_TO
[WARN] Unknown relation 'CAN_CHOOSE', mapping to RELATED_TO
[WARN] Unknown relation 'TAKES_RESPONSIBILITY', mapping to RELATED_TO
[WARN] Unknown relation 'BRIDGES_GAP', mapping to RELATED_TO
[WARN] Unknown relation 'TRANSFERS_TO', mapping to RELATED_TO
[WARN] Unknown relation 'HAS_PARTNER', mapping to RELATED_TO
[WARN] Unknown relation 'TRIGGERED_BY', mapping to RELATED_TO
[WARN] Unknown relation 'CONTROLLED_BY', mapping to RELATED_TO
[WARN] Unknown relation 'HAS_RIGHT_TO', mapping to RELATED_TO
[WARN] Unknown relation 'HAS_RESPONSIBILITY_FOR', mapping to RELATED_TO
[WARN] Unknown relation 'EXHIBITS', mapping to RELATED_TO
[INFO] LLM mapped relation 'FOSTERS' -> 'SUPPORTS'
[WARN] Unknown relation 'EVOLVES_INTO', mapping to RELATED_TO
[WARN] Unknown relation 'SHIFTED_TO', mapping to RELATED_TO
[WARN] Unknown relation 'CREATED', mapping to RELATED_TO
[WARN] Unknown relation 'CREATED_IN', mapping to RELATED_TO
[WARN] Unknown relation 'DEPICTS', mapping to RELATED_TO
[WARN] Unknown relation 'DEVELOPS_INTO', mapping to RELATED_TO
[WARN] Unknown relation 'PAYS', mapping to RELATED_TO
[WARN] Unknown relation 'CANNOT_PAY', mapping to RELATED_TO
[WARN] Unknown relation 'EMPHASIZES', mapping to RELATED_TO
[WARN] Unknown relation 'APPEARS_IN', mapping to RELATED_TO
[WARN] Unknown relation 'ADOPTED_BY', mapping to RELATED_TO
[WARN] Unknown relation 'ADOPTS', mapping to RELATED_TO
[WARN] Unknown relation 'TRACKS', mapping to RELATED_TO
[WARN] Unknown relation 'CONSISTS_OF_STEPS', mapping to RELATED_TO
[WARN] Unknown relation 'HAS_IDEAL_PROCESS', mapping to RELATED_TO
[WARN] Unknown relation 'VALUES', mapping to RELATED_TO
[WARN] Unknown relation 'MAKES_DECISIONS', mapping to RELATED_TO
[WARN] Unknown relation 'CHOOSES', mapping to RELATED_TO
[WARN] Unknown relation 'DESIGNS', mapping to RELATED_TO
[WARN] Unknown relation 'MONITORED_IN', mapping to RELATED_TO
[WARN] Unknown relation 'CONTACTED_BY', mapping to RELATED_TO
[WARN] Unknown relation 'CONTEXT_FOR', mapping to RELATED_TO
[WARN] Unknown relation 'EXPLAINED_IN', mapping to RELATED_TO
[INFO] Fuzzy matched relation 'REQUIRED_FOR' -> 'REQUIRED_BY'
[WARN] Unknown relation 'ASSIGNED_TO', mapping to RELATED_TO
[WARN] Unknown relation 'SPECIFIED_BY', mapping to RELATED_TO
[WARN] Unknown relation 'SUPERVISED_BY', mapping to RELATED_TO
[WARN] Unknown relation 'ABANDONS', mapping to RELATED_TO
[WARN] Unknown relation 'AWARE_OF', mapping to RELATED_TO
[WARN] Unknown relation 'NOT_TYPE_OF', mapping to RELATED_TO
[WARN] Unknown relation 'PLACED_UNDER', mapping to RELATED_TO
[WARN] Unknown relation 'SLEEPS_IN', mapping to RELATED_TO
[WARN] Unknown relation 'HEALTHY_CONDITION', mapping to RELATED_TO
[WARN] Unknown relation 'ACCOMMODATED_IN', mapping to RELATED_TO
[WARN] Unknown relation 'EVOLVES_TO', mapping to RELATED_TO
[WARN] Unknown relation 'REPLACES', mapping to RELATED_TO
[WARN] Unknown relation 'DOMINATES_IN', mapping to RELATED_TO
[WARN] Unknown relation 'DESIGNED_IN', mapping to RELATED_TO
[WARN] Unknown relation 'COLLABORATED_WITH', mapping to RELATED_TO
[WARN] Unknown relation 'SEPARATED_BY', mapping to RELATED_TO
[WARN] Unknown relation 'SIMILAR_TO', mapping to RELATED_TO
[WARN] Unknown relation 'ADOPTED', mapping to RELATED_TO
[WARN] Unknown relation 'SURROUNDED_BY', mapping to RELATED_TO
[WARN] Unknown relation 'HAS_DISADVANTAGE', mapping to RELATED_TO
[WARN] Unknown relation 'HAS_ADVANTAGE', mapping to RELATED_TO
[WARN] Unknown relation 'EXEMPLIFIES', mapping to RELATED_TO
[WARN] Unknown relation 'ORIGINATES_FROM', mapping to RELATED_TO
[WARN] Unknown relation 'CHANGED', mapping to RELATED_TO
[WARN] Unknown relation 'USED_AS', mapping to RELATED_TO
[WARN] Unknown relation 'TESTED', mapping to RELATED_TO
[WARN] Unknown relation 'FOUND_IN', mapping to RELATED_TO
[WARN] Unknown relation 'ORIENTED_TO', mapping to RELATED_TO
[WARN] Unknown relation 'ELIMINATES', mapping to RELATED_TO
[WARN] Unknown relation 'ABOUT', mapping to RELATED_TO
[WARN] Unknown relation 'CONTROLLED', mapping to RELATED_TO
[WARN] Unknown relation 'LESS_THAN', mapping to RELATED_TO
[WARN] Unknown relation 'DISCOVERED_BY', mapping to RELATED_TO
[WARN] Unknown relation 'DISPROVED', mapping to RELATED_TO
[WARN] Unknown relation 'LEAD_TO', mapping to RELATED_TO
[WARN] Unknown relation 'PROMOTED', mapping to RELATED_TO
[WARN] Unknown relation 'DISCOVERED_IN', mapping to RELATED_TO
[WARN] Unknown relation 'CHANGED_IN', mapping to RELATED_TO
[WARN] Unknown relation 'REPLACED', mapping to RELATED_TO
[WARN] Unknown relation 'BECAME_OBSOLETE_DUE_TO', mapping to RELATED_TO
[WARN] Unknown relation 'DESIGNED_TO_PREVENT', mapping to RELATED_TO
[WARN] Unknown relation 'IS_ATTRIBUTE_OF', mapping to RELATED_TO
[WARN] Unknown relation 'RESPONSE_TO', mapping to RELATED_TO
[WARN] Unknown relation 'STATUS', mapping to RELATED_TO
[WARN] Unknown relation 'DISCOVERY_LEADS_TO', mapping to RELATED_TO
[WARN] Unknown relation 'HAS_STATUS', mapping to RELATED_TO
[WARN] Unknown relation 'BUILT_BEFORE', mapping to RELATED_TO
[WARN] Unknown relation 'INSPIRED_BY', mapping to RELATED_TO
[WARN] Unknown relation 'HAS_VERSION', mapping to RELATED_TO
[WARN] Unknown relation 'INSPIRED', mapping to RELATED_TO
[WARN] Unknown relation 'SEPARATES', mapping to RELATED_TO
[WARN] Unknown relation 'ALLOWS_ACCESS_TO', mapping to RELATED_TO
[WARN] Unknown relation 'ORGANIZED_INTO', mapping to RELATED_TO
[WARN] Unknown relation 'CONSTRUCTION_PERIOD', mapping to RELATED_TO
[WARN] Unknown relation 'ARRANGED_ALONG', mapping to RELATED_TO
[WARN] Unknown relation 'EVOLVED_TO_INCLUDE', mapping to RELATED_TO
[WARN] Unknown relation 'ARRIVES_AT', mapping to RELATED_TO
[WARN] Unknown relation 'PROVIDES_VIEW_OF', mapping to RELATED_TO
[WARN] Unknown relation 'AIMS_TO_REPLACE', mapping to RELATED_TO
[WARN] Unknown relation 'AIMS_TO_CREATE', mapping to RELATED_TO
[WARN] Unknown relation 'EXPLORED', mapping to RELATED_TO
[WARN] Unknown relation 'OPERATED_IN', mapping to RELATED_TO
[WARN] Unknown relation 'ADVOCATES', mapping to RELATED_TO
[WARN] Unknown relation 'ADAPTS_TO', mapping to RELATED_TO
[INFO] Fuzzy matched relation 'CONSTRAINS' -> 'CONTAINS'
[WARN] Unknown relation 'CRITICIZES', mapping to RELATED_TO
[WARN] Unknown relation 'SHOULD_COORDINATE_WITH', mapping to RELATED_TO
[WARN] Unknown relation 'IGNORES', mapping to RELATED_TO
[WARN] Unknown relation 'DISTINGUISHES', mapping to RELATED_TO
[WARN] Unknown relation 'STRENGTHENS', mapping to RELATED_TO
[WARN] Unknown relation 'ORGANIZED_AROUND', mapping to RELATED_TO
[WARN] Unknown relation 'ADVOCATED_BY', mapping to RELATED_TO
[WARN] Unknown relation 'CRITICIZED_BY', mapping to RELATED_TO
[WARN] Unknown relation 'IGNORED_BY', mapping to RELATED_TO
[WARN] Unknown relation 'PREDICTED_BY', mapping to RELATED_TO
[WARN] Unknown relation 'DISTINGUISHED_IN', mapping to RELATED_TO
[WARN] Unknown relation 'EXPLORED_BY', mapping to RELATED_TO
[WARN] Unknown relation 'POPULARIZED_BY', mapping to RELATED_TO
[WARN] Unknown relation 'SHARES_FEATURE_WITH', mapping to RELATED_TO
[WARN] Unknown relation 'HAS_LIMITATION', mapping to RELATED_TO
[WARN] Unknown relation 'HAS_FOCUS', mapping to RELATED_TO
[WARN] Unknown relation 'NEGLECTS', mapping to RELATED_TO
[WARN] Unknown relation 'MODELED_AS', mapping to RELATED_TO
[WARN] Unknown relation 'EXAMPLES_INCLUDE', mapping to RELATED_TO
[WARN] Unknown relation 'IS_TIMEFRAME_OF', mapping to RELATED_TO
[WARN] Unknown relation 'INCLUDES_ROLE', mapping to RELATED_TO
[WARN] Unknown relation 'LISTED_IN', mapping to RELATED_TO
[WARN] Unknown relation 'CONSIDERED_IN', mapping to RELATED_TO
[WARN] Unknown relation 'HAS_CHALLENGE', mapping to RELATED_TO
[WARN] Unknown relation 'NEGLECTED_IN', mapping to RELATED_TO
[WARN] Unknown relation 'ADDED_TO', mapping to RELATED_TO
[WARN] Unknown relation 'REFLECTED_IN', mapping to RELATED_TO
[WARN] Unknown relation 'ORGANIZED_BY', mapping to RELATED_TO
[WARN] Unknown relation 'PRIORITIZED_OVER', mapping to RELATED_TO
[WARN] Unknown relation 'DISCUSSED_IN', mapping to RELATED_TO
[WARN] Unknown relation 'SERVED_BY', mapping to RELATED_TO
[WARN] Unknown relation 'DISPERSED_BY', mapping to RELATED_TO
[WARN] Unknown relation 'TREATED_IN', mapping to RELATED_TO
[INFO] Fuzzy matched relation 'MAINTAINED_IN' -> 'MENTIONED_IN'
[WARN] Unknown relation 'NOT_APPLICABLE_TO', mapping to RELATED_TO
[WARN] Unknown relation 'FOLLOWED_BY', mapping to RELATED_TO
[WARN] Unknown relation 'HAS_DEPARTMENTS', mapping to RELATED_TO
[WARN] Unknown relation 'REMAINS', mapping to RELATED_TO
[WARN] Unknown relation 'NOT_LEAD_TO', mapping to RELATED_TO
[WARN] Unknown relation 'DIFFICULT_FOR', mapping to RELATED_TO
[WARN] Unknown relation 'PROHIBITS', mapping to RELATED_TO
[WARN] Unknown relation 'VIEWS_AS', mapping to RELATED_TO
[WARN] Unknown relation 'HINDERED_BY', mapping to RELATED_TO
[WARN] Unknown relation 'VISIBLE_FROM', mapping to RELATED_TO
[WARN] Unknown relation 'DIVIDES_INTO', mapping to RELATED_TO
[WARN] Unknown relation 'PASSES_THROUGH', mapping to RELATED_TO
[WARN] Unknown relation 'WORKED_IN', mapping to RELATED_TO
[WARN] Unknown relation 'INTEGRATED_INTO', mapping to RELATED_TO
[WARN] Unknown relation 'MOVES_THROUGH', mapping to RELATED_TO
[WARN] Unknown relation 'IMPEDES', mapping to RELATED_TO
[WARN] Unknown relation 'CAN_BE_SEPARATED_FROM', mapping to RELATED_TO
[WARN] Unknown relation 'HAS_HOURS', mapping to RELATED_TO
[WARN] Unknown relation 'CANNOT_USE', mapping to RELATED_TO
[WARN] Unknown relation 'MINIMIZES', mapping to RELATED_TO
[WARN] Unknown relation 'IMPLEMENTED_IN', mapping to RELATED_TO
[WARN] Unknown relation 'CAUSED', mapping to RELATED_TO
[WARN] Unknown relation 'AFFECTED', mapping to RELATED_TO
[WARN] Unknown relation 'PREVENTED', mapping to RELATED_TO
[WARN] Unknown relation 'EXPERIENCED', mapping to RELATED_TO
[WARN] Unknown relation 'PROMPTED', mapping to RELATED_TO
[WARN] Unknown relation 'IMPROVED', mapping to RELATED_TO
[WARN] Unknown relation 'PREVENTED_BY', mapping to RELATED_TO
[WARN] Unknown relation 'IMPORTANT_FOR', mapping to RELATED_TO
[WARN] Unknown relation 'NOT_DECIDED_BY', mapping to RELATED_TO
[WARN] Unknown relation 'ASSESSED_BY', mapping to RELATED_TO
[WARN] Unknown relation 'ADDRESSES', mapping to RELATED_TO
[WARN] Unknown relation 'VIEWED_AS', mapping to RELATED_TO
[WARN] Unknown relation 'GENERATES_REVENUE_BY', mapping to RELATED_TO
[WARN] Unknown relation 'NEGOTIATED_IN', mapping to RELATED_TO
[WARN] Unknown relation 'FOR', mapping to RELATED_TO
[WARN] Unknown relation 'NOT_REQUIRE', mapping to RELATED_TO
[WARN] Unknown relation 'MUST_HAVE', mapping to RELATED_TO
[WARN] Unknown relation 'LOWERS', mapping to RELATED_TO
[WARN] Unknown relation 'MAKES_ERROR', mapping to RELATED_TO
[WARN] Unknown relation 'MEANS', mapping to RELATED_TO
[WARN] Unknown relation 'SHOULD_DIVIDE', mapping to RELATED_TO
[WARN] Unknown relation 'NOT_BASED_ON', mapping to RELATED_TO
[WARN] Unknown relation 'NOT_FOCUS_ON', mapping to RELATED_TO
[WARN] Unknown relation 'AROUND', mapping to RELATED_TO
[WARN] Unknown relation 'MAKES', mapping to RELATED_TO
[WARN] Unknown relation 'INTRODUCED', mapping to RELATED_TO
[WARN] Unknown relation 'PREDICTS', mapping to RELATED_TO
[WARN] Unknown relation 'MERGE', mapping to RELATED_TO
[WARN] Unknown relation 'DIVIDED_INTO', mapping to RELATED_TO
[WARN] Unknown relation 'MAY_CAUSE', mapping to RELATED_TO
[WARN] Unknown relation 'POSES_RISK_TO', mapping to RELATED_TO
[WARN] Unknown relation 'ENSURED_BY', mapping to RELATED_TO
[WARN] Unknown relation 'ESTABLISHED_IN', mapping to RELATED_TO
[WARN] Unknown relation 'PREPARES_FOR', mapping to RELATED_TO
[WARN] Unknown relation 'DEVELOPED_FOR', mapping to RELATED_TO
[WARN] Unknown relation 'DEVELOPED', mapping to RELATED_TO
[WARN] Unknown relation 'DEMONSTRATES', mapping to RELATED_TO
[WARN] Unknown relation 'ALLOCATES', mapping to RELATED_TO
[WARN] Unknown relation 'SUITABLE_FOR', mapping to RELATED_TO
[WARN] Unknown relation 'CONCENTRATED_IN', mapping to RELATED_TO
[WARN] Unknown relation 'CONCENTRATES', mapping to RELATED_TO
[WARN] Unknown relation 'BENEFITS', mapping to RELATED_TO
[WARN] Unknown relation 'POSES_DIFFICULTY_FOR', mapping to RELATED_TO
[WARN] Unknown relation 'ATTEMPTS', mapping to RELATED_TO
[WARN] Unknown relation 'DEBATED_WITH', mapping to RELATED_TO
[WARN] Unknown relation 'CONCENTRATED_AT', mapping to RELATED_TO
[INFO] LLM mapped relation 'INTEGRATED_WITH' -> 'CONNECTED_TO'
[WARN] Unknown relation 'RAISES_AWARENESS', mapping to RELATED_TO
[WARN] Unknown relation 'JUSTIFIED_IN', mapping to RELATED_TO
[WARN] Unknown relation 'HINDERS', mapping to RELATED_TO
[WARN] Unknown relation 'ENDANGERS', mapping to RELATED_TO
[WARN] Unknown relation 'REDUCES_NEED_FOR', mapping to RELATED_TO
[WARN] Unknown relation 'REDEFINES', mapping to RELATED_TO
[WARN] Unknown relation 'EXPANDS', mapping to RELATED_TO
[WARN] Unknown relation 'TRANSFERS', mapping to RELATED_TO
[WARN] Unknown relation 'DIFFERS_FROM', mapping to RELATED_TO
[INFO] LLM mapped relation 'CO_AUTHORS_WITH' -> 'RELATED_TO'
[WARN] Unknown relation 'CANNOT_PROVIDE', mapping to RELATED_TO
[WARN] Unknown relation 'INCREASES_POPULARITY_OF', mapping to RELATED_TO
[WARN] Unknown relation 'BECOMES_MORE_POPULAR_UNDER', mapping to RELATED_TO
[WARN] Unknown relation 'LIMITS', mapping to RELATED_TO
[WARN] Unknown relation 'DIFFERS_BETWEEN', mapping to RELATED_TO
[WARN] Unknown relation 'CAN_BE_PERFORMED_IN', mapping to RELATED_TO
[WARN] Unknown relation 'SPONSORED', mapping to RELATED_TO
[WARN] Unknown relation 'PARTICIPATED_IN', mapping to RELATED_TO
[WARN] Unknown relation 'CAN_BE_SEPARATED', mapping to RELATED_TO
[WARN] Unknown relation 'CAN_BE_RELOCATED', mapping to RELATED_TO
[WARN] Unknown relation 'COMPARED', mapping to RELATED_TO
[WARN] Unknown relation 'KNOWN_AS', mapping to RELATED_TO
[WARN] Unknown relation 'ORIGINATES_FROM', mapping to RELATED_TO
[WARN] Unknown relation 'CAN_PERFORM_IN', mapping to RELATED_TO
[WARN] Unknown relation 'INTRODUCES', mapping to RELATED_TO
[WARN] Unknown relation 'CAN', mapping to RELATED_TO
[WARN] Unknown relation 'CAN_LEAD_TO', mapping to RELATED_TO
[WARN] Unknown relation 'RESULTS_FROM', mapping to RELATED_TO
[WARN] Unknown relation 'MODIFIES', mapping to RELATED_TO
[WARN] Unknown relation 'DERIVES_FROM', mapping to RELATED_TO
[WARN] Unknown relation 'ALTERNATIVE_TO', mapping to RELATED_TO
[WARN] Unknown relation 'IS_BENEFIT_OF', mapping to RELATED_TO
[WARN] Unknown relation 'EXPERIENCES', mapping to RELATED_TO
[WARN] Unknown relation 'FORMS', mapping to RELATED_TO
[WARN] Unknown relation 'DEVELOPS_IN', mapping to RELATED_TO
[WARN] Unknown relation 'ADJUSTS', mapping to RELATED_TO
[WARN] Unknown relation 'REVIEWS', mapping to RELATED_TO
[WARN] Unknown relation 'FORMS_VIA', mapping to RELATED_TO
[WARN] Unknown relation 'TESTS', mapping to RELATED_TO
[WARN] Unknown relation 'HAS_POTENTIAL_ADVANTAGE_AS', mapping to RELATED_TO
[WARN] Unknown relation 'MAY_BE_WEAKENED_BY', mapping to RELATED_TO
[WARN] Unknown relation 'OCCUPIES', mapping to RELATED_TO
[WARN] Unknown relation 'HAS_STEPS', mapping to RELATED_TO
[WARN] Unknown relation 'EXEMPLIFIED_BY', mapping to RELATED_TO
[WARN] Unknown relation 'HELPS_ACHIEVE', mapping to RELATED_TO
[WARN] Unknown relation 'PROVIDES_INSIGHT_INTO', mapping to RELATED_TO
[WARN] Unknown relation 'INCLUDES_METHOD', mapping to RELATED_TO
[WARN] Unknown relation 'HAS_POTENTIAL_IN', mapping to RELATED_TO
[WARN] Unknown relation 'CONSISTS_OF_STEPS', mapping to RELATED_TO
[WARN] Unknown relation 'HAS_IDEAL_PROCESS', mapping to RELATED_TO
[WARN] Unknown relation 'DESIGNS', mapping to RELATED_TO
[WARN] Unknown relation 'MUST_RESPECT', mapping to RELATED_TO
[WARN] Unknown relation 'VALUES', mapping to RELATED_TO
[WARN] Unknown relation 'ISOLATED_FROM', mapping to RELATED_TO
[WARN] Unknown relation 'SUPERVISES', mapping to RELATED_TO
[WARN] Unknown relation 'GOES_TO', mapping to RELATED_TO
[WARN] Unknown relation 'AWARE_OF', mapping to RELATED_TO
[WARN] Unknown relation 'ABANDONS', mapping to RELATED_TO
[WARN] Unknown relation 'HAS_TRADITION', mapping to RELATED_TO
[WARN] Unknown relation 'COMBINES', mapping to RELATED_TO
[WARN] Unknown relation 'MAY_INCLUDE', mapping to RELATED_TO
[WARN] Unknown relation 'MAY_REQUIRE', mapping to RELATED_TO
[INFO] Fuzzy matched relation 'IS_RELATED_TO' -> 'RELATED_TO'
[INFO] Fuzzy matched relation 'REQUIRED_FOR' -> 'REQUIRED_BY'
[WARN] Unknown relation 'STORED_TOGETHER', mapping to RELATED_TO
[WARN] Unknown relation 'BROUGHT_IN', mapping to RELATED_TO
[WARN] Unknown relation 'COVERS', mapping to RELATED_TO
[INFO] LLM mapped relation 'OCCURS_NEAR' -> 'ADJACENT_TO'
[WARN] Unknown relation 'IS_SAME_AS', mapping to RELATED_TO
[WARN] Unknown relation 'HAS_DURATION', mapping to RELATED_TO
[INFO] Fuzzy matched relation 'PROVIDES_FOR' -> 'PROVIDES'
[WARN] Unknown relation 'ELIMINATES', mapping to RELATED_TO
[WARN] Unknown relation 'IS_ATTRIBUTE_OF', mapping to RELATED_TO
[WARN] Unknown relation 'PERMANENTLY_INSTALLED_IN', mapping to RELATED_TO
[WARN] Unknown relation 'OCCUPIES_THROUGHOUT', mapping to RELATED_TO
[WARN] Unknown relation 'DISPERSED_FARTHER', mapping to RELATED_TO
[WARN] Unknown relation 'SUPPORTS_AND_MONITORS', mapping to RELATED_TO
[WARN] Unknown relation 'SIMULTANEOUSLY_PRESENT_IN', mapping to RELATED_TO
[WARN] Unknown relation 'SEPARATED_FROM', mapping to RELATED_TO
[WARN] Unknown relation 'PLACED_UNDER', mapping to RELATED_TO
[WARN] Unknown relation 'SLEEPS_IN', mapping to RELATED_TO
[WARN] Unknown relation 'HEALTHY_CONDITION', mapping to RELATED_TO
[WARN] Unknown relation 'NAVIGATE_IN', mapping to RELATED_TO
[WARN] Unknown relation 'NAVIGATE_WITHOUT', mapping to RELATED_TO
[WARN] Unknown relation 'CAN_BE_TRANSFERRED_TO', mapping to RELATED_TO
[WARN] Unknown relation 'CAN_DELIVER', mapping to RELATED_TO
[WARN] Unknown relation 'RESPECTS', mapping to RELATED_TO
[WARN] Unknown relation 'DISRUPTS', mapping to RELATED_TO
[WARN] Unknown relation 'ASSIGNS', mapping to RELATED_TO
[WARN] Unknown relation 'SIMULATES', mapping to RELATED_TO
[WARN] Unknown relation 'SHOWS_TO', mapping to RELATED_TO
[WARN] Unknown relation 'COMPARABLE_TO', mapping to RELATED_TO
[WARN] Unknown relation 'ANALOGOUS_TO', mapping to RELATED_TO
[WARN] Unknown relation 'BRIDGES', mapping to RELATED_TO
[INFO] Fuzzy matched relation 'RELOCATED_TO' -> 'RELATED_TO'
[WARN] Unknown relation 'COMPLETED_DESIGN', mapping to RELATED_TO
[WARN] Unknown relation 'SERVES_POPULATION', mapping to RELATED_TO
[INFO] LLM mapped relation 'HAS_STUDENTS' -> 'RELATED_TO'
[WARN] Unknown relation 'HAS_DESIGN_GOAL', mapping to RELATED_TO
[WARN] Unknown relation 'COORDINATED_WITH', mapping to RELATED_TO
[WARN] Unknown relation 'EXTENDS_BETWEEN', mapping to RELATED_TO
[WARN] Unknown relation 'CONSIDERED', mapping to RELATED_TO
[WARN] Unknown relation 'AUTHOR_OF', mapping to RELATED_TO
[WARN] Unknown relation 'COMPLICATES', mapping to RELATED_TO
[WARN] Unknown relation 'INSPIRES', mapping to RELATED_TO
[WARN] Unknown relation 'DISTRACTED_FROM', mapping to RELATED_TO
[INFO] LLM mapped relation 'STUDIED' -> 'RELATED_TO'
[WARN] Unknown relation 'SPENDS', mapping to RELATED_TO
[WARN] Unknown relation 'CAUSES_LOSS', mapping to RELATED_TO
[WARN] Unknown relation 'APPLIES', mapping to RELATED_TO
[WARN] Unknown relation 'CONCEIVED', mapping to RELATED_TO
[WARN] Unknown relation 'RENOVATED_BY', mapping to RELATED_TO
[WARN] Unknown relation 'RENOVATED_IN', mapping to RELATED_TO
[WARN] Unknown relation 'DISCONTINUOUS_ON', mapping to RELATED_TO
[WARN] Unknown relation 'NEEDS_TO_NAVIGATE_TO', mapping to RELATED_TO
[WARN] Unknown relation 'NEEDS_TO_NAVIGATE_FROM', mapping to RELATED_TO
[WARN] Unknown relation 'COMPLEMENTS', mapping to RELATED_TO
[WARN] Unknown relation 'DECIDES', mapping to RELATED_TO
[WARN] Unknown relation 'RENOVATED', mapping to RELATED_TO
[WARN] Unknown relation 'PLACED_AT', mapping to RELATED_TO
[WARN] Unknown relation 'REVOLUTIONIZES', mapping to RELATED_TO
[WARN] Unknown relation 'WAS_CLOSED_IN', mapping to RELATED_TO
[WARN] Unknown relation 'AUTHORIZED_TO', mapping to RELATED_TO
[WARN] Unknown relation 'IS', mapping to RELATED_TO
[WARN] Unknown relation 'SHOULD_RECOGNIZE', mapping to RELATED_TO
[WARN] Unknown relation 'CREATED_FOR', mapping to RELATED_TO
[WARN] Unknown relation 'HAS_PROBLEM', mapping to RELATED_TO
[WARN] Unknown relation 'MAY_BE', mapping to RELATED_TO
[WARN] Unknown relation 'SHOULD_BE_DEVELOPED', mapping to RELATED_TO
[WARN] Unknown relation 'CORRESPONDS_TO', mapping to RELATED_TO
[INFO] LLM mapped relation 'NECESSARY_FOR' -> 'REQUIRES'
[WARN] Unknown relation 'SHOULD_START_AFTER', mapping to RELATED_TO
[WARN] Unknown relation 'SELECTS', mapping to RELATED_TO
[WARN] Unknown relation 'ATTEMPTS_TO_PROVE', mapping to RELATED_TO
[WARN] Unknown relation 'HAS_TREND', mapping to RELATED_TO
[WARN] Unknown relation 'HAS_REVENUE_TREND', mapping to RELATED_TO
[WARN] Unknown relation 'ACCOMPANIED_BY', mapping to RELATED_TO
[WARN] Unknown relation 'ACCOMPANIES_UNTIL', mapping to RELATED_TO
[WARN] Unknown relation 'DIFFERENTIATED_FROM', mapping to RELATED_TO
[WARN] Unknown relation 'RETURNS_TO', mapping to RELATED_TO
[WARN] Unknown relation 'ORGANIZED_AS', mapping to RELATED_TO
[WARN] Unknown relation 'OPERATES_IN', mapping to RELATED_TO
[WARN] Unknown relation 'DESIGNED_AS', mapping to RELATED_TO
[WARN] Unknown relation 'DEVELOPS_WITH', mapping to RELATED_TO
[WARN] Unknown relation 'NAVIGATES_IN', mapping to RELATED_TO
[WARN] Unknown relation 'SEEKS', mapping to RELATED_TO
[WARN] Unknown relation 'ACCOMPANIES', mapping to RELATED_TO
[WARN] Unknown relation 'REFERRED_TO_AS', mapping to RELATED_TO
[WARN] Unknown relation 'SUPERVISES', mapping to RELATED_TO
[WARN] Unknown relation 'HAS_ENTRANCE', mapping to RELATED_TO
[WARN] Unknown relation 'DISTRIBUTED_AS', mapping to RELATED_TO
[WARN] Unknown relation 'DISTRIBUTES', mapping to RELATED_TO
[WARN] Unknown relation 'TRAVELS_FROM', mapping to RELATED_TO
[WARN] Unknown relation 'COMPLETES', mapping to RELATED_TO
[WARN] Unknown relation 'TAKES_OVER', mapping to RELATED_TO
[WARN] Unknown relation 'CAN_BE_USED_IN', mapping to RELATED_TO
[WARN] Unknown relation 'CAN_BE_USED_ALONE', mapping to RELATED_TO
[INFO] Fuzzy matched relation 'CONNECTED_VIA' -> 'CONNECTED_TO'
[WARN] Unknown relation 'CAN_HAVE', mapping to RELATED_TO
[WARN] Unknown relation 'HAS_DECISION_FACTOR', mapping to RELATED_TO
[WARN] Unknown relation 'LACKS', mapping to RELATED_TO
[INFO] Fuzzy matched relation 'REFERRED_TO' -> 'REFERS_TO'
[WARN] Unknown relation 'REFERRED_FOR', mapping to RELATED_TO
[WARN] Unknown relation 'HAS_MODE', mapping to RELATED_TO
[WARN] Unknown relation 'RESTRICTED_BY', mapping to RELATED_TO
[WARN] Unknown relation 'NUMBER_OF', mapping to RELATED_TO
[WARN] Unknown relation 'COLOR_CODED', mapping to RELATED_TO
[WARN] Unknown relation 'ENABLED_BY', mapping to RELATED_TO
[WARN] Unknown relation 'ELIMINATES_NEED_FOR', mapping to RELATED_TO
[WARN] Unknown relation 'RESPONDS_TO', mapping to RELATED_TO
[WARN] Unknown relation 'ASSISTS_WITH', mapping to RELATED_TO
[WARN] Unknown relation 'MAY_CONTAIN', mapping to RELATED_TO
[WARN] Unknown relation 'PERCEIVED_AS', mapping to RELATED_TO
[WARN] Unknown relation 'WAITS_IN', mapping to RELATED_TO
[WARN] Unknown relation 'FILLS', mapping to RELATED_TO
[WARN] Unknown relation 'HELPS_WITH', mapping to RELATED_TO
[WARN] Unknown relation 'SOMETIMES_HAS', mapping to RELATED_TO
[WARN] Unknown relation 'SLOWS_DOWN', mapping to RELATED_TO
[WARN] Unknown relation 'LOCATED_AT_SIDES_OF', mapping to RELATED_TO
[WARN] Unknown relation 'LOCATED_AT_CENTER_OF', mapping to RELATED_TO
[WARN] Unknown relation 'IS_PUBLIC_PROCESS', mapping to RELATED_TO
[WARN] Unknown relation 'WAITS_FOR', mapping to RELATED_TO
[WARN] Unknown relation 'GOES_TO', mapping to RELATED_TO
[WARN] Unknown relation 'TRANSFERS_BETWEEN', mapping to RELATED_TO
[WARN] Unknown relation 'LOCATES', mapping to RELATED_TO
[WARN] Unknown relation 'ARRANGED_WITH', mapping to RELATED_TO
[INFO] Fuzzy matched relation 'GUIDES_TO' -> 'GUIDES'
[WARN] Unknown relation 'ACHIEVES_LIGHTING_BY', mapping to RELATED_TO
[WARN] Unknown relation 'DONE_VIA', mapping to RELATED_TO
[WARN] Unknown relation 'ANSWERS', mapping to RELATED_TO
[WARN] Unknown relation 'ARRANGES', mapping to RELATED_TO
[WARN] Unknown relation 'VERIFIES', mapping to RELATED_TO
[WARN] Unknown relation 'UPDATES', mapping to RELATED_TO
[WARN] Unknown relation 'SCHEDULES', mapping to RELATED_TO
[WARN] Unknown relation 'ACCESSIBLE', mapping to RELATED_TO
[WARN] Unknown relation 'REGISTERS_AT', mapping to RELATED_TO
[WARN] Unknown relation 'AUTOMATICALLY_REGISTERED_IN', mapping to RELATED_TO
[WARN] Unknown relation 'RETRIEVES', mapping to RELATED_TO
[WARN] Unknown relation 'CHECKS_FOR', mapping to RELATED_TO
[WARN] Unknown relation 'SENT_TO', mapping to RELATED_TO
[WARN] Unknown relation 'RESCHEDULED', mapping to RELATED_TO
[WARN] Unknown relation 'REREGISTERS_AT', mapping to RELATED_TO
[WARN] Unknown relation 'HEARS', mapping to RELATED_TO
[WARN] Unknown relation 'REVIEWS', mapping to RELATED_TO
[WARN] Unknown relation 'BRINGS', mapping to RELATED_TO
[WARN] Unknown relation 'CALLS', mapping to RELATED_TO
[WARN] Unknown relation 'REQUESTS', mapping to RELATED_TO
[WARN] Unknown relation 'CHECKS', mapping to RELATED_TO
[WARN] Unknown relation 'ASKS', mapping to RELATED_TO
[WARN] Unknown relation 'RETURNS', mapping to RELATED_TO
[WARN] Unknown relation 'UPDATED_BY', mapping to RELATED_TO
[WARN] Unknown relation 'LEAVES', mapping to RELATED_TO
[WARN] Unknown relation 'STAYS_WITH', mapping to RELATED_TO
[WARN] Unknown relation 'ACCOMMODATED_IN', mapping to RELATED_TO
[WARN] Unknown relation 'PUBLISHES_IN', mapping to RELATED_TO
[WARN] Unknown relation 'RECOMMENDS', mapping to RELATED_TO
[WARN] Unknown relation 'BUILT_DURING', mapping to RELATED_TO
[WARN] Unknown relation 'ACHIEVEMENT_PUBLISHED_IN', mapping to RELATED_TO
[WARN] Unknown relation 'HAS_MORTALITY_RATE', mapping to RELATED_TO
[WARN] Unknown relation 'PROPOSED_DURING', mapping to RELATED_TO
[WARN] Unknown relation 'IS_GOAL_OF', mapping to RELATED_TO
[WARN] Unknown relation 'HAS_EVENT', mapping to RELATED_TO
[INFO] LLM mapped relation 'DESIGN' -> 'IS_TYPE_OF'
[WARN] Unknown relation 'DETERMINE', mapping to RELATED_TO
[INFO] Fuzzy matched relation 'SUPPORT' -> 'SUPPORTS'
[WARN] Unknown relation 'AGREE_ON', mapping to RELATED_TO
[WARN] Unknown relation 'ACT_AS', mapping to RELATED_TO
[WARN] Unknown relation 'INSPIRED_BY', mapping to RELATED_TO
[WARN] Unknown relation 'PUBLISH_IN', mapping to RELATED_TO
[WARN] Unknown relation 'LAYOUT_LIKE', mapping to RELATED_TO
[WARN] Unknown relation 'TOTAL_CAPACITY', mapping to RELATED_TO
[WARN] Unknown relation 'INTENDED_TO_BUILD_IN', mapping to RELATED_TO
[WARN] Unknown relation 'OPPOSE', mapping to RELATED_TO
[WARN] Unknown relation 'FAVOR', mapping to RELATED_TO
[WARN] Unknown relation 'CAN_EASILY_INCORPORATE_INTO', mapping to RELATED_TO
[WARN] Unknown relation 'FIND_CLIENTS_IN', mapping to RELATED_TO
[WARN] Unknown relation 'SERVE', mapping to RELATED_TO
[WARN] Unknown relation 'WORK_ON', mapping to RELATED_TO
[WARN] Unknown relation 'START_TIME', mapping to RELATED_TO
[WARN] Unknown relation 'DESIGN_FOR', mapping to RELATED_TO
[INFO] LLM mapped relation 'MENTION' -> 'MENTIONED_IN'
[WARN] Unknown relation 'ADOPT', mapping to RELATED_TO
[WARN] Unknown relation 'RECOMMENDED_BY', mapping to RELATED_TO
[WARN] Unknown relation 'RECOGNIZED_AS', mapping to RELATED_TO
[WARN] Unknown relation 'TAKE_TIME', mapping to RELATED_TO
[WARN] Unknown relation 'DESIGN_BASED_ON', mapping to RELATED_TO
[WARN] Unknown relation 'ACHIEVE', mapping to RELATED_TO
[INFO] LLM mapped relation 'ACHIEVEMENT_ANNOUNCED_IN' -> 'MENTIONED_IN'
[WARN] Unknown relation 'ADOPTED', mapping to RELATED_TO
[WARN] Unknown relation 'ESTABLISHED', mapping to RELATED_TO
[WARN] Unknown relation 'ADVOCATED', mapping to RELATED_TO
[WARN] Unknown relation 'PROMOTED', mapping to RELATED_TO
[WARN] Unknown relation 'REPLACED', mapping to RELATED_TO
[WARN] Unknown relation 'REOPENED_AFTER', mapping to RELATED_TO
[INFO] LLM mapped relation 'USED' -> 'USES'
[WARN] Unknown relation 'INFLUENCED', mapping to RELATED_TO
[WARN] Unknown relation 'IS_EXAMPLE_OF', mapping to RELATED_TO
[WARN] Unknown relation 'SEPARATED_BY', mapping to RELATED_TO
[WARN] Unknown relation 'COMBINES_WITH', mapping to RELATED_TO
[WARN] Unknown relation 'SURROUNDED_BY', mapping to RELATED_TO
[WARN] Unknown relation 'IMPACTS', mapping to RELATED_TO
[WARN] Unknown relation 'EXEMPLIFIES', mapping to RELATED_TO
[WARN] Unknown relation 'ADOPTED_FROM', mapping to RELATED_TO
[WARN] Unknown relation 'MEASURED_BY', mapping to RELATED_TO
[WARN] Unknown relation 'EXAMPLES_INCLUDE', mapping to RELATED_TO
[WARN] Unknown relation 'RESULTED_IN', mapping to RELATED_TO
[WARN] Unknown relation 'ARRANGED_AROUND', mapping to RELATED_TO
[WARN] Unknown relation 'HAS_ISSUE', mapping to RELATED_TO
[WARN] Unknown relation 'USES_MATERIAL', mapping to RELATED_TO
[WARN] Unknown relation 'LOCATED_ON', mapping to RELATED_TO
[WARN] Unknown relation 'HAS_PROPORTION', mapping to RELATED_TO
[WARN] Unknown relation 'ARRANGED_BY', mapping to RELATED_TO
[WARN] Unknown relation 'CALLS_FOR', mapping to RELATED_TO
[WARN] Unknown relation 'IMPOSED_ON', mapping to RELATED_TO
[WARN] Unknown relation 'THREATENS', mapping to RELATED_TO
[WARN] Unknown relation 'ORIGINATED_FROM', mapping to RELATED_TO
[WARN] Unknown relation 'CHANGED', mapping to RELATED_TO
[WARN] Unknown relation 'HAS_FACILITY', mapping to RELATED_TO
[WARN] Unknown relation 'UNIQUE_TO', mapping to RELATED_TO
[WARN] Unknown relation 'ORIENTED_TO', mapping to RELATED_TO
[WARN] Unknown relation 'MARKED_BY', mapping to RELATED_TO
[WARN] Unknown relation 'REDUCED', mapping to RELATED_TO
[WARN] Unknown relation 'LESS_THAN', mapping to RELATED_TO
[WARN] Unknown relation 'INTRODUCED_IN', mapping to RELATED_TO
[WARN] Unknown relation 'DISCOVERED', mapping to RELATED_TO
[WARN] Unknown relation 'PROVED', mapping to RELATED_TO
[WARN] Unknown relation 'LED_TO', mapping to RELATED_TO
[WARN] Unknown relation 'DEVELOPED_IN', mapping to RELATED_TO
[WARN] Unknown relation 'RESPONSE_TO', mapping to RELATED_TO
[WARN] Unknown relation 'STATUS', mapping to RELATED_TO
[WARN] Unknown relation 'DISCOVERY_LEADS_TO', mapping to RELATED_TO
[WARN] Unknown relation 'DESIGNED_IN', mapping to RELATED_TO
[WARN] Unknown relation 'BUILT_BEFORE', mapping to RELATED_TO
[WARN] Unknown relation 'PRAISED_AS', mapping to RELATED_TO
[WARN] Unknown relation 'NAMED_AFTER', mapping to RELATED_TO
[WARN] Unknown relation 'BUILT_BETWEEN', mapping to RELATED_TO
[WARN] Unknown relation 'CHARACTERIZES', mapping to RELATED_TO
[WARN] Unknown relation 'DEVELOPED_WITH', mapping to RELATED_TO
[WARN] Unknown relation 'ORIGINATES_IN', mapping to RELATED_TO
[WARN] Unknown relation 'INSPIRED', mapping to RELATED_TO
[WARN] Unknown relation 'CAN_BE_REPEATED', mapping to RELATED_TO
[WARN] Unknown relation 'SEPARATES', mapping to RELATED_TO
[INFO] Fuzzy matched relation 'MENTIONEDED_IN' -> 'MENTIONED_IN'
[WARN] Unknown relation 'DEVELOPED_FROM', mapping to RELATED_TO
[WARN] Unknown relation 'ANALOGOUS_TO', mapping to RELATED_TO
[WARN] Unknown relation 'CHARACTERISTIC_OF', mapping to RELATED_TO
[WARN] Unknown relation 'OPERATED_IN_PERIOD', mapping to RELATED_TO
[WARN] Unknown relation 'ADVOCATES', mapping to RELATED_TO
[WARN] Unknown relation 'BUILT_IN_PERIOD', mapping to RELATED_TO
[WARN] Unknown relation 'IS_FIRST_EXAMPLE_OF', mapping to RELATED_TO
[WARN] Unknown relation 'CRITICIZES', mapping to RELATED_TO
[WARN] Unknown relation 'SHOULD_COORDINATE_WITH', mapping to RELATED_TO
[WARN] Unknown relation 'IGNORES', mapping to RELATED_TO
[WARN] Unknown relation 'DISTINGUISHES', mapping to RELATED_TO
[WARN] Unknown relation 'STRENGTHENS', mapping to RELATED_TO
[WARN] Unknown relation 'ORGANIZED_AROUND', mapping to RELATED_TO
[WARN] Unknown relation 'DESIGNED_IN_PERIOD', mapping to RELATED_TO
[WARN] Unknown relation 'BECOMES_POPULAR_DUE_TO', mapping to RELATED_TO
[INFO] LLM mapped relation 'SHARES_CHARACTERISTIC_WITH' -> 'RELATED_TO'
[WARN] Unknown relation 'BECOMES_POPULAR', mapping to RELATED_TO
[WARN] Unknown relation 'EMERGES_DUE_TO', mapping to RELATED_TO
[WARN] Unknown relation 'HAS_LIMITATION', mapping to RELATED_TO
[WARN] Unknown relation 'EXCLUDES', mapping to RELATED_TO
[WARN] Unknown relation 'CAN_BE_DESIGNED_AS', mapping to RELATED_TO
[WARN] Unknown relation 'CAN_BE_MODELED_AS', mapping to RELATED_TO
[WARN] Unknown relation 'HAS_ADVANTAGE', mapping to RELATED_TO
[WARN] Unknown relation 'HAS_DISADVANTAGE', mapping to RELATED_TO
[WARN] Unknown relation 'INTERACTS_BASED_ON', mapping to RELATED_TO
[WARN] Unknown relation 'PLAYS_ROLE', mapping to RELATED_TO
[WARN] Unknown relation 'SHOULD_BE_CLOSE_TO', mapping to RELATED_TO
[WARN] Unknown relation 'HAS_ENVIRONMENT', mapping to RELATED_TO
[WARN] Unknown relation 'IS_FOCUS_OF', mapping to RELATED_TO
[WARN] Unknown relation 'ACCOUNTS_FOR_PERCENTAGE_OF', mapping to RELATED_TO
[WARN] Unknown relation 'HAS_PERCENTAGE', mapping to RELATED_TO
[WARN] Unknown relation 'HAS_PROBLEM', mapping to RELATED_TO
[WARN] Unknown relation 'HAS_DEGREE', mapping to RELATED_TO
[WARN] Unknown relation 'HAS_BACKGROUND', mapping to RELATED_TO
[WARN] Unknown relation 'HAS_POSITION', mapping to RELATED_TO
[WARN] Unknown relation 'ASSISTED_IN', mapping to RELATED_TO
[WARN] Unknown relation 'EXHIBITS_FOR', mapping to RELATED_TO
[WARN] Unknown relation 'PRIORITIZES', mapping to RELATED_TO
[WARN] Unknown relation 'EXPECTED_TO', mapping to RELATED_TO
[WARN] Unknown relation 'CAN_BE_DIVIDED_INTO', mapping to RELATED_TO[WARN] Unknown relation 'SEES', mapping to RELATED_TO
[WARN] Unknown relation 'USED_PRIMARILY_FOR', mapping to RELATED_TO
[WARN] Unknown relation 'SHARED_BY', mapping to RELATED_TO
[WARN] Unknown relation 'ARRANGES_WITH', mapping to RELATED_TO
[WARN] Unknown relation 'MOVED_FROM', mapping to RELATED_TO
[WARN] Unknown relation 'COLORED', mapping to RELATED_TO
[WARN] Unknown relation 'SPECIFIC_FOR', mapping to RELATED_TO
[WARN] Unknown relation 'ALTERNATIVE_TO', mapping to RELATED_TO
[INFO] Fuzzy matched relation 'PERFORMED_AT' -> 'PERFORMED_IN'
[WARN] Unknown relation 'EXISTS_BETWEEN', mapping to RELATED_TO
[WARN] Unknown relation 'DESIGNED_WITHOUT', mapping to RELATED_TO
[WARN] Unknown relation 'CAN_DO', mapping to RELATED_TO
[WARN] Unknown relation 'IS_GOAL_OF', mapping to RELATED_TO
[WARN] Unknown relation 'HOLDS', mapping to RELATED_TO
[WARN] Unknown relation 'OCCURS_ALONG', mapping to RELATED_TO
[WARN] Unknown relation 'MIXES_WITH', mapping to RELATED_TO
[WARN] Unknown relation 'HELPS_BRIDGE', mapping to RELATED_TO
[WARN] Unknown relation 'IS_PURPOSE_OF', mapping to RELATED_TO
[WARN] Unknown relation 'IS_VALUED_IN', mapping to RELATED_TO
[WARN] Unknown relation 'IMPLEMENTS_IN', mapping to RELATED_TO
[WARN] Unknown relation 'SHORTENED_BY', mapping to RELATED_TO
[WARN] Unknown relation 'CAN_BE_CONVERTED_TO', mapping to RELATED_TO
[WARN] Unknown relation 'ENHANCED_BY', mapping to RELATED_TO
[WARN] Unknown relation 'CAN_BE_PERFORMED_FROM', mapping to RELATED_TO
[WARN] Unknown relation 'COLLECTED_AT', mapping to RELATED_TO
[WARN] Unknown relation 'UNDERWENT', mapping to RELATED_TO
[WARN] Unknown relation 'INVENTED_BY', mapping to RELATED_TO
[INFO] Fuzzy matched relation 'FIRST_PERFORMED_IN' -> 'PERFORMED_IN'
[WARN] Unknown relation 'INVENTED_IN', mapping to RELATED_TO
[WARN] Unknown relation 'EXPLORED_IN', mapping to RELATED_TO
[WARN] Unknown relation 'PEAKED_IN', mapping to RELATED_TO
[WARN] Unknown relation 'INNOVATED_BY', mapping to RELATED_TO
[WARN] Unknown relation 'EMERGED_AROUND', mapping to RELATED_TO
[INFO] LLM mapped relation 'TREND' -> 'RELATED_TO'
[WARN] Unknown relation 'MANAGED_BY', mapping to RELATED_TO
[WARN] Unknown relation 'CAN_WORK', mapping to RELATED_TO
[WARN] Unknown relation 'CONTRACTS_WITH', mapping to RELATED_TO
[WARN] Unknown relation 'PRODUCED_BY', mapping to RELATED_TO
[INFO] Fuzzy matched relation 'HOUSES' -> 'USES'
[WARN] Unknown relation 'ADVANCES', mapping to RELATED_TO
[WARN] Unknown relation 'WORKS_BASED_ON', mapping to RELATED_TO
[WARN] Unknown relation 'TRANSPORTED_TO', mapping to RELATED_TO
[WARN] Unknown relation 'CANNOT_BE_TRANSPORTED', mapping to RELATED_TO
[WARN] Unknown relation 'PREFERRED', mapping to RELATED_TO
[WARN] Unknown relation 'PREFERRED_TIME', mapping to RELATED_TO
[WARN] Unknown relation 'EQUIPS', mapping to RELATED_TO
[WARN] Unknown relation 'NEEDED_DURING', mapping to RELATED_TO
[WARN] Unknown relation 'AVAILABLE_AT', mapping to RELATED_TO
[WARN] Unknown relation 'REQUIRES_INTERPRETATION_BY', mapping to RELATED_TO
[WARN] Unknown relation 'CAN_PERFORM', mapping to RELATED_TO
[WARN] Unknown relation 'SENDS', mapping to RELATED_TO
[WARN] Unknown relation 'ADMINISTERED_VIA', mapping to RELATED_TO
[INFO] LLM mapped relation 'USED' -> 'USES'
[WARN] Unknown relation 'CAUSES_RISK_OF', mapping to RELATED_TO
[WARN] Unknown relation 'CAPABLE_OF', mapping to RELATED_TO
[INFO] Fuzzy matched relation 'PERFORMED_AROUND' -> 'PERFORMED_IN'
[WARN] Unknown relation 'MARKS', mapping to RELATED_TO
[WARN] Unknown relation 'HAS_PROJECT', mapping to RELATED_TO
[WARN] Unknown relation 'HAS_MOUNTING', mapping to RELATED_TO
[WARN] Unknown relation 'ABBREVIATED_AS', mapping to RELATED_TO
[WARN] Unknown relation 'DESIGN_TIME', mapping to RELATED_TO
[WARN] Unknown relation 'BUILT_TIME', mapping to RELATED_TO
[WARN] Unknown relation 'AREA', mapping to RELATED_TO
[WARN] Unknown relation 'ADVANTAGE', mapping to RELATED_TO
[WARN] Unknown relation 'SOURCE', mapping to RELATED_TO
[WARN] Unknown relation 'HAS_PROPORTION', mapping to RELATED_TO
[WARN] Unknown relation 'HAS_RATE', mapping to RELATED_TO
[WARN] Unknown relation 'EVOLVED', mapping to RELATED_TO
[WARN] Unknown relation 'HAS_FACILITY', mapping to RELATED_TO
[WARN] Unknown relation 'REPLACED_BY', mapping to RELATED_TO
[WARN] Unknown relation 'HAS_PREFERENCE', mapping to RELATED_TO
[WARN] Unknown relation 'IS_THEME_OF', mapping to RELATED_TO
[WARN] Unknown relation 'IS_KEY_CONSIDERATION', mapping to RELATED_TO
[WARN] Unknown relation 'LOCATED_ABOVE', mapping to RELATED_TO
[WARN] Unknown relation 'CONSTRUCTION_TIME', mapping to RELATED_TO
[WARN] Unknown relation 'PREPARED_IN', mapping to RELATED_TO
[WARN] Unknown relation 'SHARES', mapping to RELATED_TO
[WARN] Unknown relation 'PREFERRED_AS', mapping to RELATED_TO
[WARN] Unknown relation 'SELECTED_AS', mapping to RELATED_TO
[WARN] Unknown relation 'EVALUATED_AS', mapping to RELATED_TO
[WARN] Unknown relation 'DEFINED_BY', mapping to RELATED_TO
[WARN] Unknown relation 'REPLACES_FUNCTION_OF', mapping to RELATED_TO
[WARN] Unknown relation 'COMPOSED_OF', mapping to RELATED_TO
[WARN] Unknown relation 'IS_PREFERRED', mapping to RELATED_TO
[WARN] Unknown relation 'IS_EVALUATED_AS', mapping to RELATED_TO
[WARN] Unknown relation 'CAN_BE_PREPARED_IN', mapping to RELATED_TO
[WARN] Unknown relation 'SUGGESTS', mapping to RELATED_TO
[WARN] Unknown relation 'IS_FEATURE_OF', mapping to RELATED_TO
[INFO] LLM mapped relation 'IS_REQUIRED_IN' -> 'REQUIRED_BY'
[WARN] Unknown relation 'HAS_CONFIGURATION', mapping to RELATED_TO
[WARN] Unknown relation 'NEGATIVELY_AFFECTS', mapping to RELATED_TO
[WARN] Unknown relation 'EXPOSES', mapping to RELATED_TO
[WARN] Unknown relation 'INCREASES_EFFICIENCY', mapping to RELATED_TO
[WARN] Unknown relation 'MUST_CONTAIN', mapping to RELATED_TO
[WARN] Unknown relation 'IS_DECIDING_FACTOR_FOR', mapping to RELATED_TO
[WARN] Unknown relation 'ORIENTED_TOWARDS', mapping to RELATED_TO
[WARN] Unknown relation 'MOVES_IN', mapping to RELATED_TO
[WARN] Unknown relation 'PARALLEL_TO', mapping to RELATED_TO
[WARN] Unknown relation 'MOVES_WITH', mapping to RELATED_TO
[WARN] Unknown relation 'ORIENTED_PARALLEL_TO', mapping to RELATED_TO
[WARN] Unknown relation 'COINCIDES_WITH', mapping to RELATED_TO
[INFO] Fuzzy matched relation 'REQUIRED_IN' -> 'REQUIRED_BY'
[WARN] Unknown relation 'TRANSPORTS', mapping to RELATED_TO
[WARN] Unknown relation 'OPENED_IN', mapping to RELATED_TO
[WARN] Unknown relation 'CROSSES', mapping to RELATED_TO
[WARN] Unknown relation 'PROVIDES_ACCESS_FOR', mapping to RELATED_TO
[WARN] Unknown relation 'REGULATES', mapping to RELATED_TO
[WARN] Unknown relation 'HAS_RESULT', mapping to RELATED_TO
[WARN] Unknown relation 'LIMITED_BY', mapping to RELATED_TO
[WARN] Unknown relation 'PREPARES', mapping to RELATED_TO
[WARN] Unknown relation 'CLEANS', mapping to RELATED_TO
[WARN] Unknown relation 'CLEANED_IN', mapping to RELATED_TO
[WARN] Unknown relation 'PACKAGED_IN', mapping to RELATED_TO
[WARN] Unknown relation 'OPENED_AT', mapping to RELATED_TO
[WARN] Unknown relation 'POTENTIALLY_ALLOWS', mapping to RELATED_TO
[WARN] Unknown relation 'REMOVES', mapping to RELATED_TO
[WARN] Unknown relation 'RESISTS', mapping to RELATED_TO
[WARN] Unknown relation 'REDUCES_RISK_OF', mapping to RELATED_TO
[WARN] Unknown relation 'AVOIDS_MOVEMENT_TO', mapping to RELATED_TO
[WARN] Unknown relation 'OBSTRUCTS', mapping to RELATED_TO
[WARN] Unknown relation 'DECREASES', mapping to RELATED_TO
[WARN] Unknown relation 'CAN_BE_LOCATED_IN', mapping to RELATED_TO
[WARN] Unknown relation 'CAN_BE_PLACED_AT', mapping to RELATED_TO
[WARN] Unknown relation 'HAS_LAYOUT_MODE', mapping to RELATED_TO
[WARN] Unknown relation 'IS_OPTION_OF', mapping to RELATED_TO
[WARN] Unknown relation 'TRANSPORTED_VIA', mapping to RELATED_TO
[WARN] Unknown relation 'POSITION_DEPENDS_ON', mapping to RELATED_TO
[WARN] Unknown relation 'ENTERS_THROUGH', mapping to RELATED_TO
[WARN] Unknown relation 'POSITIONED_FOR', mapping to RELATED_TO
[WARN] Unknown relation 'REENTERS', mapping to RELATED_TO

[WARN] Unknown relation 'PERCEIVED_AS', mapping to RELATED_TO
[WARN] Unknown relation 'TREATED_AS', mapping to RELATED_TO
[WARN] Unknown relation 'ACCESSIBLE_BY', mapping to RELATED_TO
[WARN] Unknown relation 'PROHIBITS', mapping to RELATED_TO
[WARN] Unknown relation 'CONNECTS', mapping to RELATED_TO
[WARN] Unknown relation 'CAN_TRAVEL_THROUGH', mapping to RELATED_TO
[WARN] Unknown relation 'PREVIOUSLY_WORKED_IN', mapping to RELATED_TO
[WARN] Unknown relation 'NOW', mapping to RELATED_TO
[WARN] Unknown relation 'VIEWS_AS', mapping to RELATED_TO
[WARN] Unknown relation 'TYPICALLY_HAS', mapping to RELATED_TO
[WARN] Unknown relation 'FLANKED_BY', mapping to RELATED_TO
[WARN] Unknown relation 'CAN_SEE', mapping to RELATED_TO
[WARN] Unknown relation 'CAUSES_PERCEPTION', mapping to RELATED_TO
[WARN] Unknown relation 'KEY_FOR', mapping to RELATED_TO
[WARN] Unknown relation 'CAN_BE_OUTSOURCED_TO', mapping to RELATED_TO
[WARN] Unknown relation 'OPERATED_AS', mapping to RELATED_TO
[WARN] Unknown relation 'ACCOMPANIED_BY', mapping to RELATED_TO
[WARN] Unknown relation 'RETURNS_HOME_AFTER', mapping to RELATED_TO
[WARN] Unknown relation 'MOVED_BY', mapping to RELATED_TO
[WARN] Unknown relation 'ACCESS_RESTRICTED_TO', mapping to RELATED_TO
[WARN] Unknown relation 'GROUPED_BY', mapping to RELATED_TO
[WARN] Unknown relation 'HAS_PROCEDURE', mapping to RELATED_TO
[WARN] Unknown relation 'PRIORITIZED_OVER', mapping to RELATED_TO
[WARN] Unknown relation 'OVERWORKED_BY', mapping to RELATED_TO
[WARN] Unknown relation 'IMPEDES', mapping to RELATED_TO
[WARN] Unknown relation 'CANNOT_USE', mapping to RELATED_TO
[WARN] Unknown relation 'CAN_BE_SEPARATED_FROM', mapping to RELATED_TO
[WARN] Unknown relation 'CAN_BE_AFFECTED_BY', mapping to RELATED_TO
[WARN] Unknown relation 'PARALLEL_TO', mapping to RELATED_TO
[WARN] Unknown relation 'RESTRICTED_TO', mapping to RELATED_TO
[WARN] Unknown relation 'WAS_PREVIOUSLY', mapping to RELATED_TO
[WARN] Unknown relation 'IS_NOW_CENTRALIZED_IN', mapping to RELATED_TO
[WARN] Unknown relation 'CAN_HINDER', mapping to RELATED_TO
[WARN] Unknown relation 'CAN_BE_TRANSFERRED_TO', mapping to RELATED_TO
[WARN] Unknown relation 'RESTRICTS_ACCESS_TO', mapping to RELATED_TO
[WARN] Unknown relation 'RESPECTS', mapping to RELATED_TO
[WARN] Unknown relation 'PREFERRED_BY', mapping to RELATED_TO
[WARN] Unknown relation 'ASSIGNS_ENTRANCE_BASED_ON', mapping to RELATED_TO
[WARN] Unknown relation 'HAS_SPECIAL_ARRANGEMENT', mapping to RELATED_TO
[WARN] Unknown relation 'IS_STARTING_POINT_OF', mapping to RELATED_TO
[WARN] Unknown relation 'MAY_BE_DESIGNED_BY', mapping to RELATED_TO
[WARN] Unknown relation 'FORMERLY_KNOWN_AS', mapping to RELATED_TO
[WARN] Unknown relation 'SIMULATES', mapping to RELATED_TO
[WARN] Unknown relation 'HAS_RULE', mapping to RELATED_TO
[WARN] Unknown relation 'AS_IMPORTANT_AS', mapping to RELATED_TO
[WARN] Unknown relation 'JUXTAPOSED_WITH', mapping to RELATED_TO
[WARN] Unknown relation 'DESIGNED_AS', mapping to RELATED_TO
[WARN] Unknown relation 'OVERLOOKS', mapping to RELATED_TO
[WARN] Unknown relation 'ACCESSIBLE_FROM', mapping to RELATED_TO
[WARN] Unknown relation 'EXTENDS_FROM', mapping to RELATED_TO
[WARN] Unknown relation 'SURROUNDS', mapping to RELATED_TO
[WARN] Unknown relation 'MINGLES_WITH', mapping to RELATED_TO
[WARN] Unknown relation 'BRIDGES', mapping to RELATED_TO
[WARN] Unknown relation 'LOCATED_ABOVE', mapping to RELATED_TO
[WARN] Unknown relation 'ASKED_TO_PROVIDE', mapping to RELATED_TO
[WARN] Unknown relation 'COMPARABLE_TO', mapping to RELATED_TO
[WARN] Unknown relation 'CONSISTS_OF', mapping to RELATED_TO
[WARN] Unknown relation 'PROVIDES_VIEW_OF', mapping to RELATED_TO
[WARN] Unknown relation 'PROVIDES_FEELING_OF', mapping to RELATED_TO
[WARN] Unknown relation 'COMPENSATES_GAP_BETWEEN', mapping to RELATED_TO
[INFO] Fuzzy matched relation 'RELOCATED_TO' -> 'RELATED_TO'
[WARN] Unknown relation 'COORDINATED_WITH', mapping to RELATED_TO
[WARN] Unknown relation 'MINIMIZES', mapping to RELATED_TO
[WARN] Unknown relation 'EXTENDS_BETWEEN', mapping to RELATED_TO
[WARN] Unknown relation 'RELOCATED_FROM', mapping to RELATED_TO
[WARN] Unknown relation 'AIMED_TO_CREATE', mapping to RELATED_TO
[WARN] Unknown relation 'ENVISIONED_AS', mapping to RELATED_TO
[WARN] Unknown relation 'HAS_SIDE', mapping to RELATED_TO
[WARN] Unknown relation 'HAS_TYPICAL', mapping to RELATED_TO
[WARN] Unknown relation 'SERVES_POPULATION', mapping to RELATED_TO
[INFO] LLM mapped relation 'HAS_STUDENTS' -> 'RELATED_TO'
[WARN] Unknown relation 'OWNS', mapping to RELATED_TO
[INFO] Fuzzy matched relation 'CONNECTED_VIA' -> 'CONNECTED_TO'
[WARN] Unknown relation 'FUNCTION_AS', mapping to RELATED_TO
[WARN] Unknown relation 'FORMERLY', mapping to RELATED_TO
[WARN] Unknown relation 'IS_PROPERTY_OF', mapping to RELATED_TO
[WARN] Unknown relation 'DISTRACTS_FROM', mapping to RELATED_TO
[WARN] Unknown relation 'INSPIRES', mapping to RELATED_TO
[WARN] Unknown relation 'DIVERGES_INTO', mapping to RELATED_TO
[WARN] Unknown relation 'APPLIES', mapping to RELATED_TO
[WARN] Unknown relation 'AUTHOR_OF', mapping to RELATED_TO
[WARN] Unknown relation 'CONCEIVED', mapping to RELATED_TO
[WARN] Unknown relation 'RENOVATED', mapping to RELATED_TO
[WARN] Unknown relation 'DECIDES', mapping to RELATED_TO
[WARN] Unknown relation 'CLOSED', mapping to RELATED_TO
[WARN] Unknown relation 'AUTHORIZED', mapping to RELATED_TO
[WARN] Unknown relation 'EXISTS_IN', mapping to RELATED_TO
[WARN] Unknown relation 'PRECEDED_BY', mapping to RELATED_TO
[WARN] Unknown relation 'WAS_PREVIOUSLY_IN', mapping to RELATED_TO
[WARN] Unknown relation 'FACES', mapping to RELATED_TO
[WARN] Unknown relation 'FOUND_IN', mapping to RELATED_TO
[WARN] Unknown relation 'ACCOMPANIES', mapping to RELATED_TO
[WARN] Unknown relation 'VARIED_BY', mapping to RELATED_TO
[WARN] Unknown relation 'RETURNS_TO', mapping to RELATED_TO
[WARN] Unknown relation 'HAS_DATA', mapping to RELATED_TO
[WARN] Unknown relation 'OPERATES_IN', mapping to RELATED_TO
[WARN] Unknown relation 'ORGANIZED_AS', mapping to RELATED_TO
[WARN] Unknown relation 'MAY_LEAD_TO', mapping to RELATED_TO
[WARN] Unknown relation 'POSITIONED_FOR', mapping to RELATED_TO
[WARN] Unknown relation 'PLACED_IN', mapping to RELATED_TO
[WARN] Unknown relation 'CAN_BE_USED_IN', mapping to RELATED_TO
[WARN] Unknown relation 'OCCURS_AT', mapping to RELATED_TO
[WARN] Unknown relation 'RESTRICTED_FROM', mapping to RELATED_TO
[WARN] Unknown relation 'HAS_DESIGN_METHOD', mapping to RELATED_TO
[WARN] Unknown relation 'OCCURS_DURING', mapping to RELATED_TO
[WARN] Unknown relation 'RESTRICTED_ACCESS_DURING', mapping to RELATED_TO
[WARN] Unknown relation 'LOCATED_OUTSIDE', mapping to RELATED_TO
[WARN] Unknown relation 'LOCATED_ALONG', mapping to RELATED_TO
[WARN] Unknown relation 'LOCATED_AT_SIDES_OF', mapping to RELATED_TO
[WARN] Unknown relation 'DISTRIBUTED', mapping to RELATED_TO
[WARN] Unknown relation 'PASS_THROUGH', mapping to RELATED_TO
[WARN] Unknown relation 'COMBINATION_OF', mapping to RELATED_TO
[WARN] Unknown relation 'SLOWS_DOWN', mapping to RELATED_TO
[WARN] Unknown relation 'ELIMINATES_NEED_FOR', mapping to RELATED_TO
[WARN] Unknown relation 'LACKS', mapping to RELATED_TO
[WARN] Unknown relation 'RETRIEVED_FROM', mapping to RELATED_TO
[WARN] Unknown relation 'RETRIEVES', mapping to RELATED_TO
[WARN] Unknown relation 'SENDS_TO', mapping to RELATED_TO
[WARN] Unknown relation 'BRINGS', mapping to RELATED_TO
[WARN] Unknown relation 'CALLS', mapping to RELATED_TO
[WARN] Unknown relation 'MAY_INCREASE', mapping to RELATED_TO
[WARN] Unknown relation 'VISITS', mapping to RELATED_TO
[WARN] Unknown relation 'SHARED_BY', mapping to RELATED_TO
[WARN] Unknown relation 'VERIFIES', mapping to RELATED_TO
[WARN] Unknown relation 'UPDATES', mapping to RELATED_TO
[WARN] Unknown relation 'DIRECTS', mapping to RELATED_TO
[WARN] Unknown relation 'REGISTERS', mapping to RELATED_TO
[WARN] Unknown relation 'MOVED_FROM', mapping to RELATED_TO
[WARN] Unknown relation 'MOVED_TO', mapping to RELATED_TO
[WARN] Unknown relation 'DESIGNED_TO_MINIMIZE', mapping to RELATED_TO
[WARN] Unknown relation 'POSITIONED_NEAR', mapping to RELATED_TO
[WARN] Unknown relation 'MOVES_IN_DIRECTION', mapping to RELATED_TO
[WARN] Unknown relation 'INSTALLED_ON', mapping to RELATED_TO
[WARN] Unknown relation 'VULNERABLE_TO', mapping to RELATED_TO
[INFO] LLM mapped relation 'PROVIDES_SUPPORT_FOR' -> 'PROVIDES'
[WARN] Unknown relation 'ANALYZED_IN', mapping to RELATED_TO
[WARN] Unknown relation 'CORRECTED_IN', mapping to RELATED_TO
[WARN] Unknown relation 'METAPHOR_FOR', mapping to RELATED_TO
[WARN] Unknown relation 'POTENTIALLY_REDUCED_BY', mapping to RELATED_TO
[WARN] Unknown relation 'INTRODUCED_INTO', mapping to RELATED_TO
[WARN] Unknown relation 'SHIFTS_TOWARDS', mapping to RELATED_TO
[WARN] Unknown relation 'CONDUCTED', mapping to RELATED_TO
[WARN] Unknown relation 'ESTABLISHED_TO_RESPOND_TO', mapping to RELATED_TO
[WARN] Unknown relation 'GAINED_RECOGNITION_IN', mapping to RELATED_TO
[WARN] Unknown relation 'GAINED_WIDE_ACCEPTANCE_IN', mapping to RELATED_TO
[WARN] Unknown relation 'INITIALLY_FOCUSED_ON', mapping to RELATED_TO
[WARN] Unknown relation 'WILL_REMAIN', mapping to RELATED_TO
[WARN] Unknown relation 'WILL_INTRODUCE', mapping to RELATED_TO
[WARN] Unknown relation 'WILL_SHIFT_TOWARDS', mapping to RELATED_TO
[WARN] Unknown relation 'DESCRIBED', mapping to RELATED_TO
[WARN] Unknown relation 'POTENTIALLY_MEETS', mapping to RELATED_TO
[WARN] Unknown relation 'CAN_SERVE_AS', mapping to RELATED_TO
[WARN] Unknown relation 'CAN_IMPROVE', mapping to RELATED_TO
[WARN] Unknown relation 'SHOULD_CONTROL', mapping to RELATED_TO
[WARN] Unknown relation 'SHOULD_AVOID', mapping to RELATED_TO
[WARN] Unknown relation 'CAN_PROVIDE', mapping to RELATED_TO
[WARN] Unknown relation 'CAN_CAUSE_STRESS_TO', mapping to RELATED_TO
[WARN] Unknown relation 'IS_INDISPENSABLE', mapping to RELATED_TO
[WARN] Unknown relation 'SHOWED', mapping to RELATED_TO
[WARN] Unknown relation 'IS_CRUCIAL_FOR', mapping to RELATED_TO
[WARN] Unknown relation 'MUST_BE_PART_OF', mapping to RELATED_TO
[WARN] Unknown relation 'SHOULD_BE_LOW_ENOUGH', mapping to RELATED_TO
[WARN] Unknown relation 'SHOULD_ALLOW', mapping to RELATED_TO
[WARN] Unknown relation 'IS_TO', mapping to RELATED_TO
[WARN] Unknown relation 'SHOULD_BE_CONTROLLABLE', mapping to RELATED_TO
[WARN] Unknown relation 'SEEMS_TO_PROVE', mapping to RELATED_TO
[WARN] Unknown relation 'HAS_INCONCLUSIVE_RESULTS_ON', mapping to RELATED_TO
[INFO] LLM mapped relation 'CAN_PROVIDE_REFERENCE_FOR' -> 'REFERENCES'
[WARN] Unknown relation 'TRIGGERS', mapping to RELATED_TO
[WARN] Unknown relation 'PLACED_ON', mapping to RELATED_TO
[WARN] Unknown relation 'EXCEEDS', mapping to RELATED_TO
[WARN] Unknown relation 'PROXIMITY_TO', mapping to RELATED_TO
[WARN] Unknown relation 'RECOVERS_IN', mapping to RELATED_TO
[WARN] Unknown relation 'TRANSFERRED_TO', mapping to RELATED_TO
[INFO] Fuzzy matched relation 'PERFORMED_ON' -> 'PERFORMED_IN'
[WARN] Unknown relation 'LOCATED_OUTSIDE', mapping to RELATED_TO
[WARN] Unknown relation 'IS_KEY_FOR', mapping to RELATED_TO
[WARN] Unknown relation 'EXPLAINED_BY', mapping to RELATED_TO
[WARN] Unknown relation 'COMMUNICATES_WITH', mapping to RELATED_TO
[WARN] Unknown relation 'OCCURS_AT', mapping to RELATED_TO
[WARN] Unknown relation 'MIMICS', mapping to RELATED_TO
[WARN] Unknown relation 'FILTERS_ACCESS', mapping to RELATED_TO
[WARN] Unknown relation 'ALIGNED_WITH', mapping to RELATED_TO
[WARN] Unknown relation 'PERFORMS_WITH', mapping to RELATED_TO
[WARN] Unknown relation 'STORES_IN', mapping to RELATED_TO
[WARN] Unknown relation 'PROVIDED_THROUGH', mapping to RELATED_TO
[WARN] Unknown relation 'RECEIVED_BY', mapping to RELATED_TO
[WARN] Unknown relation 'ALONG', mapping to RELATED_TO
[WARN] Unknown relation 'ACCESSIBLE_FROM', mapping to RELATED_TO
[WARN] Unknown relation 'CANNOT_RECEIVE', mapping to RELATED_TO
[WARN] Unknown relation 'CAN_BE_ARRANGED', mapping to RELATED_TO
[WARN] Unknown relation 'HAS_COLOR', mapping to RELATED_TO
[WARN] Unknown relation 'IS_VARIANT_OF', mapping to RELATED_TO
[WARN] Unknown relation 'REMINDS_OF', mapping to RELATED_TO
[WARN] Unknown relation 'ARRIVES_BY', mapping to RELATED_TO
[WARN] Unknown relation 'TREATED_BY', mapping to RELATED_TO
[WARN] Unknown relation 'TREATED_DURING', mapping to RELATED_TO
[WARN] Unknown relation 'CONDUCTED_IN', mapping to RELATED_TO
[WARN] Unknown relation 'DETERMINED_IN', mapping to RELATED_TO
[WARN] Unknown relation 'HAS_ENVIRONMENT', mapping to RELATED_TO
[WARN] Unknown relation 'INFORMS', mapping to RELATED_TO
[WARN] Unknown relation 'TRANSFORMS_TO', mapping to RELATED_TO
[WARN] Unknown relation 'NOT_FOCUSES_ON', mapping to RELATED_TO
[WARN] Unknown relation 'PUBLISHED_ON', mapping to RELATED_TO
[WARN] Unknown relation 'EDITOR_OF', mapping to RELATED_TO
[WARN] Unknown relation 'PUBLISHES', mapping to RELATED_TO
[WARN] Unknown relation 'CO_AUTHOR', mapping to RELATED_TO
[WARN] Unknown relation 'CO_EDITOR', mapping to RELATED_TO
[WARN] Unknown relation 'PUBLISHED_IN_YEAR', mapping to RELATED_TO
[WARN] Unknown relation 'HAS_EDITION', mapping to RELATED_TO
[WARN] Unknown relation 'HAS_VOLUME', mapping to RELATED_TO
[WARN] Unknown relation 'HAS_SUBTITLE', mapping to RELATED_TO
[WARN] Unknown relation 'HAS_PAGE', mapping to RELATED_TO
[INFO] LLM mapped relation 'CONTAINED_IN' -> 'CONTAINS'
[WARN] Unknown relation 'CO_AUTHOR_OF', mapping to RELATED_TO
[WARN] Unknown relation 'EDITED_BY', mapping to RELATED_TO
[WARN] Unknown relation 'PUBLISHED_IN_MONTH', mapping to RELATED_TO
[WARN] Unknown relation 'PUBLISHED_ON_DATE', mapping to RELATED_TO
[WARN] Unknown relation 'DEFINED_IN', mapping to RELATED_TO
[WARN] Unknown relation 'FOR_PURPOSE_OF', mapping to RELATED_TO
[WARN] Unknown relation 'IS_CHAPTER_IN', mapping to RELATED_TO
[WARN] Unknown relation 'IS_SUBTITLE_OF', mapping to RELATED_TO
[WARN] Unknown relation 'HAS_AUTHOR', mapping to RELATED_TO
[WARN] Unknown relation 'HAS_EDITOR', mapping to RELATED_TO
[INFO] LLM mapped relation 'AIMS_TO_GUIDE' -> 'GUIDES'
[WARN] Unknown relation 'IS_EDITOR_OF', mapping to RELATED_TO
[WARN] Unknown relation 'IS_EDITED_BY', mapping to RELATED_TO
[WARN] Unknown relation 'IS_AUTHOR_OF', mapping to RELATED_TO
[WARN] Unknown relation 'IS_SUBJECT_OF', mapping to RELATED_TO
[WARN] Unknown relation 'IS_PUBLICATION_DATE_OF', mapping to RELATED_TO
[WARN] Unknown relation 'IS_PUBLICATION_DETAIL_OF', mapping to RELATED_TO
[WARN] Unknown relation 'HAS_ISSUE', mapping to RELATED_TO
[WARN] Unknown relation 'HAS_PAGE_RANGE', mapping to RELATED_TO
[WARN] Unknown relation 'INTENDED_FOR', mapping to RELATED_TO
[WARN] Unknown relation 'HAS_PAGES', mapping to RELATED_TO
[WARN] Unknown relation 'PUBLISHED', mapping to RELATED_TO
[INFO] LLM mapped relation 'IS_CITED_IN' -> 'IS_TYPE_OF'
[INFO] LLM mapped relation 'CO_AUTHORED' -> 'RELATED_TO'
[WARN] Unknown relation 'SUMMARIZES_WORK_OF', mapping to RELATED_TO
[WARN] Unknown relation 'EDITED', mapping to RELATED_TO
[WARN] Unknown relation 'HAS_CHAPTER', mapping to RELATED_TO
[INFO] LLM mapped relation 'CITED_IN' -> 'REFERENCES'
[WARN] Unknown relation 'IS_CHAPTER_OF', mapping to RELATED_TO
[WARN] Unknown relation 'HAS_TITLE', mapping to RELATED_TO
[WARN] Unknown relation 'CONTAINS_CHAPTER', mapping to RELATED_TO
[WARN] Unknown relation 'OCCURRED_ON', mapping to RELATED_TO
[WARN] Unknown relation 'OCCURS_AFTER', mapping to RELATED_TO
[WARN] Unknown relation 'HAS_DATE', mapping to RELATED_TO
[WARN] Unknown relation 'LEADS', mapping to RELATED_TO
[WARN] Unknown relation 'RECEIVES_PATIENTS_FROM', mapping to RELATED_TO
[WARN] Unknown relation 'COMPLETED_IN', mapping to RELATED_TO
[WARN] Unknown relation 'OWNED_BY', mapping to RELATED_TO
[WARN] Unknown relation 'PREFERRED_OVER', mapping to RELATED_TO
[WARN] Unknown relation 'PROVIDES_SERVICE_SIMILAR_TO', mapping to RELATED_TO
[WARN] Unknown relation 'AT_COST_SIMILAR_TO', mapping to RELATED_TO
[WARN] Unknown relation 'MEETS_STANDARD', mapping to RELATED_TO
[WARN] Unknown relation 'HAS_DESIGN', mapping to RELATED_TO
[WARN] Unknown relation 'SPECIFIC_TO', mapping to RELATED_TO
[WARN] Unknown relation 'COLORED', mapping to RELATED_TO
[WARN] Unknown relation 'FOUNDED_BY', mapping to RELATED_TO
[WARN] Unknown relation 'FOUNDED_IN', mapping to RELATED_TO
[WARN] Unknown relation 'HAS_TREND', mapping to RELATED_TO
[WARN] Unknown relation 'SHOULD_CONTAIN', mapping to RELATED_TO
[WARN] Unknown relation 'SHOULD_CONSIDER', mapping to RELATED_TO
[WARN] Unknown relation 'SHOULD_FOLLOW', mapping to RELATED_TO
[WARN] Unknown relation 'TEMPORARILY_NOT_PART_OF', mapping to RELATED_TO
[WARN] Unknown relation 'CONTACTS', mapping to RELATED_TO
[WARN] Unknown relation 'LAUNCHED', mapping to RELATED_TO
[INFO] Fuzzy matched relation 'PERFORMED_AT' -> 'PERFORMED_IN'
[WARN] Unknown relation 'EXISTS_BETWEEN', mapping to RELATED_TO
[WARN] Unknown relation 'CAN_DO', mapping to RELATED_TO
[INFO] Fuzzy matched relation 'CONSTRAINS' -> 'CONTAINS'
[WARN] Unknown relation 'HOLDS', mapping to RELATED_TO
[WARN] Unknown relation 'ARRIVES_AT', mapping to RELATED_TO
[WARN] Unknown relation 'OCCURS_ALONG', mapping to RELATED_TO
[WARN] Unknown relation 'MIXES_WITH', mapping to RELATED_TO
[WARN] Unknown relation 'HELPS_BRIDGE', mapping to RELATED_TO
[WARN] Unknown relation 'IS_PURPOSE_OF', mapping to RELATED_TO
[WARN] Unknown relation 'IS_VALUED_IN', mapping to RELATED_TO
[WARN] Unknown relation 'ALLOWS_ACCESS_WHEN_CLOSED', mapping to RELATED_TO
[WARN] Unknown relation 'OPERATED_BY', mapping to RELATED_TO
[INFO] LLM mapped relation 'INTEGRATES_WITH' -> 'CONNECTED_TO'
[WARN] Unknown relation 'HAS_OPTION', mapping to RELATED_TO
[WARN] Unknown relation 'OPERATES', mapping to RELATED_TO
[WARN] Unknown relation 'IS_ALTERNATIVE_TO', mapping to RELATED_TO
[WARN] Unknown relation 'STORAGE_AFFECTS', mapping to RELATED_TO
[WARN] Unknown relation 'VISIBILITY_AFFECTS', mapping to RELATED_TO
[WARN] Unknown relation 'MAY_HAVE', mapping to RELATED_TO
[WARN] Unknown relation 'IS_PROVIDED_BY', mapping to RELATED_TO
[WARN] Unknown relation 'IS_IMPROVED_BY', mapping to RELATED_TO
[INFO] LLM mapped relation 'IS_SUPPORTED_BY' -> 'SUPPORTS'
[WARN] Unknown relation 'IS_AFFECTED_BY', mapping to RELATED_TO
[WARN] Unknown relation 'OPERATES_REMOTELY', mapping to RELATED_TO
[WARN] Unknown relation 'WATCHES', mapping to RELATED_TO
[WARN] Unknown relation 'IS_DESIGNED_BY', mapping to RELATED_TO
[WARN] Unknown relation 'IS_LOCATED_IN', mapping to RELATED_TO
[WARN] Unknown relation 'IS_LOCATED_BETWEEN', mapping to RELATED_TO
[WARN] Unknown relation 'IS_LOCATED_AT', mapping to RELATED_TO
[WARN] Unknown relation 'HAS_SPECIFICATIONS', mapping to RELATED_TO
[WARN] Unknown relation 'CAN_BE_CLOSED', mapping to RELATED_TO
[WARN] Unknown relation 'STORAGE_LOCATION', mapping to RELATED_TO
[WARN] Unknown relation 'CAN_BE_OPERATED', mapping to RELATED_TO
[WARN] Unknown relation 'CAN_INTEGRATE', mapping to RELATED_TO
[WARN] Unknown relation 'CAN_ALTERNATE', mapping to RELATED_TO
[WARN] Unknown relation 'IS_OPTION_FOR', mapping to RELATED_TO
[WARN] Unknown relation 'IS_ESSENTIAL_FOR', mapping to RELATED_TO
[WARN] Unknown relation 'MANAGED_BY', mapping to RELATED_TO
[WARN] Unknown relation 'DISTRIBUTED_ALONG', mapping to RELATED_TO
[WARN] Unknown relation 'COVERED_BY', mapping to RELATED_TO
[WARN] Unknown relation 'DECORATED_WITH', mapping to RELATED_TO
[WARN] Unknown relation 'ENHANCED_BY', mapping to RELATED_TO
[WARN] Unknown relation 'DISTRIBUTED_VIA', mapping to RELATED_TO
[WARN] Unknown relation 'COLLECTED_AT', mapping to RELATED_TO
[WARN] Unknown relation 'CAN_BE_PERFORMED_FROM', mapping to RELATED_TO
[WARN] Unknown relation 'MANAGED_THROUGH', mapping to RELATED_TO
[WARN] Unknown relation 'MAY_LACK', mapping to RELATED_TO
[WARN] Unknown relation 'MAY_EXPOSE_TO', mapping to RELATED_TO
[WARN] Unknown relation 'CAN_MOVE_IN', mapping to RELATED_TO
[WARN] Unknown relation 'AUTHORS_INCLUDE', mapping to RELATED_TO
[WARN] Unknown relation 'FORCES_PATIENT_ROLE', mapping to RELATED_TO
[WARN] Unknown relation 'DESIGNED_WITH', mapping to RELATED_TO
[WARN] Unknown relation 'FOR_PATIENTS_WITH', mapping to RELATED_TO
[WARN] Unknown relation 'CONSIDERED_IN', mapping to RELATED_TO
[WARN] Unknown relation 'IS_THEME_OF', mapping to RELATED_TO
[WARN] Unknown relation 'DESCRIBED_FROM', mapping to RELATED_TO
[WARN] Unknown relation 'DISTINGUISHED_FROM', mapping to RELATED_TO
[WARN] Unknown relation 'CONTRACTS_WITH', mapping to RELATED_TO
[WARN] Unknown relation 'INVENTED_BY', mapping to RELATED_TO
[WARN] Unknown relation 'IS_TREND', mapping to RELATED_TO
[WARN] Unknown relation 'WAS_TREND', mapping to RELATED_TO
[INFO] Fuzzy matched relation 'GUIDES_TO' -> 'GUIDES'
[WARN] Unknown relation 'CUSTOMIZED_BY', mapping to RELATED_TO
[WARN] Unknown relation 'ADMINISTERED_VIA', mapping to RELATED_TO
[WARN] Unknown relation 'CAPABLE_OF', mapping to RELATED_TO
[WARN] Unknown relation 'ARRIVES_VIA', mapping to RELATED_TO
[WARN] Unknown relation 'MAY_BE', mapping to RELATED_TO
[WARN] Unknown relation 'TRANSFERRED_TO', mapping to RELATED_TO
[WARN] Unknown relation 'INVENTED_IN', mapping to RELATED_TO
[INFO] LLM mapped relation 'CO_LOCATED_WITH' -> 'ADJACENT_TO'
[WARN] Unknown relation 'EXPLORED_IN', mapping to RELATED_TO
[WARN] Unknown relation 'PEAKED_IN', mapping to RELATED_TO
[INFO] Fuzzy matched relation 'PERFORMED_AROUND' -> 'PERFORMED_IN'
[WARN] Unknown relation 'AIMS_TO_OPTIMIZE', mapping to RELATED_TO
[WARN] Unknown relation 'HAS_DRAINAGE_ISSUE', mapping to RELATED_TO
[WARN] Unknown relation 'CHARACTERIZED_AS', mapping to RELATED_TO
[WARN] Unknown relation 'PROHIBITS_ABOVE', mapping to RELATED_TO
[WARN] Unknown relation 'ASSIGNED', mapping to RELATED_TO
[WARN] Unknown relation 'AUTHORED_BY', mapping to RELATED_TO
[WARN] Unknown relation 'COMPOSED_OF', mapping to RELATED_TO
[WARN] Unknown relation 'INTEGRATED_INTO', mapping to RELATED_TO
[WARN] Unknown relation 'INVOLVED_IN', mapping to RELATED_TO
[WARN] Unknown relation 'HAS_VARIATION', mapping to RELATED_TO
[WARN] Unknown relation 'MAY_REPLACE', mapping to RELATED_TO
[WARN] Unknown relation 'EVOLVED_INTO', mapping to RELATED_TO
[WARN] Unknown relation 'REGRESSED_TO', mapping to RELATED_TO
[WARN] Unknown relation 'IMPROVED_QUALITY', mapping to RELATED_TO
[WARN] Unknown relation 'WAS_CONSIDERED', mapping to RELATED_TO
[WARN] Unknown relation 'MARKED', mapping to RELATED_TO
[WARN] Unknown relation 'TRANSFORMED', mapping to RELATED_TO
[INFO] Fuzzy matched relation 'REQUIRED' -> 'REQUIRES'
[WARN] Unknown relation 'RE_ENTERED', mapping to RELATED_TO
[WARN] Unknown relation 'INCREASED_PROPORTION_IN', mapping to RELATED_TO
[WARN] Unknown relation 'GRADUALLY_DECLINED', mapping to RELATED_TO
[WARN] Unknown relation 'CONTINUOUSLY_DEVELOPED', mapping to RELATED_TO
[WARN] Unknown relation 'CAPTURES', mapping to RELATED_TO
[WARN] Unknown relation 'ENCOURAGED_FOR', mapping to RELATED_TO
[WARN] Unknown relation 'SEPARATE_FROM', mapping to RELATED_TO
[WARN] Unknown relation 'INTRODUCED_AROUND', mapping to RELATED_TO
[WARN] Unknown relation 'POSITIONED_NEAR', mapping to RELATED_TO
[WARN] Unknown relation 'ALIGNED_WITH', mapping to RELATED_TO
[WARN] Unknown relation 'CENTERED_WITH', mapping to RELATED_TO
[WARN] Unknown relation 'HAS_PROJECT', mapping to RELATED_TO
[WARN] Unknown relation 'HAS_TASK', mapping to RELATED_TO
[WARN] Unknown relation 'RECORDS', mapping to RELATED_TO
[WARN] Unknown relation 'CAN_LEAVE', mapping to RELATED_TO
[WARN] Unknown relation 'HAS_BOUNDARY', mapping to RELATED_TO
[WARN] Unknown relation 'PROVIDED_BY', mapping to RELATED_TO
[WARN] Unknown relation 'USED_WITH', mapping to RELATED_TO
[WARN] Unknown relation 'HAS_OUTPATIENT_PROPORTION', mapping to RELATED_TO
[WARN] Unknown relation 'HAS_HOSPITAL_BED_PROPORTION', mapping to RELATED_TO
[WARN] Unknown relation 'OWNED_BY', mapping to RELATED_TO
[WARN] Unknown relation 'SET_BY', mapping to RELATED_TO
[WARN] Unknown relation 'ABBREVIATES', mapping to RELATED_TO
[INFO] LLM mapped relation 'NEEDED_FOR' -> 'REQUIRES'
[WARN] Unknown relation 'WORKS_WITH', mapping to RELATED_TO
[WARN] Unknown relation 'OWNS', mapping to RELATED_TO
[WARN] Unknown relation 'REFERRED_AS', mapping to RELATED_TO
[WARN] Unknown relation 'HAS_DISTANCE_FROM', mapping to RELATED_TO
[WARN] Unknown relation 'RECEIVES_TREATMENT_IN', mapping to RELATED_TO
[WARN] Unknown relation 'INVESTS_IN', mapping to RELATED_TO
[WARN] Unknown relation 'PROVIDES_SERVICE_AT', mapping to RELATED_TO
[WARN] Unknown relation 'MEETS', mapping to RELATED_TO
[WARN] Unknown relation 'OFFERS_EXPERIENCE_SIMILAR_TO', mapping to RELATED_TO
[WARN] Unknown relation 'ENTERS', mapping to RELATED_TO
[WARN] Unknown relation 'ESTABLISHED_BY', mapping to RELATED_TO
[WARN] Unknown relation 'IS_ISSUE_IN', mapping to RELATED_TO
[WARN] Unknown relation 'IS_OWNER_OF', mapping to RELATED_TO
[WARN] Unknown relation 'LOCATED_AGAINST', mapping to RELATED_TO
[WARN] Unknown relation 'TARGET', mapping to RELATED_TO
[WARN] Unknown relation 'IMPLIES', mapping to RELATED_TO
[WARN] Unknown relation 'EMPLOYED_BY', mapping to RELATED_TO
[WARN] Unknown relation 'SPENT', mapping to RELATED_TO
[WARN] Unknown relation 'FOR_PURPOSE', mapping to RELATED_TO
[WARN] Unknown relation 'FOUNDED_IN', mapping to RELATED_TO
[WARN] Unknown relation 'ORIGINATED_FROM', mapping to RELATED_TO
[WARN] Unknown relation 'WAS_PREVIOUSLY', mapping to RELATED_TO
[WARN] Unknown relation 'MINIMIZED_FOR', mapping to RELATED_TO
[WARN] Unknown relation 'APPLIED_ON', mapping to RELATED_TO
[WARN] Unknown relation 'CONSTRUCTED_WITH', mapping to RELATED_TO
[WARN] Unknown relation 'HAS_BED_COUNT', mapping to RELATED_TO
[WARN] Unknown relation 'REJECTED_BY', mapping to RELATED_TO
[WARN] Unknown relation 'DECIDES_TO_HIRE', mapping to RELATED_TO
[WARN] Unknown relation 'HAS_ROLE_IN', mapping to RELATED_TO
[WARN] Unknown relation 'REJECTED', mapping to RELATED_TO
[WARN] Unknown relation 'CAN_ACCOMMODATE', mapping to RELATED_TO
[WARN] Unknown relation 'COVERED_BY', mapping to RELATED_TO
[WARN] Unknown relation 'OFFERS_VIEW', mapping to RELATED_TO
[WARN] Unknown relation 'LOCATED_ALONG', mapping to RELATED_TO
[WARN] Unknown relation 'HAS_VISUAL_CONTACT', mapping to RELATED_TO
[WARN] Unknown relation 'MOVED_TO', mapping to RELATED_TO
[WARN] Unknown relation 'BREAKS', mapping to RELATED_TO
[WARN] Unknown relation 'ADDED_ALONG', mapping to RELATED_TO
[WARN] Unknown relation 'NOT_REQUIRED_FOR', mapping to RELATED_TO
[WARN] Unknown relation 'LOCATED_UNDER', mapping to RELATED_TO
[WARN] Unknown relation 'CAN_APPRECIATE', mapping to RELATED_TO
[WARN] Unknown relation 'IS_DESIGNATED_AS', mapping to RELATED_TO
[INFO] LLM mapped relation 'PROVIDES_EDUCATION_FOR' -> 'PROVIDES'
[WARN] Unknown relation 'REPLACES_WITH', mapping to RELATED_TO
[WARN] Unknown relation 'COVERS', mapping to RELATED_TO
[WARN] Unknown relation 'PROVIDES_VIEW_FOR', mapping to RELATED_TO
[WARN] Unknown relation 'LOCATED_ON_ONE_SIDE_OF', mapping to RELATED_TO
[WARN] Unknown relation 'LOCATED_ON_OTHER_SIDE_OF', mapping to RELATED_TO
[WARN] Unknown relation 'MOVES', mapping to RELATED_TO
[WARN] Unknown relation 'MOVES_FROM', mapping to RELATED_TO
[WARN] Unknown relation 'MOVES_TO', mapping to RELATED_TO
[WARN] Unknown relation 'BREAK', mapping to RELATED_TO
[INFO] Fuzzy matched relation 'CONTAIN' -> 'CONTAINS'
[WARN] Unknown relation 'IS_CORE_OF', mapping to RELATED_TO
[WARN] Unknown relation 'HELPS_UNDERSTAND', mapping to RELATED_TO
[WARN] Unknown relation 'IS_MAIN_CONTENT_OF', mapping to RELATED_TO
[WARN] Unknown relation 'SPENDS_TIME', mapping to RELATED_TO
[WARN] Unknown relation 'MAY_SUFFER_FROM', mapping to RELATED_TO
[WARN] Unknown relation 'BALANCES', mapping to RELATED_TO
[WARN] Unknown relation 'WON', mapping to RELATED_TO
[WARN] Unknown relation 'SURROUNDS', mapping to RELATED_TO
[WARN] Unknown relation 'EXPANDED', mapping to RELATED_TO
[WARN] Unknown relation 'ADDED', mapping to RELATED_TO
[WARN] Unknown relation 'SHOULD_BE_DESIGNED_AS', mapping to RELATED_TO
[WARN] Unknown relation 'DISPLAYS', mapping to RELATED_TO
[WARN] Unknown relation 'CREATES', mapping to RELATED_TO
[WARN] Unknown relation 'DISTRACTS', mapping to RELATED_TO
[WARN] Unknown relation 'MARKED_BY', mapping to RELATED_TO
[WARN] Unknown relation 'AIMS_TO_PREVENT', mapping to RELATED_TO
[WARN] Unknown relation 'AIMS_TO_ACHIEVE', mapping to RELATED_TO
[WARN] Unknown relation 'HISTORICALLY_RELATES_TO', mapping to RELATED_TO
[WARN] Unknown relation 'HAS_MEMBER', mapping to RELATED_TO
[WARN] Unknown relation 'WIN', mapping to RELATED_TO
[WARN] Unknown relation 'HIDES', mapping to RELATED_TO
[WARN] Unknown relation 'HAS_LAYER', mapping to RELATED_TO
[WARN] Unknown relation 'FROM', mapping to RELATED_TO
[WARN] Unknown relation 'CREATED_BY', mapping to RELATED_TO
[WARN] Unknown relation 'HAS_VIEW_OF', mapping to RELATED_TO
[WARN] Unknown relation 'IS_HIGHLIGHT_OF', mapping to RELATED_TO
[WARN] Unknown relation 'HAS_PRINCIPLE', mapping to RELATED_TO
[WARN] Unknown relation 'MADE_OF', mapping to RELATED_TO
[WARN] Unknown relation 'DOMINATED', mapping to RELATED_TO
[WARN] Unknown relation 'ROLE_INCLUDES', mapping to RELATED_TO
[WARN] Unknown relation 'SYMBOLIZES', mapping to RELATED_TO
[WARN] Unknown relation 'IS_IMPORTANT_ELEMENT_FOR', mapping to RELATED_TO
[WARN] Unknown relation 'OPERATES_WITH', mapping to RELATED_TO
[WARN] Unknown relation 'OVERLOOKS', mapping to RELATED_TO
[WARN] Unknown relation 'IS_MODERN_INTERPRETATION_OF', mapping to RELATED_TO
[WARN] Unknown relation 'AIMS_TO_ALLEVIATE', mapping to RELATED_TO
[WARN] Unknown relation 'MORE_SENSITIVE_TO', mapping to RELATED_TO
[WARN] Unknown relation 'FUNCTION', mapping to RELATED_TO
[WARN] Unknown relation 'ABBREVIATION_OF', mapping to RELATED_TO
[WARN] Unknown relation 'CAN_BE_USED_FOR', mapping to RELATED_TO
[WARN] Unknown relation 'HAS_NUMBERED_SPACES', mapping to RELATED_TO
[WARN] Unknown relation 'HAS_NUMBER', mapping to RELATED_TO
[WARN] Unknown relation 'IS_REFLECTED_IN', mapping to RELATED_TO
[WARN] Unknown relation 'NOT_USES', mapping to RELATED_TO
[WARN] Unknown relation 'IS_LOCATED_IN', mapping to RELATED_TO
[WARN] Unknown relation 'PARTICIPATED_IN', mapping to RELATED_TO
[WARN] Unknown relation 'HELPED_DEVELOP', mapping to RELATED_TO
[WARN] Unknown relation 'STIMULATES', mapping to RELATED_TO
[WARN] Unknown relation 'EXERCISES', mapping to RELATED_TO
[WARN] Unknown relation 'OPEN_TO', mapping to RELATED_TO
[WARN] Unknown relation 'DESIGN_TARGET', mapping to RELATED_TO
[WARN] Unknown relation 'CAN_MOVE_FREELY_IN', mapping to RELATED_TO
[WARN] Unknown relation 'CONNECTIVITY_IMPROVED', mapping to RELATED_TO
[WARN] Unknown relation 'CARES_FOR', mapping to RELATED_TO
[INFO] LLM mapped relation 'AIDS' -> 'RELATED_TO'
[WARN] Unknown relation 'ALLOWS_FOR', mapping to RELATED_TO
[WARN] Unknown relation 'HAS_DESIGNER', mapping to RELATED_TO
[WARN] Unknown relation 'HAS_OWNER', mapping to RELATED_TO
[WARN] Unknown relation 'HAS_CLIENT', mapping to RELATED_TO
[WARN] Unknown relation 'ORGANIZED', mapping to RELATED_TO
[WARN] Unknown relation 'INVOLVED', mapping to RELATED_TO
[WARN] Unknown relation 'AIMED_TO_CREATE', mapping to RELATED_TO
[WARN] Unknown relation 'PARTICIPATED_FROM', mapping to RELATED_TO
[WARN] Unknown relation 'LINKS', mapping to RELATED_TO
[WARN] Unknown relation 'FUNCTION_AS', mapping to RELATED_TO
[WARN] Unknown relation 'PROVIDED_FOR', mapping to RELATED_TO
[WARN] Unknown relation 'COVERED_WITH', mapping to RELATED_TO
[WARN] Unknown relation 'HAS_FLOORS', mapping to RELATED_TO
[WARN] Unknown relation 'IDENTIFIES', mapping to RELATED_TO
[WARN] Unknown relation 'ADDS_TO', mapping to RELATED_TO
[WARN] Unknown relation 'IS_ACCEPTED', mapping to RELATED_TO
[WARN] Unknown relation 'RUNS_THROUGH', mapping to RELATED_TO
[WARN] Unknown relation 'ENCLOSED_BY', mapping to RELATED_TO
[WARN] Unknown relation 'HAS_ACCESS_TO', mapping to RELATED_TO
[WARN] Unknown relation 'SHARES_FACILITIES_WITH', mapping to RELATED_TO
[WARN] Unknown relation 'EVOKES', mapping to RELATED_TO
[WARN] Unknown relation 'IS_INSPIRATION_FOR', mapping to RELATED_TO
[WARN] Unknown relation 'DIRECTLY_ACCESSES', mapping to RELATED_TO
[WARN] Unknown relation 'ESTABLISHED_TO', mapping to RELATED_TO
[WARN] Unknown relation 'TIME_PERIOD', mapping to RELATED_TO
[WARN] Unknown relation 'EVOLVED_IN', mapping to RELATED_TO
[WARN] Unknown relation 'ACCESSED_THROUGH', mapping to RELATED_TO
[WARN] Unknown relation 'MAY_NOT_ACCESS_THROUGH', mapping to RELATED_TO
[WARN] Unknown relation 'HAS_APPEARANCE', mapping to RELATED_TO
[WARN] Unknown relation 'REPLACED_BY', mapping to RELATED_TO
[WARN] Unknown relation 'SHOULD_NOT_HAVE_ABOVE', mapping to RELATED_TO
[WARN] Unknown relation 'CALCULATES', mapping to RELATED_TO
[WARN] Unknown relation 'EXPOSED_TO', mapping to RELATED_TO
[WARN] Unknown relation 'DEVELOPS_OVER', mapping to RELATED_TO
[WARN] Unknown relation 'AT_RISK_OF', mapping to RELATED_TO
[WARN] Unknown relation 'CONDUCTED', mapping to RELATED_TO
[WARN] Unknown relation 'INVESTIGATES', mapping to RELATED_TO
[WARN] Unknown relation 'ADAPTS_TO', mapping to RELATED_TO
[WARN] Unknown relation 'PREPARED_IN', mapping to RELATED_TO
[WARN] Unknown relation 'SHARES', mapping to RELATED_TO
[WARN] Unknown relation 'PREFERRED_AS', mapping to RELATED_TO
[WARN] Unknown relation 'SELECTED_AS', mapping to RELATED_TO
[WARN] Unknown relation 'EVALUATED_AS', mapping to RELATED_TO
[WARN] Unknown relation 'REPLACES_FUNCTION_OF', mapping to RELATED_TO
[WARN] Unknown relation 'IS_PREFERRED', mapping to RELATED_TO
[WARN] Unknown relation 'IS_EVALUATED_AS', mapping to RELATED_TO
[WARN] Unknown relation 'CAN_BE_PREPARED_IN', mapping to RELATED_TO
[WARN] Unknown relation 'SUGGESTS', mapping to RELATED_TO
[WARN] Unknown relation 'IS_FEATURE_OF', mapping to RELATED_TO
[INFO] LLM mapped relation 'IS_REQUIRED_IN' -> 'REQUIRED_BY'
[WARN] Unknown relation 'HAS_CONFIGURATION', mapping to RELATED_TO
[WARN] Unknown relation 'REDUCED_BY', mapping to RELATED_TO
[WARN] Unknown relation 'ENTERS_VIA', mapping to RELATED_TO
[WARN] Unknown relation 'POSITIONED_PARALLEL_TO', mapping to RELATED_TO
[WARN] Unknown relation 'EXPOSES', mapping to RELATED_TO
[WARN] Unknown relation 'INCREASES_EFFICIENCY', mapping to RELATED_TO
[INFO] LLM mapped relation 'NEAR' -> 'ADJACENT_TO'
[WARN] Unknown relation 'MUST_CONTAIN', mapping to RELATED_TO
[WARN] Unknown relation 'IS_DECIDING_FACTOR_FOR', mapping to RELATED_TO
[WARN] Unknown relation 'POSITION_DEPENDS_ON', mapping to RELATED_TO
[WARN] Unknown relation 'ORIENTED_TOWARDS', mapping to RELATED_TO
[WARN] Unknown relation 'MOVES_IN', mapping to RELATED_TO
[WARN] Unknown relation 'ENTERS_EXITS', mapping to RELATED_TO
[WARN] Unknown relation 'ENTERS_THROUGH', mapping to RELATED_TO
[WARN] Unknown relation 'POSITIONED_ON', mapping to RELATED_TO
[WARN] Unknown relation 'POSITIONED_AT', mapping to RELATED_TO
[WARN] Unknown relation 'TRANSPORTS', mapping to RELATED_TO
[WARN] Unknown relation 'POSITIONED_IN', mapping to RELATED_TO
[WARN] Unknown relation 'EXITS_THROUGH', mapping to RELATED_TO
[WARN] Unknown relation 'COINCIDES_WITH', mapping to RELATED_TO
[WARN] Unknown relation 'CROSSES', mapping to RELATED_TO
[WARN] Unknown relation 'PROVIDES_ACCESS_FOR', mapping to RELATED_TO
[WARN] Unknown relation 'OPENED_IN', mapping to RELATED_TO
[WARN] Unknown relation 'REGULATES', mapping to RELATED_TO
[WARN] Unknown relation 'CAN_TRANSPORT', mapping to RELATED_TO
[WARN] Unknown relation 'HAS_RESULT', mapping to RELATED_TO
[WARN] Unknown relation 'TRANSPORTED_VIA', mapping to RELATED_TO
[WARN] Unknown relation 'NOT_CROSS', mapping to RELATED_TO
[WARN] Unknown relation 'INCREASES_RISK_OF', mapping to RELATED_TO
[WARN] Unknown relation 'REDUCES_RISK_OF', mapping to RELATED_TO
[WARN] Unknown relation 'AVOIDS_MOVEMENT_TO', mapping to RELATED_TO
[WARN] Unknown relation 'OBSTRUCTS', mapping to RELATED_TO
[WARN] Unknown relation 'DECREASES', mapping to RELATED_TO
[WARN] Unknown relation 'CAN_BE_USED_AS', mapping to RELATED_TO
[WARN] Unknown relation 'CAN_BE_LOCATED_IN', mapping to RELATED_TO
[WARN] Unknown relation 'CAN_BE_PLACED_AT', mapping to RELATED_TO
[WARN] Unknown relation 'COLLECTS', mapping to RELATED_TO
[WARN] Unknown relation 'PRODUCED_IN', mapping to RELATED_TO
[WARN] Unknown relation 'HANDLED_BY', mapping to RELATED_TO
[WARN] Unknown relation 'LEAVES', mapping to RELATED_TO
[WARN] Unknown relation 'REENTERS', mapping to RELATED_TO
[WARN] Unknown relation 'DESIGNED_TO_MINIMIZE', mapping to RELATED_TO
[WARN] Unknown relation 'MOVES_IN_DIRECTION', mapping to RELATED_TO
[WARN] Unknown relation 'INSTALLED_ON', mapping to RELATED_TO
[WARN] Unknown relation 'INCLUDED_IN', mapping to RELATED_TO
[WARN] Unknown relation 'PURPOSE_OF', mapping to RELATED_TO
[WARN] Unknown relation 'MAY_REDUCE', mapping to RELATED_TO
[WARN] Unknown relation 'PREDECESSOR_OF', mapping to RELATED_TO
[WARN] Unknown relation 'TEMPORAL_CONTEXT', mapping to RELATED_TO
[WARN] Unknown relation 'EXISTED_IN', mapping to RELATED_TO
[WARN] Unknown relation 'HAS_TRADITION_SINCE', mapping to RELATED_TO
[WARN] Unknown relation 'BECAME_POPULAR_IN', mapping to RELATED_TO
[WARN] Unknown relation 'NEEDED_IN', mapping to RELATED_TO
[WARN] Unknown relation 'AIMS_TO_SERVE', mapping to RELATED_TO
[WARN] Unknown relation 'PLACED_ON', mapping to RELATED_TO
[WARN] Unknown relation 'TRIGGERS', mapping to RELATED_TO
[WARN] Unknown relation 'AIMS_TO_REDUCE', mapping to RELATED_TO
[WARN] Unknown relation 'HAS_BELIEF', mapping to RELATED_TO
[WARN] Unknown relation 'PLANS', mapping to RELATED_TO
[WARN] Unknown relation 'RESPONDS_TO', mapping to RELATED_TO
[WARN] Unknown relation 'CAN_EXPERIENCE', mapping to RELATED_TO
[WARN] Unknown relation 'PROVIDES_EVIDENCE', mapping to RELATED_TO
[WARN] Unknown relation 'MITIGATES', mapping to RELATED_TO
[WARN] Unknown relation 'PROVIDED_FOR', mapping to RELATED_TO
[WARN] Unknown relation 'ABOUT', mapping to RELATED_TO
[WARN] Unknown relation 'IS_STARTING_POINT_FOR', mapping to RELATED_TO
[WARN] Unknown relation 'OBSERVES', mapping to RELATED_TO
[WARN] Unknown relation 'TAKES_ACTION', mapping to RELATED_TO
[WARN] Unknown relation 'IS_KEY_TO', mapping to RELATED_TO
[WARN] Unknown relation 'EXPLAINED_BY', mapping to RELATED_TO
[WARN] Unknown relation 'HAS_CHALLENGE', mapping to RELATED_TO
[WARN] Unknown relation 'IS_IMPORTANT_FOR', mapping to RELATED_TO
[WARN] Unknown relation 'CAN_BE_REORGANIZED', mapping to RELATED_TO
[WARN] Unknown relation 'HAS_CORE_WORK', mapping to RELATED_TO
[WARN] Unknown relation 'SERVES_AS_HUB_BETWEEN', mapping to RELATED_TO
[WARN] Unknown relation 'AIMS_TO_ALLEVIATE', mapping to RELATED_TO
[WARN] Unknown relation 'BALANCES', mapping to RELATED_TO
[WARN] Unknown relation 'IMPROVED_BY', mapping to RELATED_TO
[WARN] Unknown relation 'AIMS_TO_ADDRESS', mapping to RELATED_TO
[WARN] Unknown relation 'HAS_DEPARTMENT', mapping to RELATED_TO
[WARN] Unknown relation 'EXPLAINED_AS', mapping to RELATED_TO
[WARN] Unknown relation 'IS_ELEMENT_OF', mapping to RELATED_TO
[WARN] Unknown relation 'HAS_CRITERIA', mapping to RELATED_TO
[WARN] Unknown relation 'CONTRASTS_WITH', mapping to RELATED_TO
[WARN] Unknown relation 'CONNECTED_VIA_HUB', mapping to RELATED_TO
[WARN] Unknown relation 'SERVES_AS_HUB_FOR', mapping to RELATED_TO
[WARN] Unknown relation 'COMMUNICATES_WITH', mapping to RELATED_TO
[WARN] Unknown relation 'DISPLAYS', mapping to RELATED_TO
[WARN] Unknown relation 'DISCUSSES_WITH', mapping to RELATED_TO
[WARN] Unknown relation 'USED_AS', mapping to RELATED_TO
[WARN] Unknown relation 'CONFIGURED_AS', mapping to RELATED_TO
[WARN] Unknown relation 'RESTRICTS', mapping to RELATED_TO
[WARN] Unknown relation 'ALONG', mapping to RELATED_TO
[WARN] Unknown relation 'IS_VARIANT_OF', mapping to RELATED_TO
[WARN] Unknown relation 'REMINDS_OF', mapping to RELATED_TO
[WARN] Unknown relation 'DISTRIBUTED_ON_OPPOSITE_SIDE_OF', mapping to RELATED_TO
[WARN] Unknown relation 'ILLUSTRATED_BY', mapping to RELATED_TO
[WARN] Unknown relation 'CAN_BE_ARRANGED_ALONG', mapping to RELATED_TO
[WARN] Unknown relation 'CAN_BE_PLACED_ON', mapping to RELATED_TO
[WARN] Unknown relation 'PERMANENTLY_EQUIPPED_WITH', mapping to RELATED_TO
[WARN] Unknown relation 'VISUALLY_CONNECTED_TO', mapping to RELATED_TO
[WARN] Unknown relation 'PREFER_VIEW_OF', mapping to RELATED_TO
[WARN] Unknown relation 'HELPS_CREATE', mapping to RELATED_TO
[WARN] Unknown relation 'INVITED', mapping to RELATED_TO
[WARN] Unknown relation 'PROJECTS', mapping to RELATED_TO
[WARN] Unknown relation 'ACCOMPANY', mapping to RELATED_TO
[WARN] Unknown relation 'APPEAR_WITH', mapping to RELATED_TO
[WARN] Unknown relation 'HELP_WITH', mapping to RELATED_TO
[WARN] Unknown relation 'CHANGED_FROM', mapping to RELATED_TO
[WARN] Unknown relation 'CHANGED_TO', mapping to RELATED_TO
[WARN] Unknown relation 'HAS_VIEW_TO', mapping to RELATED_TO
[INFO] Fuzzy matched relation 'CONNECTED_BY' -> 'CONNECTED_TO'
[WARN] Unknown relation 'PROVIDES_VIEW_TO', mapping to RELATED_TO
[WARN] Unknown relation 'ALONG_WITH', mapping to RELATED_TO
[INFO] Fuzzy matched relation 'PERFORMED_USING' -> 'PERFORMED_IN'
[WARN] Unknown relation 'PROVIDED_IN', mapping to RELATED_TO
[WARN] Unknown relation 'EXTENDS_TO', mapping to RELATED_TO
[WARN] Unknown relation 'CATALYZES', mapping to RELATED_TO
[WARN] Unknown relation 'REBUILT', mapping to RELATED_TO
[WARN] Unknown relation 'ORIENTED_WITH', mapping to RELATED_TO
[WARN] Unknown relation 'HAS_DECORATION', mapping to RELATED_TO
[WARN] Unknown relation 'HAS_BUILDING_AREA', mapping to RELATED_TO
[WARN] Unknown relation 'ACTED_AS', mapping to RELATED_TO
[WARN] Unknown relation 'FACILITATED', mapping to RELATED_TO
[WARN] Unknown relation 'SUSCEPTIBLE_TO', mapping to RELATED_TO
[WARN] Unknown relation 'COVERS_AREA_FROM', mapping to RELATED_TO
[WARN] Unknown relation 'COVERS_AREA_TO', mapping to RELATED_TO
[INFO] LLM mapped relation 'FEATURES' -> 'RELATED_TO'
[WARN] Unknown relation 'WORKS_WITH', mapping to RELATED_TO
[WARN] Unknown relation 'VISUALLY_ECHOES', mapping to RELATED_TO
[WARN] Unknown relation 'FORMERLY_KNOWN_AS', mapping to RELATED_TO
[WARN] Unknown relation 'COMPENSATES_FOR', mapping to RELATED_TO
[WARN] Unknown relation 'CONTRIBUTES', mapping to RELATED_TO
[WARN] Unknown relation 'HAS_EXPERTISE_IN', mapping to RELATED_TO
[WARN] Unknown relation 'INVITES', mapping to RELATED_TO
[WARN] Unknown relation 'HAS_THEME', mapping to RELATED_TO
[WARN] Unknown relation 'MADE_FROM', mapping to RELATED_TO
[WARN] Unknown relation 'PLANTED_FOR', mapping to RELATED_TO
[WARN] Unknown relation 'CELEBRATES', mapping to RELATED_TO
[WARN] Unknown relation 'HAS_HEIGHT', mapping to RELATED_TO
[WARN] Unknown relation 'HAS_STYLE', mapping to RELATED_TO
[WARN] Unknown relation 'HAS_SHAPE', mapping to RELATED_TO
[WARN] Unknown relation 'STAYS_LONG', mapping to RELATED_TO
[WARN] Unknown relation 'DECORATED_WITH', mapping to RELATED_TO
[WARN] Unknown relation 'HAS_LOCATION', mapping to RELATED_TO
[WARN] Unknown relation 'AIMS_FOR', mapping to RELATED_TO
[WARN] Unknown relation 'DEVELOPED_INTO', mapping to RELATED_TO
[WARN] Unknown relation 'EXTENDS', mapping to RELATED_TO
[WARN] Unknown relation 'EVOLVED_INTO', mapping to RELATED_TO
[WARN] Unknown relation 'CAN_ACCESS', mapping to RELATED_TO
[WARN] Unknown relation 'HAS_EASY_ACCESS_TO', mapping to RELATED_TO
[WARN] Unknown relation 'IS_SAME_AS', mapping to RELATED_TO
[WARN] Unknown relation 'IS_REFERRED_AS', mapping to RELATED_TO
[WARN] Unknown relation 'HAS_DESIGN_FEATURE', mapping to RELATED_TO
[WARN] Unknown relation 'HAS_LAYERS', mapping to RELATED_TO
[WARN] Unknown relation 'HAS_ORIENTATION', mapping to RELATED_TO
[WARN] Unknown relation 'USES_LAYOUT', mapping to RELATED_TO
[WARN] Unknown relation 'CAN_LAND_ON', mapping to RELATED_TO
[WARN] Unknown relation 'KNOWN_AS', mapping to RELATED_TO
[WARN] Unknown relation 'EQUIVALENT_TO', mapping to RELATED_TO
[WARN] Unknown relation 'TRANSPORTED_BY', mapping to RELATED_TO
[WARN] Unknown relation 'INTRODUCES', mapping to RELATED_TO
[WARN] Unknown relation 'DOMINATES', mapping to RELATED_TO
[WARN] Unknown relation 'AWARDED', mapping to RELATED_TO
[WARN] Unknown relation 'AWARDED_IN', mapping to RELATED_TO
[WARN] Unknown relation 'DECIDED', mapping to RELATED_TO
[WARN] Unknown relation 'ARRANGED_AROUND', mapping to RELATED_TO
[WARN] Unknown relation 'DISTRIBUTED_IN', mapping to RELATED_TO
[WARN] Unknown relation 'WITH', mapping to RELATED_TO
[WARN] Unknown relation 'FUNCTIONS_AS', mapping to RELATED_TO
[WARN] Unknown relation 'PRIMARILY_FOR', mapping to RELATED_TO
[WARN] Unknown relation 'BETWEEN', mapping to RELATED_TO
[INFO] LLM mapped relation 'COMPRISES' -> 'CONTAINS'
[INFO] LLM mapped relation 'EMPLOYS' -> 'USES'
[WARN] Unknown relation 'EXTENDS_FROM', mapping to RELATED_TO
[INFO] LLM mapped relation 'TYPES_INCLUDE' -> 'IS_TYPE_OF'
[WARN] Unknown relation 'ALSO_CALLED', mapping to RELATED_TO
[WARN] Unknown relation 'CAN_ENJOY', mapping to RELATED_TO
[WARN] Unknown relation 'CAN_VIEW', mapping to RELATED_TO
[WARN] Unknown relation 'SERVES_AS', mapping to RELATED_TO
[WARN] Unknown relation 'DESPITE', mapping to RELATED_TO
[WARN] Unknown relation 'COLOR_IS', mapping to RELATED_TO
[WARN] Unknown relation 'MATERIAL', mapping to RELATED_TO
[WARN] Unknown relation 'HAS_DESIGN_TARGET', mapping to RELATED_TO
[WARN] Unknown relation 'HAS_DESIGN_TYPE', mapping to RELATED_TO
[WARN] Unknown relation 'WIDELY_USED_IN', mapping to RELATED_TO
[WARN] Unknown relation 'HAS_SEPARATE_ROUTE_FROM', mapping to RELATED_TO
[WARN] Unknown relation 'HAS_INDICATOR', mapping to RELATED_TO
[WARN] Unknown relation 'EXTENDS_ALONG', mapping to RELATED_TO
[WARN] Unknown relation 'PERPENDICULAR_TO', mapping to RELATED_TO
[WARN] Unknown relation 'CREATES_BALANCE_FOR', mapping to RELATED_TO
[WARN] Unknown relation 'DESTROYED_IN', mapping to RELATED_TO
[WARN] Unknown relation 'UPGRADED_TO', mapping to RELATED_TO
[WARN] Unknown relation 'MERGED_WITH', mapping to RELATED_TO
[WARN] Unknown relation 'FORMED_FROM', mapping to RELATED_TO
[WARN] Unknown relation 'EXPANDED_IN', mapping to RELATED_TO
[WARN] Unknown relation 'HAS_STRUCTURE', mapping to RELATED_TO
[WARN] Unknown relation 'WAS_HIGHEST_IN', mapping to RELATED_TO
[WARN] Unknown relation 'EXPANDED_BY', mapping to RELATED_TO
[WARN] Unknown relation 'APPEARS_AS', mapping to RELATED_TO
[WARN] Unknown relation 'GENERATES_REVENUE_FOR', mapping to RELATED_TO
[INFO] Fuzzy matched relation 'PERFORMED' -> 'PERFORMED_IN'
[WARN] Unknown relation 'TRANSPORTED_FROM', mapping to RELATED_TO
[WARN] Unknown relation 'HAS_DURATION', mapping to RELATED_TO
[WARN] Unknown relation 'CREATED_IN', mapping to RELATED_TO
[WARN] Unknown relation 'TRANSPORTED_ACROSS', mapping to RELATED_TO
[WARN] Unknown relation 'CREATED_BY_COLLABORATION_BETWEEN', mapping to RELATED_TO
[WARN] Unknown relation 'DESIGNED_TO', mapping to RELATED_TO
[WARN] Unknown relation 'BECAME', mapping to RELATED_TO
[INFO] Fuzzy matched relation 'CONTINUES' -> 'CONTAINS'
[WARN] Unknown relation 'VISIBLE_THROUGH', mapping to RELATED_TO
[WARN] Unknown relation 'HAS_EXPERIENCE', mapping to RELATED_TO
[WARN] Unknown relation 'IS_EXPERIENCE_OF', mapping to RELATED_TO
[WARN] Unknown relation 'ADDS', mapping to RELATED_TO
[WARN] Unknown relation 'WRAPS', mapping to RELATED_TO
[WARN] Unknown relation 'RADIATES_FROM', mapping to RELATED_TO
[WARN] Unknown relation 'CANNOT_SATISFY', mapping to RELATED_TO
[WARN] Unknown relation 'LOCATED_IN_FRONT_OF', mapping to RELATED_TO
[WARN] Unknown relation 'LOOKS', mapping to RELATED_TO
[WARN] Unknown relation 'HAS_OBSTACLE', mapping to RELATED_TO
[WARN] Unknown relation 'MOTIVATED_BY', mapping to RELATED_TO
[WARN] Unknown relation 'OVERCOMES', mapping to RELATED_TO
[WARN] Unknown relation 'RECEIVES_LIGHT_FROM', mapping to RELATED_TO
[WARN] Unknown relation 'USED_ON', mapping to RELATED_TO
[WARN] Unknown relation 'COORDINATES_WITH', mapping to RELATED_TO
[WARN] Unknown relation 'ESTABLISHES', mapping to RELATED_TO
[WARN] Unknown relation 'HAS_CONCEPT', mapping to RELATED_TO
[WARN] Unknown relation 'CREATED_BY_COLLABORATION', mapping to RELATED_TO
[WARN] Unknown relation 'CAN_LEAD_TO', mapping to RELATED_TO
[WARN] Unknown relation 'HAS_DESIGN_PRINCIPLE', mapping to RELATED_TO
[WARN] Unknown relation 'PERMANENTLY_EQUIPPED_IN', mapping to RELATED_TO
[WARN] Unknown relation 'OPTIONALLY_EQUIPPED_IN', mapping to RELATED_TO
[WARN] Unknown relation 'OPTIONAL_FOR', mapping to RELATED_TO
[WARN] Unknown relation 'OPTIONAL', mapping to RELATED_TO
[WARN] Unknown relation 'COLOR', mapping to RELATED_TO
[WARN] Unknown relation 'SIZE', mapping to RELATED_TO
[WARN] Unknown relation 'QUANTITY', mapping to RELATED_TO
[WARN] Unknown relation 'INSTALLATION_TYPE', mapping to RELATED_TO
[WARN] Unknown relation 'PLACEMENT_DEPENDS_ON', mapping to RELATED_TO
[WARN] Unknown relation 'PURPOSE', mapping to RELATED_TO
[INFO] LLM mapped relation 'COMPRISES' -> 'CONTAINS'
[WARN] Unknown relation 'EXCEPTION', mapping to RELATED_TO
[WARN] Unknown relation 'CLASSIFIES_INTO', mapping to RELATED_TO
[WARN] Unknown relation 'PRESENT_IN', mapping to RELATED_TO
[WARN] Unknown relation 'HAS_CAPABILITY', mapping to RELATED_TO
[WARN] Unknown relation 'TRANSPORTS_TO', mapping to RELATED_TO
[WARN] Unknown relation 'EXECUTED_BY', mapping to RELATED_TO
[WARN] Unknown relation 'DEVELOPED_RECENTLY', mapping to RELATED_TO
[WARN] Unknown relation 'ARRIVE_AT', mapping to RELATED_TO
[WARN] Unknown relation 'PREDICTED_BY', mapping to RELATED_TO
[WARN] Unknown relation 'AIMS_FOR', mapping to RELATED_TO
[WARN] Unknown relation 'INFORMS', mapping to RELATED_TO
[WARN] Unknown relation 'TRANSFORMS_TO', mapping to RELATED_TO
[WARN] Unknown relation 'TRANSFORMS_FROM', mapping to RELATED_TO
[WARN] Unknown relation 'HAS_STEP', mapping to RELATED_TO
[WARN] Unknown relation 'FOLLOWED_BY', mapping to RELATED_TO
[WARN] Unknown relation 'PUBLISHES', mapping to RELATED_TO
[WARN] Unknown relation 'EDITES', mapping to RELATED_TO
[WARN] Unknown relation 'EDITOR_OF', mapping to RELATED_TO
[WARN] Unknown relation 'CO_AUTHOR_OF', mapping to RELATED_TO
[WARN] Unknown relation 'CO_EDITOR_OF', mapping to RELATED_TO
[WARN] Unknown relation 'EDITED_BY', mapping to RELATED_TO
[WARN] Unknown relation 'IS_LOCATION_OF', mapping to RELATED_TO
[WARN] Unknown relation 'HAS_SUBTITLE', mapping to RELATED_TO
[INFO] LLM mapped relation 'CONTAINED_IN' -> 'CONTAINS'
[WARN] Unknown relation 'IS_EDITOR_OF', mapping to RELATED_TO
[WARN] Unknown relation 'IS_CHAPTER_OF', mapping to RELATED_TO
[WARN] Unknown relation 'HAS_EDITION', mapping to RELATED_TO
[WARN] Unknown relation 'PUBLISHED_IN_YEAR', mapping to RELATED_TO
[WARN] Unknown relation 'PUBLISHED_ON', mapping to RELATED_TO
[WARN] Unknown relation 'PUBLISHED_IN_MONTH', mapping to RELATED_TO
[WARN] Unknown relation 'PUBLISHED_ON_DATE', mapping to RELATED_TO
[WARN] Unknown relation 'HAS_PAGE', mapping to RELATED_TO
[WARN] Unknown relation 'DEFINED_IN', mapping to RELATED_TO
[WARN] Unknown relation 'FOR_PURPOSE_OF', mapping to RELATED_TO
[WARN] Unknown relation 'HAS_EDITOR', mapping to RELATED_TO
[WARN] Unknown relation 'PUBLISHED', mapping to RELATED_TO
[WARN] Unknown relation 'HAS_PAGE_RANGE', mapping to RELATED_TO
[WARN] Unknown relation 'HAS_VOLUME', mapping to RELATED_TO
[INFO] LLM mapped relation 'CO_AUTHORED' -> 'RELATED_TO'
[WARN] Unknown relation 'CO_AUTHOR', mapping to RELATED_TO
[WARN] Unknown relation 'SUBMITTED_TO', mapping to RELATED_TO
[WARN] Unknown relation 'FUNDED_BY', mapping to RELATED_TO
[WARN] Unknown relation 'PUBLISHED_IN_VOLUME', mapping to RELATED_TO
[WARN] Unknown relation 'PUBLISHED_IN_ISSUE', mapping to RELATED_TO
[WARN] Unknown relation 'PUBLISHED_IN_PAGES', mapping to RELATED_TO
[WARN] Unknown relation 'PUBLISHED_IN_PAGE', mapping to RELATED_TO
[WARN] Unknown relation 'EDITED', mapping to RELATED_TO
[WARN] Unknown relation 'REPRINTED_IN', mapping to RELATED_TO
[WARN] Unknown relation 'EDITS', mapping to RELATED_TO
[WARN] Unknown relation 'WRITES_IN', mapping to RELATED_TO
[INFO] LLM mapped relation 'CITED_IN' -> 'REFERENCES'
[INFO] LLM mapped relation 'CITES' -> 'REFERENCES'
[WARN] Unknown relation 'CITED_BY', mapping to RELATED_TO
[INFO] LLM mapped relation 'CO_AUTHOR_WITH' -> 'RELATED_TO'
[WARN] Unknown relation 'IS_PUBLICATION_YEAR_OF', mapping to RELATED_TO
[INFO] Fuzzy matched relation 'IS_PAGE_OF' -> 'IS_TYPE_OF'
[INFO] LLM mapped relation 'CO_AUTHORS' -> 'RELATED_TO'
[WARN] Unknown relation 'LOCATED_ON_PAGE', mapping to RELATED_TO
[WARN] Unknown relation 'HAS_URL', mapping to RELATED_TO
[WARN] Unknown relation 'OCCURRED_ON', mapping to RELATED_TO
[INFO] LLM mapped relation 'HAS_CO_AUTHORS' -> 'RELATED_TO'
[WARN] Unknown relation 'HAS_COLLABORATORS', mapping to RELATED_TO
[INFO] LLM mapped relation 'WORKS_AT' -> 'BELONGS_TO'
[WARN] Unknown relation 'LEADS', mapping to RELATED_TO
[WARN] Unknown relation 'RECEIVES_PATIENTS_FROM', mapping to RELATED_TO
[WARN] Unknown relation 'PREFERRED_OVER', mapping to RELATED_TO
[INFO] LLM mapped relation 'FUNDS' -> 'SUPPORTS'
[WARN] Unknown relation 'EXPECTS', mapping to RELATED_TO
[WARN] Unknown relation 'RECEIVES_TREATMENT_IN', mapping to RELATED_TO
[WARN] Unknown relation 'EMPLOYED_BY', mapping to RELATED_TO
[WARN] Unknown relation 'SPENT', mapping to RELATED_TO
[WARN] Unknown relation 'FOR_PURPOSE', mapping to RELATED_TO
[WARN] Unknown relation 'HAS_TITLE', mapping to RELATED_TO
[INFO] Fuzzy matched relation 'WAS_TYPE_OF' -> 'IS_TYPE_OF'
[WARN] Unknown relation 'MEETS_STANDARD_OF', mapping to RELATED_TO
[WARN] Unknown relation 'FUNCTIONS_DURING', mapping to RELATED_TO
[WARN] Unknown relation 'MINIMIZED_FOR', mapping to RELATED_TO
[WARN] Unknown relation 'APPLIED_ON', mapping to RELATED_TO
[WARN] Unknown relation 'STACKED_WITH', mapping to RELATED_TO
[WARN] Unknown relation 'STARTED_IN', mapping to RELATED_TO
[WARN] Unknown relation 'REDESIGNED_TO', mapping to RELATED_TO
[WARN] Unknown relation 'ADDRESSED_BY', mapping to RELATED_TO
[WARN] Unknown relation 'ADDED_TO', mapping to RELATED_TO
[WARN] Unknown relation 'CREATED_BY', mapping to RELATED_TO
[WARN] Unknown relation 'HAS_OPERATOR', mapping to RELATED_TO
[WARN] Unknown relation 'HAS_OWNER', mapping to RELATED_TO
[WARN] Unknown relation 'HAS_BED_COUNT', mapping to RELATED_TO
[WARN] Unknown relation 'REJECTED_BY', mapping to RELATED_TO
[WARN] Unknown relation 'IS_MILESTONE_IN', mapping to RELATED_TO
[WARN] Unknown relation 'DECIDES_TO_HIRE', mapping to RELATED_TO
[WARN] Unknown relation 'HAS_ROLE_IN', mapping to RELATED_TO
[WARN] Unknown relation 'REJECTED', mapping to RELATED_TO
[WARN] Unknown relation 'CONSIDERED_BEFORE', mapping to RELATED_TO
[WARN] Unknown relation 'HAS_DESIGNER', mapping to RELATED_TO
[WARN] Unknown relation 'HAS_REJECTOR', mapping to RELATED_TO
[WARN] Unknown relation 'HAS_COMPLETION_TIME', mapping to RELATED_TO
[WARN] Unknown relation 'HAS_BUILDING_AREA', mapping to RELATED_TO
[WARN] Unknown relation 'IMITATES', mapping to RELATED_TO
[INFO] LLM mapped relation 'PROVIDES_LIGHT_FOR' -> 'PROVIDES'
[WARN] Unknown relation 'HAS_SCALE_BASED_ON', mapping to RELATED_TO
[WARN] Unknown relation 'REFERRED_AS', mapping to RELATED_TO
[WARN] Unknown relation 'PROVIDES_ACCESS_TO', mapping to RELATED_TO
[WARN] Unknown relation 'BREAKS', mapping to RELATED_TO
[WARN] Unknown relation 'REDISTRIBUTES', mapping to RELATED_TO
[WARN] Unknown relation 'CHOOSES', mapping to RELATED_TO
[WARN] Unknown relation 'MOVES', mapping to RELATED_TO
[WARN] Unknown relation 'ACCESSIBLE_WITHOUT', mapping to RELATED_TO
[WARN] Unknown relation 'OPEN_TO', mapping to RELATED_TO
[WARN] Unknown relation 'CARRIES', mapping to RELATED_TO
[WARN] Unknown relation 'MAY_SUFFER', mapping to RELATED_TO
[WARN] Unknown relation 'SPENDS_TIME', mapping to RELATED_TO
[WARN] Unknown relation 'MEASURES', mapping to RELATED_TO
[WARN] Unknown relation 'DEVELOPED_BY', mapping to RELATED_TO
[WARN] Unknown relation 'SPREAD_TO', mapping to RELATED_TO
[WARN] Unknown relation 'FORMED_BY', mapping to RELATED_TO
[WARN] Unknown relation 'ADDED_ALONG', mapping to RELATED_TO
[WARN] Unknown relation 'REPLACES_WITH', mapping to RELATED_TO
[WARN] Unknown relation 'LOCATED_UNDER', mapping to RELATED_TO
[WARN] Unknown relation 'HAS_PHASE', mapping to RELATED_TO
[WARN] Unknown relation 'WON', mapping to RELATED_TO
[WARN] Unknown relation 'HAS_PATIENT_TYPE', mapping to RELATED_TO
[WARN] Unknown relation 'HAS_ACCOMPANIMENT', mapping to RELATED_TO
[WARN] Unknown relation 'HAS_OCCUPANCY_TYPE', mapping to RELATED_TO
[WARN] Unknown relation 'HAS_COLLABORATION_TYPE', mapping to RELATED_TO
[WARN] Unknown relation 'HAS_PREVALENCE', mapping to RELATED_TO
[WARN] Unknown relation 'HAS_VARIETY', mapping to RELATED_TO
[WARN] Unknown relation 'HAS_ARCHITECTURAL_STYLE', mapping to RELATED_TO
[WARN] Unknown relation 'HAS_LOCATION_TYPE', mapping to RELATED_TO
[WARN] Unknown relation 'HAS_COLLABORATION_SCALE', mapping to RELATED_TO
[WARN] Unknown relation 'HAS_FACILITY_TYPE', mapping to RELATED_TO
[WARN] Unknown relation 'HAS_ALTERNATIVE_NAME', mapping to RELATED_TO
[WARN] Unknown relation 'LOCATED_AT_INTERSECTION', mapping to RELATED_TO
[WARN] Unknown relation 'SERVES_PATIENT_TYPE', mapping to RELATED_TO
[WARN] Unknown relation 'HAS_BUILDING_STATUS', mapping to RELATED_TO
[WARN] Unknown relation 'HAS_CONSTRUCTION_YEAR', mapping to RELATED_TO
[WARN] Unknown relation 'HAS_MATERIAL', mapping to RELATED_TO
[WARN] Unknown relation 'HAS_TRUST', mapping to RELATED_TO
[WARN] Unknown relation 'HAS_DESIGN_CONSTRAINT', mapping to RELATED_TO
[WARN] Unknown relation 'CONSOLIDATES', mapping to RELATED_TO
[WARN] Unknown relation 'CONSOLIDATES_IN', mapping to RELATED_TO
[WARN] Unknown relation 'CENTRALIZES_IN', mapping to RELATED_TO
[WARN] Unknown relation 'WAS_PREVIOUSLY_IN', mapping to RELATED_TO
[WARN] Unknown relation 'IS_NOW_IN', mapping to RELATED_TO
[WARN] Unknown relation 'CONSOLIDATED_IN', mapping to RELATED_TO
[INFO] Fuzzy matched relation 'PROVIDED' -> 'PROVIDES'
[WARN] Unknown relation 'AIMS_TO_PROMOTE', mapping to RELATED_TO
[WARN] Unknown relation 'AIMS_TO_CONSOLIDATE', mapping to RELATED_TO
[WARN] Unknown relation 'IMPOSES_CONSTRAINT_ON', mapping to RELATED_TO
[WARN] Unknown relation 'RESULTED_FROM', mapping to RELATED_TO
[WARN] Unknown relation 'PROVIDES_VIEW', mapping to RELATED_TO
[WARN] Unknown relation 'COMMISSIONED', mapping to RELATED_TO
[WARN] Unknown relation 'FUNDED', mapping to RELATED_TO
[WARN] Unknown relation 'CONSTRAINED_BY', mapping to RELATED_TO
[WARN] Unknown relation 'RESULTED_IN', mapping to RELATED_TO
[WARN] Unknown relation 'AIMED_TO_PROMOTE', mapping to RELATED_TO
[WARN] Unknown relation 'AIMED_TO_CONSOLIDATE', mapping to RELATED_TO
[WARN] Unknown relation 'BELIEVES', mapping to RELATED_TO
[WARN] Unknown relation 'EASILY_INTEGRATES_INTO', mapping to RELATED_TO
[WARN] Unknown relation 'IS_REPRESENTED_BY', mapping to RELATED_TO
[WARN] Unknown relation 'SHOULD_HAVE', mapping to RELATED_TO
[WARN] Unknown relation 'DIRECTED_TO', mapping to RELATED_TO
[WARN] Unknown relation 'CONDUCTS', mapping to RELATED_TO
[WARN] Unknown relation 'HAS_FORM', mapping to RELATED_TO
[WARN] Unknown relation 'RECORDS', mapping to RELATED_TO
[WARN] Unknown relation 'MAY_NOT_PAY', mapping to RELATED_TO
[WARN] Unknown relation 'HAS_SEPARATE_ROUTE', mapping to RELATED_TO
[WARN] Unknown relation 'CALLED_FOR_BY', mapping to RELATED_TO
[WARN] Unknown relation 'EVALUATES', mapping to RELATED_TO
[WARN] Unknown relation 'IS_BASIS_FOR', mapping to RELATED_TO
[WARN] Unknown relation 'HAS_POPULATION', mapping to RELATED_TO
[WARN] Unknown relation 'LOCATED_AROUND', mapping to RELATED_TO
[WARN] Unknown relation 'HAS_WASTEWATER_TREATMENT', mapping to RELATED_TO
[WARN] Unknown relation 'PROVIDES_VISIBILITY_TO', mapping to RELATED_TO
[WARN] Unknown relation 'ORIENTED_TO', mapping to RELATED_TO
[WARN] Unknown relation 'IS_ADVOCATE_FOR', mapping to RELATED_TO
[WARN] Unknown relation 'JOINS', mapping to RELATED_TO
[WARN] Unknown relation 'HAS_EFFECT', mapping to RELATED_TO
[WARN] Unknown relation 'OBSERVABLE_FROM', mapping to RELATED_TO
[INFO] LLM mapped relation 'IS_REQUIREMENT_FOR' -> 'REQUIRED_BY'
[INFO] LLM mapped relation 'MEETS_REQUIREMENT' -> 'REQUIRES'
[WARN] Unknown relation 'ULTIMATELY_EMPOWERS', mapping to RELATED_TO
[WARN] Unknown relation 'HAS_PROCESS', mapping to RELATED_TO
[WARN] Unknown relation 'NEEDS_TO_IMPROVE', mapping to RELATED_TO
[INFO] Fuzzy matched relation 'PROVIDES_FOR' -> 'PROVIDES'
[WARN] Unknown relation 'REQUIRES_MEASUREMENT', mapping to RELATED_TO
[WARN] Unknown relation 'HAS_AGE_RESTRICTION', mapping to RELATED_TO
[WARN] Unknown relation 'PROTECTS_FROM', mapping to RELATED_TO
[WARN] Unknown relation 'CHANGES_TO', mapping to RELATED_TO
[WARN] Unknown relation 'EXHIBITED_IN', mapping to RELATED_TO
[WARN] Unknown relation 'CHANGES_COLOR_TO', mapping to RELATED_TO
[WARN] Unknown relation 'CAN_FUSE', mapping to RELATED_TO
[WARN] Unknown relation 'ALTERNATES_WITH', mapping to RELATED_TO
[WARN] Unknown relation 'PRODUCED', mapping to RELATED_TO
[WARN] Unknown relation 'HAS_ROLE', mapping to RELATED_TO
[WARN] Unknown relation 'SAVES', mapping to RELATED_TO
[WARN] Unknown relation 'FILLS_WITH', mapping to RELATED_TO
[WARN] Unknown relation 'EXPANDS_TO', mapping to RELATED_TO
[WARN] Unknown relation 'TAKES', mapping to RELATED_TO
[WARN] Unknown relation 'BUILT_BY', mapping to RELATED_TO
[WARN] Unknown relation 'REPRESENTS_TREND', mapping to RELATED_TO
[WARN] Unknown relation 'ORGANIZES_AROUND', mapping to RELATED_TO
[WARN] Unknown relation 'HAS_NO', mapping to RELATED_TO
[WARN] Unknown relation 'TRANSFERS_TO', mapping to RELATED_TO
[WARN] Unknown relation 'ACHIEVED', mapping to RELATED_TO
[WARN] Unknown relation 'CLEARED', mapping to RELATED_TO
[WARN] Unknown relation 'CAN_BE_MERGED_WITH', mapping to RELATED_TO
[WARN] Unknown relation 'ARRANGED_IN', mapping to RELATED_TO
[WARN] Unknown relation 'REPEATS', mapping to RELATED_TO
[WARN] Unknown relation 'EXTENDS_IN', mapping to RELATED_TO
[WARN] Unknown relation 'REPRODUCES', mapping to RELATED_TO
[WARN] Unknown relation 'AT', mapping to RELATED_TO
[WARN] Unknown relation 'NAMED_AFTER', mapping to RELATED_TO
[WARN] Unknown relation 'DIAGNOSED_WITH', mapping to RELATED_TO
[WARN] Unknown relation 'INSPIRED', mapping to RELATED_TO
[WARN] Unknown relation 'CAN_INCLUDE', mapping to RELATED_TO
[WARN] Unknown relation 'PASSED_AWAY_IN', mapping to RELATED_TO
[WARN] Unknown relation 'IS_HUSBAND_OF', mapping to RELATED_TO
[WARN] Unknown relation 'DIED_IN', mapping to RELATED_TO
[WARN] Unknown relation 'BELIEVED_IN', mapping to RELATED_TO
[WARN] Unknown relation 'DIED_OF', mapping to RELATED_TO
[WARN] Unknown relation 'IS_SPOUSE_OF', mapping to RELATED_TO
[WARN] Unknown relation 'FIRST_OPENED_IN', mapping to RELATED_TO
[WARN] Unknown relation 'IS_CENTER_OF', mapping to RELATED_TO
[WARN] Unknown relation 'SUITABLE_FOR', mapping to RELATED_TO
[WARN] Unknown relation 'ABSORBS', mapping to RELATED_TO
[WARN] Unknown relation 'EMBODIES', mapping to RELATED_TO
[WARN] Unknown relation 'VALUES', mapping to RELATED_TO
[WARN] Unknown relation 'EXPRESSES', mapping to RELATED_TO
[WARN] Unknown relation 'HAS_DESIGN_STYLE', mapping to RELATED_TO
[WARN] Unknown relation 'HAS_PARTNER', mapping to RELATED_TO
[WARN] Unknown relation 'IS_FRIEND_OF', mapping to RELATED_TO
[WARN] Unknown relation 'IS_FOUNDER_OF', mapping to RELATED_TO
[WARN] Unknown relation 'HAS_BRANCH', mapping to RELATED_TO
[WARN] Unknown relation 'HAS_MISSION', mapping to RELATED_TO
[WARN] Unknown relation 'IS_DESIGN_GOAL_OF', mapping to RELATED_TO
[WARN] Unknown relation 'RECEIVED_TASK', mapping to RELATED_TO
[INFO] LLM mapped relation 'IS_STUDENT_OF' -> 'BELONGS_TO'
[WARN] Unknown relation 'SEEKS_BALANCE_BETWEEN', mapping to RELATED_TO
[WARN] Unknown relation 'CLOSES', mapping to RELATED_TO
[WARN] Unknown relation 'ENJOYS', mapping to RELATED_TO
[WARN] Unknown relation 'NOT_FOCUS_ON', mapping to RELATED_TO
[WARN] Unknown relation 'CONVEYS', mapping to RELATED_TO
[WARN] Unknown relation 'SPREAD_BY', mapping to RELATED_TO
[WARN] Unknown relation 'EXPERIENCED', mapping to RELATED_TO
[WARN] Unknown relation 'LED_TO', mapping to RELATED_TO
[WARN] Unknown relation 'BASED_IN', mapping to RELATED_TO
[INFO] LLM mapped relation 'IS_A' -> 'IS_TYPE_OF'
[WARN] Unknown relation 'AIMS_AT', mapping to RELATED_TO
[WARN] Unknown relation 'ASSISTED_WITH', mapping to RELATED_TO
[WARN] Unknown relation 'ARRANGED_AS', mapping to RELATED_TO
[WARN] Unknown relation 'ADDED', mapping to RELATED_TO
[WARN] Unknown relation 'DISTRACTS', mapping to RELATED_TO
[WARN] Unknown relation 'DECORATES', mapping to RELATED_TO
[WARN] Unknown relation 'ORGANIZED_BY', mapping to RELATED_TO
[INFO] LLM mapped relation 'SUPPLEMENTS' -> 'SUPPORTS'
[WARN] Unknown relation 'PLACED_AT', mapping to RELATED_TO
[WARN] Unknown relation 'DECORATED_BY', mapping to RELATED_TO
[WARN] Unknown relation 'MARKS', mapping to RELATED_TO
[WARN] Unknown relation 'HAS_MEMBER', mapping to RELATED_TO
[WARN] Unknown relation 'WIN', mapping to RELATED_TO
[WARN] Unknown relation 'DISTRIBUTED_IN', mapping to RELATED_TO
[WARN] Unknown relation 'CURRENTLY_IN', mapping to RELATED_TO
[WARN] Unknown relation 'WILL_INTEGRATE', mapping to RELATED_TO
[WARN] Unknown relation 'HAS_NUMBER_OF_FLOORS', mapping to RELATED_TO
[WARN] Unknown relation 'USED_ON', mapping to RELATED_TO
[WARN] Unknown relation 'HAS_TRAIT', mapping to RELATED_TO
[WARN] Unknown relation 'HAS_ELEMENT', mapping to RELATED_TO
[WARN] Unknown relation 'CAN_CONNECT_TO', mapping to RELATED_TO
[WARN] Unknown relation 'HIDES', mapping to RELATED_TO
[WARN] Unknown relation 'MIMICS', mapping to RELATED_TO
[WARN] Unknown relation 'SHARES_FACILITIES_WITH', mapping to RELATED_TO
[WARN] Unknown relation 'ORGANIZED_IN', mapping to RELATED_TO
[WARN] Unknown relation 'WELCOMES', mapping to RELATED_TO
[WARN] Unknown relation 'HIGHLIGHTS', mapping to RELATED_TO
[WARN] Unknown relation 'SOLVES', mapping to RELATED_TO
[INFO] Fuzzy matched relation 'CONNECTED_BY' -> 'CONNECTED_TO'
[WARN] Unknown relation 'HAS_LEAKAGE_CURRENT', mapping to RELATED_TO
[WARN] Unknown relation 'HAS_FAULT_CURRENT', mapping to RELATED_TO
[INFO] LLM mapped relation 'FEATURES' -> 'RELATED_TO'
[WARN] Unknown relation 'HAS_GOAL', mapping to RELATED_TO
[WARN] Unknown relation 'HAS_VIEW_OF', mapping to RELATED_TO
[WARN] Unknown relation 'IS_HIGHLIGHT_OF', mapping to RELATED_TO
[WARN] Unknown relation 'HAS_PRINCIPLE', mapping to RELATED_TO
[WARN] Unknown relation 'MADE_OF', mapping to RELATED_TO
[WARN] Unknown relation 'ENABLES_TRANSITION_TO', mapping to RELATED_TO
[WARN] Unknown relation 'ENABLES_VIEW_OF', mapping to RELATED_TO
[WARN] Unknown relation 'HAS_CHAPTER', mapping to RELATED_TO
[WARN] Unknown relation 'PREFERRED_IN', mapping to RELATED_TO
[WARN] Unknown relation 'FUNCTIONS_AS', mapping to RELATED_TO
[WARN] Unknown relation 'HAS_BRANCH', mapping to RELATED_TO
[WARN] Unknown relation 'IS_FIRST_ATTEMPT', mapping to RELATED_TO
[WARN] Unknown relation 'CAN_EXPAND_TO', mapping to RELATED_TO
[WARN] Unknown relation 'IS_IMPORTANT_ELEMENT_OF', mapping to RELATED_TO
[WARN] Unknown relation 'IS_PART_OF_NETWORK', mapping to RELATED_TO
[WARN] Unknown relation 'IS_FIRST_ATTEMPT_OUTSIDE', mapping to RELATED_TO
[WARN] Unknown relation 'MORE_SENSITIVE_TO', mapping to RELATED_TO
[WARN] Unknown relation 'TREND_INCLUDES', mapping to RELATED_TO
[WARN] Unknown relation 'COVERS_AREA', mapping to RELATED_TO
[WARN] Unknown relation 'HAS_MATERIAL', mapping to RELATED_TO
[WARN] Unknown relation 'HAS_NAME', mapping to RELATED_TO
[WARN] Unknown relation 'DRAINS_TO', mapping to RELATED_TO
[WARN] Unknown relation 'ADOPTS', mapping to RELATED_TO
[WARN] Unknown relation 'HELPED_DEVELOP', mapping to RELATED_TO
[WARN] Unknown relation 'ORGANIZED', mapping to RELATED_TO
[WARN] Unknown relation 'PARTICIPATED_BY', mapping to RELATED_TO
[WARN] Unknown relation 'WAS_DISPERSED', mapping to RELATED_TO
[WARN] Unknown relation 'IS_USED_IN', mapping to RELATED_TO
[WARN] Unknown relation 'IS_BASIS_FOR', mapping to RELATED_TO
[WARN] Unknown relation 'INCLUDED', mapping to RELATED_TO
[WARN] Unknown relation 'INTENDED_FOR', mapping to RELATED_TO
[WARN] Unknown relation 'LOCATED_ON_EACH', mapping to RELATED_TO
[WARN] Unknown relation 'CONSTRUCTED_WITH', mapping to RELATED_TO
[WARN] Unknown relation 'ENJOYS', mapping to RELATED_TO
[WARN] Unknown relation 'HAS_CLIENT', mapping to RELATED_TO
[WARN] Unknown relation 'WORKS_ON', mapping to RELATED_TO
[WARN] Unknown relation 'VIEWED_FROM', mapping to RELATED_TO
[WARN] Unknown relation 'VIEWS', mapping to RELATED_TO
[WARN] Unknown relation 'IS_PARAMETER_OF', mapping to RELATED_TO
[WARN] Unknown relation 'REQUIRES_MEASUREMENT', mapping to RELATED_TO
[WARN] Unknown relation 'HAS_RESTRICTION', mapping to RELATED_TO
[WARN] Unknown relation 'HAS_PREFERENCE', mapping to RELATED_TO
[WARN] Unknown relation 'OBSERVED_FROM', mapping to RELATED_TO
[WARN] Unknown relation 'SELECTED_BY', mapping to RELATED_TO
[WARN] Unknown relation 'IS_ENVIRONMENT_OF', mapping to RELATED_TO
[INFO] LLM mapped relation 'IS_REQUIREMENT_OF' -> 'REQUIRED_BY'
[WARN] Unknown relation 'IDENTIFIES', mapping to RELATED_TO
[WARN] Unknown relation 'HAS_BEDS', mapping to RELATED_TO
[WARN] Unknown relation 'INVITES', mapping to RELATED_TO
[WARN] Unknown relation 'PROJECTS', mapping to RELATED_TO
[WARN] Unknown relation 'APPEARS_NEAR', mapping to RELATED_TO
[WARN] Unknown relation 'CHANGED_FROM', mapping to RELATED_TO
[WARN] Unknown relation 'CHANGED_TO', mapping to RELATED_TO
[WARN] Unknown relation 'HAS_PATIENT_GROUP', mapping to RELATED_TO
[WARN] Unknown relation 'HAS_DESIGN_GOAL', mapping to RELATED_TO
[WARN] Unknown relation 'HAS_IDENTIFICATION', mapping to RELATED_TO
[WARN] Unknown relation 'LOCATED_ALONGSIDE', mapping to RELATED_TO
[WARN] Unknown relation 'HAS_BED_SPACING', mapping to RELATED_TO
[WARN] Unknown relation 'HAS_SINGLE_ROOM_AREA', mapping to RELATED_TO
[WARN] Unknown relation 'PREVIOUSLY_SCATTERED_ACROSS', mapping to RELATED_TO
[WARN] Unknown relation 'NOW_CONCENTRATED_IN', mapping to RELATED_TO
[WARN] Unknown relation 'HELPS_UNDERSTAND', mapping to RELATED_TO
[WARN] Unknown relation 'HAS_ROOF', mapping to RELATED_TO
[WARN] Unknown relation 'MEASURED_FOR', mapping to RELATED_TO
[WARN] Unknown relation 'HAS_AGE_LIMIT', mapping to RELATED_TO
[WARN] Unknown relation 'LOCATED_WITHIN', mapping to RELATED_TO
[WARN] Unknown relation 'NUMBER_OF', mapping to RELATED_TO
[WARN] Unknown relation 'EXTENDS_TO', mapping to RELATED_TO
[WARN] Unknown relation 'CATALYZES', mapping to RELATED_TO
[WARN] Unknown relation 'REBUILT', mapping to RELATED_TO
[WARN] Unknown relation 'ESTABLISHES', mapping to RELATED_TO
[WARN] Unknown relation 'INTEGRATED_IN', mapping to RELATED_TO
[WARN] Unknown relation 'HAS_SPEC', mapping to RELATED_TO
[WARN] Unknown relation 'HAS_FLOORS', mapping to RELATED_TO
[WARN] Unknown relation 'EXPANDED_IN', mapping to RELATED_TO
[WARN] Unknown relation 'EXPANDED_FROM', mapping to RELATED_TO
[WARN] Unknown relation 'SERVED', mapping to RELATED_TO
[WARN] Unknown relation 'OPERATED_FOR', mapping to RELATED_TO
[WARN] Unknown relation 'CONTRIBUTES', mapping to RELATED_TO
[WARN] Unknown relation 'ENGAGES_EARLY', mapping to RELATED_TO
[WARN] Unknown relation 'DESIGNED_DUE_TO', mapping to RELATED_TO
[WARN] Unknown relation 'REDESIGN_FOCUS_ON', mapping to RELATED_TO
[WARN] Unknown relation 'HAS_REGULATION', mapping to RELATED_TO
[WARN] Unknown relation 'FUNCTION', mapping to RELATED_TO
[WARN] Unknown relation 'VIEWABLE_FROM', mapping to RELATED_TO
[WARN] Unknown relation 'SHOULD_HAVE', mapping to RELATED_TO
[WARN] Unknown relation 'HAS_THEME', mapping to RELATED_TO
[WARN] Unknown relation 'MADE_FROM', mapping to RELATED_TO
[WARN] Unknown relation 'PLANTED_FOR', mapping to RELATED_TO
[WARN] Unknown relation 'CELEBRATES', mapping to RELATED_TO
[WARN] Unknown relation 'HAS_TEMPERATURE', mapping to RELATED_TO
[WARN] Unknown relation 'HAS_DIMENSION', mapping to RELATED_TO
[WARN] Unknown relation 'HAS_RADIUS', mapping to RELATED_TO
[WARN] Unknown relation 'HAS_WIDTH', mapping to RELATED_TO
[WARN] Unknown relation 'FORMED_FROM', mapping to RELATED_TO
[WARN] Unknown relation 'RUNS_THROUGH', mapping to RELATED_TO
[WARN] Unknown relation 'SERVES_FOR', mapping to RELATED_TO
[WARN] Unknown relation 'CONTEXT_FOR', mapping to RELATED_TO
[WARN] Unknown relation 'CAN_ACCESS', mapping to RELATED_TO
[WARN] Unknown relation 'MANUFACTURED_BY', mapping to RELATED_TO
[WARN] Unknown relation 'MANUFACTURED_LOCALLY', mapping to RELATED_TO
[INFO] LLM mapped relation 'MANUFACTURES' -> 'PROVIDES'
[WARN] Unknown relation 'DIVIDES', mapping to RELATED_TO
[WARN] Unknown relation 'RECOGNIZES', mapping to RELATED_TO
[WARN] Unknown relation 'CAN_BE_DONE_IN', mapping to RELATED_TO
[WARN] Unknown relation 'FILTERS', mapping to RELATED_TO
[WARN] Unknown relation 'ALLEVIATES', mapping to RELATED_TO
[WARN] Unknown relation 'SHOULD_NOT_PASS_THROUGH', mapping to RELATED_TO
[WARN] Unknown relation 'HARMS', mapping to RELATED_TO
[WARN] Unknown relation 'STARTS_FROM', mapping to RELATED_TO
[WARN] Unknown relation 'IS_INSTALLATION_POSITION_FOR', mapping to RELATED_TO
[WARN] Unknown relation 'CAN_BE_OBSERVED_FROM', mapping to RELATED_TO
[WARN] Unknown relation 'HIDDEN_BEHIND', mapping to RELATED_TO
[WARN] Unknown relation 'PROTECTED_FROM', mapping to RELATED_TO
[WARN] Unknown relation 'FORM', mapping to RELATED_TO
[WARN] Unknown relation 'PAINTED', mapping to RELATED_TO
[WARN] Unknown relation 'PENETRATED_BY', mapping to RELATED_TO
[WARN] Unknown relation 'APPEARS_THICKER_THAN', mapping to RELATED_TO
[WARN] Unknown relation 'LOCATED_NEXT_TO', mapping to RELATED_TO
[WARN] Unknown relation 'ACKNOWLEDGES', mapping to RELATED_TO
[WARN] Unknown relation 'EXISTS_IN', mapping to RELATED_TO
[WARN] Unknown relation 'HAS_ANGLE', mapping to RELATED_TO
[WARN] Unknown relation 'IF_ALIGNED_WITH', mapping to RELATED_TO
[WARN] Unknown relation 'IF_NOT_ALIGNED', mapping to RELATED_TO
[WARN] Unknown relation 'RETAINED', mapping to RELATED_TO
[WARN] Unknown relation 'RECEIVED', mapping to RELATED_TO
[WARN] Unknown relation 'RETURNED_TO', mapping to RELATED_TO
[WARN] Unknown relation 'AWAITS', mapping to RELATED_TO
[WARN] Unknown relation 'RESERVED_FOR', mapping to RELATED_TO
[WARN] Unknown relation 'LOCATED_OVER', mapping to RELATED_TO
[WARN] Unknown relation 'MONITORS', mapping to RELATED_TO
[WARN] Unknown relation 'HAS_EXPERTISE', mapping to RELATED_TO
[WARN] Unknown relation 'OFFERS', mapping to RELATED_TO
[WARN] Unknown relation 'TEACHES_AT', mapping to RELATED_TO
[INFO] LLM mapped relation 'STUDIED_AT' -> 'BELONGS_TO'
[INFO] LLM mapped relation 'CO_FOUNDED' -> 'RELATED_TO'
[WARN] Unknown relation 'ANALYZED_BY', mapping to RELATED_TO
[WARN] Unknown relation 'CONDUCTED_ON', mapping to RELATED_TO
[WARN] Unknown relation 'PLANNED_FOR', mapping to RELATED_TO
[WARN] Unknown relation 'HOSTS', mapping to RELATED_TO
[WARN] Unknown relation 'AWARDED_DOCTORATE_TO', mapping to RELATED_TO
[WARN] Unknown relation 'RUNS', mapping to RELATED_TO
[WARN] Unknown relation 'HAS_DEGREE', mapping to RELATED_TO
[WARN] Unknown relation 'HAS_NATIONALITY', mapping to RELATED_TO
[WARN] Unknown relation 'ASSISTS_IN', mapping to RELATED_TO
[WARN] Unknown relation 'HAS_WEBSITE', mapping to RELATED_TO
[WARN] Unknown relation 'IS_ABOUT', mapping to RELATED_TO
[INFO] LLM mapped relation 'GRADUATED_FROM' -> 'BELONGS_TO'
[INFO] LLM mapped relation 'HAS_EXPERIENCE_IN' -> 'RELATED_TO'
[WARN] Unknown relation 'WORKED_AS', mapping to RELATED_TO
[WARN] Unknown relation 'MEMBER_OF', mapping to RELATED_TO
[WARN] Unknown relation 'FOUNDED', mapping to RELATED_TO
[WARN] Unknown relation 'TEACHED_BY', mapping to RELATED_TO
[WARN] Unknown relation 'AWARDED_DEGREE_TO', mapping to RELATED_TO
[WARN] Unknown relation 'HOSTS_RESEARCH_BY', mapping to RELATED_TO
[WARN] Unknown relation 'IMPLEMENTED_IN', mapping to RELATED_TO
[WARN] Unknown relation 'INITIATED_IN', mapping to RELATED_TO
[WARN] Unknown relation 'HAS_GROUP', mapping to RELATED_TO
[WARN] Unknown relation 'STUDIED_BY', mapping to RELATED_TO
[WARN] Unknown relation 'CERTIFIED_BY', mapping to RELATED_TO
[INFO] LLM mapped relation 'AWARDED_DEGREE_BY' -> 'BELONGS_TO'
[INFO] LLM mapped relation 'TEACHES' -> 'RELATED_TO'
[WARN] Unknown relation 'WORKS_AS', mapping to RELATED_TO
[WARN] Unknown relation 'RESEARCHES', mapping to RELATED_TO
[WARN] Unknown relation 'IS_SUBTOPIC_OF', mapping to RELATED_TO
[WARN] Unknown relation 'HAS_EXPERT_IN', mapping to RELATED_TO
[WARN] Unknown relation 'IS_SKILL_OF', mapping to RELATED_TO
[WARN] Unknown relation 'STUDIED_IN', mapping to RELATED_TO
[WARN] Unknown relation 'IS_TITLE_OF', mapping to RELATED_TO
[INFO] LLM mapped relation 'EDUCATED_AT' -> 'BELONGS_TO'
[WARN] Unknown relation 'HAS_RESEARCH_INTEREST', mapping to RELATED_TO
[WARN] Unknown relation 'HAS_AFFILIATION', mapping to RELATED_TO
[WARN] Unknown relation 'HAS_PARTICIPATED_IN', mapping to RELATED_TO
[WARN] Unknown relation 'HAS_PUBLISHED_IN', mapping to RELATED_TO
[WARN] Unknown relation 'HAS_WORKED_AT', mapping to RELATED_TO
[WARN] Unknown relation 'HAS_AWARD', mapping to RELATED_TO
[WARN] Unknown relation 'FEATURED_IN', mapping to RELATED_TO
[WARN] Unknown relation 'SHOULD_BE', mapping to RELATED_TO
[WARN] Unknown relation 'CAN_INTEGRATE', mapping to RELATED_TO
[WARN] Unknown relation 'HAS_AGE_LIMIT', mapping to RELATED_TO
[WARN] Unknown relation 'SHORTENS', mapping to RELATED_TO
[WARN] Unknown relation 'ACCOUNTS_FOR', mapping to RELATED_TO
[WARN] Unknown relation 'IS_RESEARCH_AREA_OF', mapping to RELATED_TO
[WARN] Unknown relation 'CONDUCTED_BY', mapping to RELATED_TO
[WARN] Unknown relation 'APPEARS_IN', mapping to RELATED_TO
[WARN] Unknown relation 'IS_KEY_CONSIDERATION_IN', mapping to RELATED_TO
[INFO] LLM mapped relation 'IS_DISCIPLINE_RELATED_TO' -> 'RELATES_TO'
[WARN] Unknown relation 'CHANGES_OVER_TIME', mapping to RELATED_TO
[WARN] Unknown relation 'ARISES_FROM', mapping to RELATED_TO
[WARN] Unknown relation 'HAS_IDENTIFIER', mapping to RELATED_TO
[WARN] Unknown relation 'HAS_CLASSIFICATION', mapping to RELATED_TO
[WARN] Unknown relation 'SUMMARIZES', mapping to RELATED_TO
[WARN] Unknown relation 'HAS_ABSTRACT', mapping to RELATED_TO
[WARN] Unknown relation 'HAS_KEYWORDS', mapping to RELATED_TO
[INFO] Fuzzy matched relation 'TRANSLATES_TO' -> 'RELATES_TO'
[WARN] Unknown relation 'HAS_VOLUME_ISSUE', mapping to RELATED_TO
[INFO] Fuzzy matched relation 'CONSTRAINS' -> 'CONTAINS'
[WARN] Unknown relation 'DEVELOPS_FROM', mapping to RELATED_TO
[WARN] Unknown relation 'IMPEDES', mapping to RELATED_TO
[WARN] Unknown relation 'SELECTS', mapping to RELATED_TO
[WARN] Unknown relation 'ANALYZES', mapping to RELATED_TO
[WARN] Unknown relation 'TRANSFORMED_TO', mapping to RELATED_TO
[WARN] Unknown relation 'TRANSFORMS_INTO', mapping to RELATED_TO
[WARN] Unknown relation '投入使用后', mapping to RELATED_TO
[INFO] Fuzzy matched relation 'RELOCATED_TO' -> 'RELATED_TO'
[WARN] Unknown relation 'HAS_NEED', mapping to RELATED_TO
[WARN] Unknown relation 'CAN_BE_COMBINED', mapping to RELATED_TO
[WARN] Unknown relation 'IS_GOAL_OF', mapping to RELATED_TO
[WARN] Unknown relation 'IS_OPTIMIZED_BY', mapping to RELATED_TO
[WARN] Unknown relation 'APPLICABLE_WHEN', mapping to RELATED_TO
[WARN] Unknown relation 'ADDED_IN', mapping to RELATED_TO
[WARN] Unknown relation 'POSITIONED_ALONG', mapping to RELATED_TO
[WARN] Unknown relation 'POSITIONED_AT', mapping to RELATED_TO
[WARN] Unknown relation 'OCCURS_DURING', mapping to RELATED_TO
[WARN] Unknown relation 'CONVERTS', mapping to RELATED_TO
[WARN] Unknown relation 'HAS_CONSTRAINT', mapping to RELATED_TO
[WARN] Unknown relation 'IS_REASON_FOR', mapping to RELATED_TO
[WARN] Unknown relation 'IS_RESULT_OF', mapping to RELATED_TO
[WARN] Unknown relation 'UNDERWENT', mapping to RELATED_TO
[WARN] Unknown relation 'PARTICIPATES_IN', mapping to RELATED_TO
[WARN] Unknown relation 'IS_SENSITIVE_TO', mapping to RELATED_TO
[WARN] Unknown relation 'PRESERVES', mapping to RELATED_TO
[WARN] Unknown relation 'HAS_CENTER', mapping to RELATED_TO
[WARN] Unknown relation 'INCREASED', mapping to RELATED_TO
[WARN] Unknown relation 'HAS_UNIT', mapping to RELATED_TO
[WARN] Unknown relation 'SHOULD_UNDERSTAND', mapping to RELATED_TO
[WARN] Unknown relation 'SHOULD_MASTER', mapping to RELATED_TO
[WARN] Unknown relation 'ADJUSTS', mapping to RELATED_TO
[WARN] Unknown relation 'DAMPENS', mapping to RELATED_TO
[WARN] Unknown relation 'HAS_EASY_ACCESS_TO', mapping to RELATED_TO
[WARN] Unknown relation 'IS_REFERRED_AS', mapping to RELATED_TO
[WARN] Unknown relation 'HAS_DESIGN_FEATURE', mapping to RELATED_TO
[WARN] Unknown relation 'HAS_LAYERS', mapping to RELATED_TO
[WARN] Unknown relation 'HAS_ORIENTATION', mapping to RELATED_TO
[WARN] Unknown relation 'USES_LAYOUT', mapping to RELATED_TO
[WARN] Unknown relation 'CAN_LAND_ON', mapping to RELATED_TO
[WARN] Unknown relation 'KNOWN_AS', mapping to RELATED_TO
[INFO] Fuzzy matched relation 'HOUSES' -> 'USES'
[WARN] Unknown relation 'EQUIVALENT_TO', mapping to RELATED_TO
[WARN] Unknown relation 'INTRODUCES', mapping to RELATED_TO
[WARN] Unknown relation 'AWARDED', mapping to RELATED_TO
[WARN] Unknown relation 'AWARDED_IN', mapping to RELATED_TO
[WARN] Unknown relation 'DECIDED', mapping to RELATED_TO
[WARN] Unknown relation 'HAS_COLOR', mapping to RELATED_TO
[INFO] LLM mapped relation 'USES_STRATEGY' -> 'USES'
[WARN] Unknown relation 'HAS_STRATEGY', mapping to RELATED_TO
[WARN] Unknown relation 'HAS_DESIGN_TARGET', mapping to RELATED_TO
[WARN] Unknown relation 'HAS_DESIGN_TYPE', mapping to RELATED_TO
[WARN] Unknown relation 'MEETS', mapping to RELATED_TO
[WARN] Unknown relation 'WIDELY_USED_IN', mapping to RELATED_TO
[WARN] Unknown relation 'HAS_SEPARATE_ROUTE_FROM', mapping to RELATED_TO
[WARN] Unknown relation 'HAS_INDICATOR', mapping to RELATED_TO
[WARN] Unknown relation 'HAS_DESIGN', mapping to RELATED_TO
[WARN] Unknown relation 'PROVIDES_VIEW_TO', mapping to RELATED_TO
[WARN] Unknown relation 'DESTROYED_IN', mapping to RELATED_TO
[INFO] Fuzzy matched relation 'PERFORMED_FOR' -> 'PERFORMED_IN'
[WARN] Unknown relation 'FORMED_BY_MERGER_OF', mapping to RELATED_TO
[INFO] Fuzzy matched relation 'RENAMED_TO' -> 'RELATED_TO'
[WARN] Unknown relation 'UPGRADED_IN', mapping to RELATED_TO
[WARN] Unknown relation 'DEPICTS', mapping to RELATED_TO
[WARN] Unknown relation 'IMPROVES_SURVIVAL_RATE_OF', mapping to RELATED_TO
[WARN] Unknown relation 'EXHIBITS_WORKS_FOR', mapping to RELATED_TO
[WARN] Unknown relation 'PLAYS_ROLE_AS', mapping to RELATED_TO
[WARN] Unknown relation 'RECOMMENDED_WITH', mapping to RELATED_TO
[WARN] Unknown relation 'IS_RESEARCH_DIRECTION_OF', mapping to RELATED_TO
[WARN] Unknown relation 'ADDED_FLOOR', mapping to RELATED_TO
[WARN] Unknown relation 'PLANNED_TO_BUILD', mapping to RELATED_TO
[WARN] Unknown relation 'PERPENDICULAR_TO', mapping to RELATED_TO
[WARN] Unknown relation 'REUSED', mapping to RELATED_TO
[WARN] Unknown relation 'DIVIDES', mapping to RELATED_TO
[WARN] Unknown relation 'PROMOTED_BY', mapping to RELATED_TO
[WARN] Unknown relation 'TRANSPORTED_FROM', mapping to RELATED_TO
[WARN] Unknown relation 'ESTABLISHED_BY', mapping to RELATED_TO
[WARN] Unknown relation 'TRANSPORTED_ACROSS', mapping to RELATED_TO
[WARN] Unknown relation 'CREATED_BY_COLLABORATION_BETWEEN', mapping to RELATED_TO
[WARN] Unknown relation 'DESIGNED_TO', mapping to RELATED_TO
[WARN] Unknown relation 'BECAME', mapping to RELATED_TO
[INFO] Fuzzy matched relation 'CONTINUES' -> 'CONTAINS'
[WARN] Unknown relation 'VISIBLE_THROUGH', mapping to RELATED_TO
[WARN] Unknown relation 'HAS_EXPERIENCE', mapping to RELATED_TO
[WARN] Unknown relation 'IS_EXPERIENCE_OF', mapping to RELATED_TO
[WARN] Unknown relation 'ADDS', mapping to RELATED_TO
[WARN] Unknown relation 'WRAPS', mapping to RELATED_TO
[WARN] Unknown relation 'RADIATES_FROM', mapping to RELATED_TO
[WARN] Unknown relation 'PAINTED_WITH', mapping to RELATED_TO
[WARN] Unknown relation 'LOCATED_IN_FRONT_OF', mapping to RELATED_TO
[WARN] Unknown relation 'APPEARED_IN', mapping to RELATED_TO
[WARN] Unknown relation 'HAS_AUTHOR', mapping to RELATED_TO
[WARN] Unknown relation 'CAN_BE_SHARED_BY', mapping to RELATED_TO
[WARN] Unknown relation 'HAS_TEMPERATURE_RANGE', mapping to RELATED_TO
[WARN] Unknown relation 'IS_OWNER_OF', mapping to RELATED_TO
[WARN] Unknown relation 'MOTIVATED_BY', mapping to RELATED_TO
[WARN] Unknown relation 'ACCESSIBLE_VIA', mapping to RELATED_TO
[WARN] Unknown relation 'TASK', mapping to RELATED_TO
[WARN] Unknown relation 'PENETRATES', mapping to RELATED_TO
[WARN] Unknown relation 'EXTENDS_OVER', mapping to RELATED_TO
[WARN] Unknown relation 'COMPLETES', mapping to RELATED_TO
[WARN] Unknown relation 'COORDINATES_WITH', mapping to RELATED_TO
[WARN] Unknown relation 'LOCATED_OPPOSITE_TO', mapping to RELATED_TO
[WARN] Unknown relation 'SUBDIVIDED_INTO', mapping to RELATED_TO
[WARN] Unknown relation 'CAN_LEAD_TO', mapping to RELATED_TO
[WARN] Unknown relation 'IN_COLLABORATION_WITH', mapping to RELATED_TO
[WARN] Unknown relation 'DEDICATED_TO', mapping to RELATED_TO
[WARN] Unknown relation 'FACILITATES_COLLABORATION_AMONG', mapping to RELATED_TO
[WARN] Unknown relation 'BETWEEN', mapping to RELATED_TO
[WARN] Unknown relation 'STIMULATES', mapping to RELATED_TO
[WARN] Unknown relation 'HAS_CONCEPT', mapping to RELATED_TO
[WARN] Unknown relation 'IS_START_OF', mapping to RELATED_TO
[WARN] Unknown relation 'BELIEVES', mapping to RELATED_TO
[WARN] Unknown relation 'DELEGATES', mapping to RELATED_TO
[WARN] Unknown relation 'HAS_AFFILIATION', mapping to RELATED_TO
[WARN] Unknown relation 'HAS_POPULATION', mapping to RELATED_TO
[WARN] Unknown relation 'EXHIBITED_IN', mapping to RELATED_TO
[WARN] Unknown relation 'CONSTITUTES', mapping to RELATED_TO
[WARN] Unknown relation 'HAS_ROLE', mapping to RELATED_TO
[WARN] Unknown relation 'HAS_STYLE', mapping to RELATED_TO
[WARN] Unknown relation 'ACTIVATES', mapping to RELATED_TO
[WARN] Unknown relation 'DISTRIBUTES_TO', mapping to RELATED_TO
[WARN] Unknown relation 'EXEMPLIFIES_TREND', mapping to RELATED_TO
[WARN] Unknown relation 'BUILT_BY', mapping to RELATED_TO
[WARN] Unknown relation 'KNOWN_FOR', mapping to RELATED_TO
[WARN] Unknown relation 'EMBODIES', mapping to RELATED_TO
[WARN] Unknown relation 'REPRESENTS_SHIFT', mapping to RELATED_TO
[WARN] Unknown relation 'IS_SITUATED_IN', mapping to RELATED_TO
[WARN] Unknown relation 'ALIGNS_WITH', mapping to RELATED_TO
[WARN] Unknown relation 'IS_OWNED_BY', mapping to RELATED_TO
[WARN] Unknown relation 'WAS_COMPLETED_IN', mapping to RELATED_TO
[WARN] Unknown relation 'HAS_BUILT_AREA', mapping to RELATED_TO
[WARN] Unknown relation 'IS_KNOWN_AS', mapping to RELATED_TO
[WARN] Unknown relation 'PROVIDES_SERVICE', mapping to RELATED_TO
[WARN] Unknown relation 'INCLUDES_EQUIPMENT', mapping to RELATED_TO
[WARN] Unknown relation 'IS_DIFFERENT_FROM', mapping to RELATED_TO
[WARN] Unknown relation 'WAS_BUILT_BY', mapping to RELATED_TO
[INFO] LLM mapped relation 'IS_A' -> 'IS_TYPE_OF'
[INFO] Fuzzy matched relation 'IS_CONNECTED_TO' -> 'CONNECTED_TO'
[WARN] Unknown relation 'CONTAINS_AREA', mapping to RELATED_TO
[WARN] Unknown relation 'INCORPORATES_CONCEPT', mapping to RELATED_TO
[WARN] Unknown relation 'SUPPORTS_CONCEPT', mapping to RELATED_TO
[INFO] LLM mapped relation 'GUIDES_PRINCIPLE' -> 'GUIDES'
[WARN] Unknown relation 'USES_FOR', mapping to RELATED_TO
[WARN] Unknown relation 'INCLUDES_FEATURE', mapping to RELATED_TO
[WARN] Unknown relation 'RELATES_TO_SYSTEM', mapping to RELATED_TO
[INFO] LLM mapped relation 'REFERENCES_CONCEPT' -> 'REFERENCES'
[WARN] Unknown relation 'REFERENCES_MODEL', mapping to RELATED_TO
[WARN] Unknown relation 'REQUIRES_ACTION', mapping to RELATED_TO
[WARN] Unknown relation 'USES_MEASURE', mapping to RELATED_TO
[WARN] Unknown relation 'INCLUDES_UNIT', mapping to RELATED_TO
[WARN] Unknown relation 'INCLUDES_CONCEPT', mapping to RELATED_TO
[WARN] Unknown relation 'HAS_DESIGN_CHARACTERISTIC', mapping to RELATED_TO
[WARN] Unknown relation 'INCORPORATES_FEATURE', mapping to RELATED_TO
[WARN] Unknown relation 'IS_ASSOCIATED_WITH', mapping to RELATED_TO
[WARN] Unknown relation 'COMPENSATES_FOR', mapping to RELATED_TO
[WARN] Unknown relation 'HIGHER_THAN', mapping to RELATED_TO
[WARN] Unknown relation 'HAS_LEVEL', mapping to RELATED_TO
[WARN] Unknown relation 'MARKED_AS', mapping to RELATED_TO
[WARN] Unknown relation 'REPEATS', mapping to RELATED_TO
[WARN] Unknown relation 'REPRODUCES', mapping to RELATED_TO
[WARN] Unknown relation 'AIMS_TO_SOLVE', mapping to RELATED_TO
[WARN] Unknown relation 'IS_APPROACH_TO', mapping to RELATED_TO
[WARN] Unknown relation 'TRANSLATES', mapping to RELATED_TO
[WARN] Unknown relation 'IGNORES', mapping to RELATED_TO
[WARN] Unknown relation 'LACKS_KNOWLEDGE_OF', mapping to RELATED_TO
[WARN] Unknown relation 'HAS_PROBLEM', mapping to RELATED_TO
[WARN] Unknown relation 'FAILS_TO', mapping to RELATED_TO
[WARN] Unknown relation 'IMPROVES_IN', mapping to RELATED_TO
[WARN] Unknown relation 'BUILDS', mapping to RELATED_TO
[INFO] Fuzzy matched relation 'DELEGATES_TO' -> 'RELATES_TO'
[INFO] Fuzzy matched relation 'CONNECTED_TO_TO' -> 'CONNECTED_TO'
[WARN] Unknown relation 'PROGRESSES_FROM', mapping to RELATED_TO
[WARN] Unknown relation 'PROGRESSES_TO', mapping to RELATED_TO
[WARN] Unknown relation 'CORRESPONDS_TO', mapping to RELATED_TO
[WARN] Unknown relation 'TYPICALLY_HAS', mapping to RELATED_TO
[WARN] Unknown relation 'HAS_TARGET', mapping to RELATED_TO
[WARN] Unknown relation 'IS_DESTINATION_FOR', mapping to RELATED_TO
[WARN] Unknown relation 'FOLLOWS_PRINCIPLE', mapping to RELATED_TO
[WARN] Unknown relation 'IMPLEMENTED_BY', mapping to RELATED_TO
[WARN] Unknown relation 'FOUND_IN', mapping to RELATED_TO
[WARN] Unknown relation 'AIMS_TO_FIND', mapping to RELATED_TO
[WARN] Unknown relation 'AIMS_TO_UNDERSTAND', mapping to RELATED_TO
[WARN] Unknown relation 'IS_AVOIDED_BY', mapping to RELATED_TO
[WARN] Unknown relation 'SELECTED_IN', mapping to RELATED_TO
[WARN] Unknown relation 'INSUFFICIENT_FOR', mapping to RELATED_TO
[INFO] LLM mapped relation 'SUPPLEMENTS' -> 'SUPPORTS'
[WARN] Unknown relation 'EXIST_IN', mapping to RELATED_TO
[WARN] Unknown relation 'AIMS_TO_AVOID', mapping to RELATED_TO
[WARN] Unknown relation 'IS_STANDARD_FOR', mapping to RELATED_TO
[WARN] Unknown relation 'IS_FUNDAMENTAL_FOR', mapping to RELATED_TO
[WARN] Unknown relation 'IS_MEANS_TO', mapping to RELATED_TO
[WARN] Unknown relation 'IS_MATERIAL_OF', mapping to RELATED_TO
[WARN] Unknown relation 'IS_CARRIER_OF', mapping to RELATED_TO
[WARN] Unknown relation 'STRENGTHENS', mapping to RELATED_TO
[WARN] Unknown relation 'USES_SHAPE', mapping to RELATED_TO
[WARN] Unknown relation 'VISUALIZES', mapping to RELATED_TO
[WARN] Unknown relation 'PROVIDED_AT', mapping to RELATED_TO
[WARN] Unknown relation 'NEEDS_TO_ADAPT', mapping to RELATED_TO
[WARN] Unknown relation 'AIMS_TO_FORM', mapping to RELATED_TO
[WARN] Unknown relation 'PUBLISHED_IN_ISSUE', mapping to RELATED_TO
[INFO] LLM mapped relation 'CITES' -> 'REFERENCES'
[WARN] Unknown relation 'IMPLEMENTS', mapping to RELATED_TO
[WARN] Unknown relation 'ALIGNS_WITH', mapping to RELATED_TO
[WARN] Unknown relation 'STANDARDIZES', mapping to RELATED_TO
[WARN] Unknown relation 'COMMUNICATES', mapping to RELATED_TO
[WARN] Unknown relation 'MATCHES', mapping to RELATED_TO
[WARN] Unknown relation 'SATISFIES', mapping to RELATED_TO
[WARN] Unknown relation 'SETS', mapping to RELATED_TO
[WARN] Unknown relation 'VALUE', mapping to RELATED_TO
[WARN] Unknown relation 'CAN_PERFORM', mapping to RELATED_TO
[WARN] Unknown relation 'HAS_MODE', mapping to RELATED_TO
[WARN] Unknown relation 'HAS_SETTING_MODE', mapping to RELATED_TO
[WARN] Unknown relation 'HAS_ACCESS', mapping to RELATED_TO
[WARN] Unknown relation 'IS_SHORTER_IN', mapping to RELATED_TO
[WARN] Unknown relation 'REDUCED_BY', mapping to RELATED_TO
[WARN] Unknown relation 'AVOIDED_BY', mapping to RELATED_TO
[WARN] Unknown relation 'HAS_VARIANT', mapping to RELATED_TO
[WARN] Unknown relation 'VALUE_RANGE', mapping to RELATED_TO
[WARN] Unknown relation 'HAS_LOWER', mapping to RELATED_TO
[WARN] Unknown relation 'HAS_HIGHER', mapping to RELATED_TO
[WARN] Unknown relation 'APPROXIMATES', mapping to RELATED_TO
[WARN] Unknown relation 'CONFORMS_TO', mapping to RELATED_TO
[WARN] Unknown relation 'SUGGESTED_AS', mapping to RELATED_TO
[WARN] Unknown relation 'CALCULATES', mapping to RELATED_TO
[WARN] Unknown relation 'USES_DIVISOR', mapping to RELATED_TO
[WARN] Unknown relation 'IS_EXAMPLE_OF', mapping to RELATED_TO
[WARN] Unknown relation 'RELEASES', mapping to RELATED_TO
[WARN] Unknown relation 'EXCLUDED_FROM', mapping to RELATED_TO
[WARN] Unknown relation 'CRITICAL_FOR', mapping to RELATED_TO
[WARN] Unknown relation 'IMPACTED_BY', mapping to RELATED_TO
[WARN] Unknown relation 'CONFIRMS', mapping to RELATED_TO
[WARN] Unknown relation 'HAS_STANDARD_NUMBER', mapping to RELATED_TO
[WARN] Unknown relation 'UNIFIES', mapping to RELATED_TO
[WARN] Unknown relation 'SHOULD_FOLLOW', mapping to RELATED_TO
[WARN] Unknown relation 'SHOULD_APPLY', mapping to RELATED_TO
[WARN] Unknown relation 'CONSTITUTES', mapping to RELATED_TO
[WARN] Unknown relation 'CAN_TRANSFORM_TO', mapping to RELATED_TO
[WARN] Unknown relation 'CAN_BE_SET_IN', mapping to RELATED_TO
[WARN] Unknown relation 'CAN_CONTAIN', mapping to RELATED_TO
[WARN] Unknown relation 'SHOULD_CONTAIN', mapping to RELATED_TO
[WARN] Unknown relation 'NOT_LIMITED_BY', mapping to RELATED_TO
[WARN] Unknown relation 'CAN_ESTABLISH', mapping to RELATED_TO
[WARN] Unknown relation 'SHOULD_BE_SET', mapping to RELATED_TO
[WARN] Unknown relation 'SHOULD_ACHIEVE', mapping to RELATED_TO
[WARN] Unknown relation 'CALCULATED_BY', mapping to RELATED_TO
[WARN] Unknown relation 'SUBSTITUTES_FOR', mapping to RELATED_TO
[WARN] Unknown relation 'APPROVED_BY', mapping to RELATED_TO
[WARN] Unknown relation 'PREPARES_FOR', mapping to RELATED_TO
[WARN] Unknown relation 'HAS_THRESHOLD', mapping to RELATED_TO
[WARN] Unknown relation 'DEFINES_CONDITION', mapping to RELATED_TO
[WARN] Unknown relation 'MEASURED_BY', mapping to RELATED_TO
[WARN] Unknown relation 'IS_CALCULATED_FROM', mapping to RELATED_TO
[WARN] Unknown relation 'SUGGESTS', mapping to RELATED_TO
[WARN] Unknown relation 'DRAFTS', mapping to RELATED_TO
[WARN] Unknown relation 'SUBMITS_TO', mapping to RELATED_TO
[WARN] Unknown relation 'RECEIVES_FROM', mapping to RELATED_TO
[WARN] Unknown relation 'VERIFIES', mapping to RELATED_TO
[WARN] Unknown relation 'HAS_DEADLINE', mapping to RELATED_TO
[WARN] Unknown relation 'DECIDES_ON', mapping to RELATED_TO
[WARN] Unknown relation 'REPORTS_TO', mapping to RELATED_TO
[WARN] Unknown relation 'ENSURE', mapping to RELATED_TO
[WARN] Unknown relation 'REVIEWS', mapping to RELATED_TO
[WARN] Unknown relation 'APPROVES', mapping to RELATED_TO
[WARN] Unknown relation 'GRANTS', mapping to RELATED_TO
[WARN] Unknown relation 'IS_COMMUNICATED_TO', mapping to RELATED_TO
[WARN] Unknown relation 'HAS_VERSION', mapping to RELATED_TO
[WARN] Unknown relation 'EFFECTIVE_FROM', mapping to RELATED_TO
[WARN] Unknown relation 'ISSUES', mapping to RELATED_TO
[WARN] Unknown relation 'ADJUSTED_IN', mapping to RELATED_TO
[WARN] Unknown relation 'MUST', mapping to RELATED_TO
[WARN] Unknown relation 'COORDINATED_WITH', mapping to RELATED_TO
[WARN] Unknown relation 'MAY_CONTAIN', mapping to RELATED_TO
[WARN] Unknown relation 'HAS_ID', mapping to RELATED_TO
[WARN] Unknown relation 'EXPLAINS', mapping to RELATED_TO
[WARN] Unknown relation 'REPLACED_BY', mapping to RELATED_TO
[WARN] Unknown relation 'ANNOUNCES', mapping to RELATED_TO
[WARN] Unknown relation 'ORGANIZES_PUBLICATION_OF', mapping to RELATED_TO
[WARN] Unknown relation 'PUBLISHES_UNDER_ORGANIZATION_OF', mapping to RELATED_TO
[WARN] Unknown relation 'IS_ID_OF', mapping to RELATED_TO
[WARN] Unknown relation 'IS_EFFECTIVE_DATE_OF', mapping to RELATED_TO
[WARN] Unknown relation 'MUST_BE_STRICTLY_ENFORCED', mapping to RELATED_TO
[WARN] Unknown relation 'IS_ABOLISHED_ON', mapping to RELATED_TO
[WARN] Unknown relation 'SUPERSEDES_ON', mapping to RELATED_TO
[WARN] Unknown relation 'MUST_SATISFY', mapping to RELATED_TO
[WARN] Unknown relation 'MUST_COMPLY_WITH', mapping to RELATED_TO
[WARN] Unknown relation 'SPECIFIES_APPLICABILITY', mapping to RELATED_TO
[WARN] Unknown relation 'SPECIFIES_DETERMINATION', mapping to RELATED_TO
[WARN] Unknown relation 'SPECIFIES_COMPLIANCE', mapping to RELATED_TO
[INFO] LLM mapped relation 'HAS_REQUIREMENTS' -> 'REQUIRES'
[WARN] Unknown relation 'REORGANIZES', mapping to RELATED_TO
[WARN] Unknown relation 'COVERED_WITH', mapping to RELATED_TO
[WARN] Unknown relation 'ARRANGED_AT', mapping to RELATED_TO
[WARN] Unknown relation 'SET_AT', mapping to RELATED_TO
[WARN] Unknown relation 'EXTENDS_IN', mapping to RELATED_TO
[WARN] Unknown relation 'NOT_PART_OF', mapping to RELATED_TO
[WARN] Unknown relation 'REPRODUCES_AT', mapping to RELATED_TO
[WARN] Unknown relation 'NAMED_AFTER', mapping to RELATED_TO
[WARN] Unknown relation 'DIAGNOSED_WITH', mapping to RELATED_TO
[WARN] Unknown relation 'DEVELOPED', mapping to RELATED_TO
[WARN] Unknown relation 'INVITED', mapping to RELATED_TO
[WARN] Unknown relation 'INSPIRED', mapping to RELATED_TO
[WARN] Unknown relation 'CAN_INCLUDE', mapping to RELATED_TO
[INFO] LLM mapped relation 'CAN_PROVIDE' -> 'PROVIDES'
[WARN] Unknown relation 'PASSED_AWAY_IN', mapping to RELATED_TO
[WARN] Unknown relation 'IS_HUSBAND_OF', mapping to RELATED_TO
[WARN] Unknown relation 'NOT_FOCUSES_ON', mapping to RELATED_TO
[WARN] Unknown relation 'DIED_IN', mapping to RELATED_TO
[WARN] Unknown relation 'BELIEVED_IN', mapping to RELATED_TO
[WARN] Unknown relation 'DIED_OF', mapping to RELATED_TO
[WARN] Unknown relation 'IS_SPOUSE_OF', mapping to RELATED_TO
[WARN] Unknown relation 'FIRST_OPENED_IN', mapping to RELATED_TO
[WARN] Unknown relation 'IS_CENTER_OF', mapping to RELATED_TO
[WARN] Unknown relation 'EXPRESSED_THROUGH', mapping to RELATED_TO
[WARN] Unknown relation 'ABSORBS', mapping to RELATED_TO
[WARN] Unknown relation 'VALUES', mapping to RELATED_TO
[WARN] Unknown relation 'VALUES_ABOVE', mapping to RELATED_TO
[INFO] Fuzzy matched relation 'TREATED_AT' -> 'RELATED_TO'
[WARN] Unknown relation 'CLOSES', mapping to RELATED_TO
[WARN] Unknown relation 'CAN_PERFORM', mapping to RELATED_TO
[WARN] Unknown relation 'AIMS_TO_BALANCE', mapping to RELATED_TO
[WARN] Unknown relation 'HAS_TERRAIN', mapping to RELATED_TO
[WARN] Unknown relation 'IS_FIRST_IN_COUNTRY_FOR', mapping to RELATED_TO
[WARN] Unknown relation 'IS_DAUGHTER_OF', mapping to RELATED_TO
[WARN] Unknown relation 'SPREAD_BY', mapping to RELATED_TO
[WARN] Unknown relation 'EXPERIENCED', mapping to RELATED_TO
[WARN] Unknown relation 'BASED_IN', mapping to RELATED_TO
[WARN] Unknown relation 'ENCLOSES', mapping to RELATED_TO
[WARN] Unknown relation 'HIDDEN_IN', mapping to RELATED_TO
[WARN] Unknown relation 'PROTECTED_BY', mapping to RELATED_TO
[WARN] Unknown relation 'PENETRATED_BY', mapping to RELATED_TO
[WARN] Unknown relation 'RECOGNIZES', mapping to RELATED_TO
[WARN] Unknown relation 'AFFIRMS', mapping to RELATED_TO
[WARN] Unknown relation 'RETAINED', mapping to RELATED_TO
[WARN] Unknown relation 'PROTECTS_FROM', mapping to RELATED_TO
[WARN] Unknown relation 'IF_ALIGNED_WITH', mapping to RELATED_TO
[WARN] Unknown relation 'WOULD_LEAD_TO', mapping to RELATED_TO
[WARN] Unknown relation 'IF_MISALIGNED', mapping to RELATED_TO
[WARN] Unknown relation 'THREE_STRETCHED_AREAS_FORM', mapping to RELATED_TO
[WARN] Unknown relation 'IS_CORE_OF', mapping to RELATED_TO
[WARN] Unknown relation 'FULLY_DEDICATED_TO', mapping to RELATED_TO
[WARN] Unknown relation 'RECEIVED', mapping to RELATED_TO
[WARN] Unknown relation 'RECLAIMS', mapping to RELATED_TO
[WARN] Unknown relation 'PLANNED_FOR', mapping to RELATED_TO
[WARN] Unknown relation 'AWARDED_TO', mapping to RELATED_TO
[WARN] Unknown relation 'TEMPORAL_ASPECT', mapping to RELATED_TO
[WARN] Unknown relation 'EXPANDABLE_TO', mapping to RELATED_TO
[WARN] Unknown relation 'SITUATED_IN', mapping to RELATED_TO
[WARN] Unknown relation 'UNDERTAKES', mapping to RELATED_TO
[WARN] Unknown relation 'IS_PROCESS', mapping to RELATED_TO
[WARN] Unknown relation 'NEEDS_TO', mapping to RELATED_TO
[WARN] Unknown relation 'HAS_NATURE', mapping to RELATED_TO
[WARN] Unknown relation 'PROVIDES_VIEW', mapping to RELATED_TO
[WARN] Unknown relation 'ALONGSIDE', mapping to RELATED_TO
[WARN] Unknown relation 'NOT_USES', mapping to RELATED_TO
[WARN] Unknown relation 'FEATURES_IN', mapping to RELATED_TO
[WARN] Unknown relation 'CONTINUES_IN', mapping to RELATED_TO
[WARN] Unknown relation 'NOT_USED_IN', mapping to RELATED_TO
[WARN] Unknown relation 'WRAPPED_IN', mapping to RELATED_TO
[WARN] Unknown relation 'APPEARS_IN', mapping to RELATED_TO
[WARN] Unknown relation 'CHARACTERIZES', mapping to RELATED_TO
[WARN] Unknown relation 'ASSIGNED_TO', mapping to RELATED_TO
[INFO] Fuzzy matched relation 'OBTAINS' -> 'CONTAINS'
[WARN] Unknown relation 'GRANTS_ACCESS_TO', mapping to RELATED_TO
[WARN] Unknown relation 'FOUNDED', mapping to RELATED_TO
[WARN] Unknown relation 'OFFERS', mapping to RELATED_TO
[WARN] Unknown relation 'HAS_DEGREE', mapping to RELATED_TO
[INFO] LLM mapped relation 'STUDIED_AT' -> 'BELONGS_TO'
[INFO] Fuzzy matched relation 'PERFORMED' -> 'PERFORMED_IN'
[WARN] Unknown relation 'ANALYZED', mapping to RELATED_TO
[WARN] Unknown relation 'CO_FOUNDED', mapping to RELATED_TO
[WARN] Unknown relation 'HAS_POSITION', mapping to RELATED_TO
[WARN] Unknown relation 'ANALYZED_BY', mapping to RELATED_TO
[WARN] Unknown relation 'OFFERED_BY', mapping to RELATED_TO
[WARN] Unknown relation 'PROVIDES_ADVICE_ON', mapping to RELATED_TO
[WARN] Unknown relation 'COMPLETED_AT', mapping to RELATED_TO
[INFO] LLM mapped relation 'HAS_EXPERIENCE_IN' -> 'RELATED_TO'
[WARN] Unknown relation 'HAS_RESEARCH_DIRECTION', mapping to RELATED_TO
[WARN] Unknown relation 'HAS_EDUCATION', mapping to RELATED_TO
[WARN] Unknown relation 'HAS_ACHIEVEMENT', mapping to RELATED_TO
[INFO] LLM mapped relation 'TEACHES' -> 'RELATED_TO'
[WARN] Unknown relation 'HAS_FACULTY', mapping to RELATED_TO
[WARN] Unknown relation 'HAS_ABBREVIATION', mapping to RELATED_TO
[WARN] Unknown relation 'INTERVIEWED_BY', mapping to RELATED_TO
[WARN] Unknown relation 'HAS_EVENT', mapping to RELATED_TO
[WARN] Unknown relation 'ACHIEVED', mapping to RELATED_TO
[WARN] Unknown relation 'HAS_SCHOOL', mapping to RELATED_TO
[WARN] Unknown relation 'HAS_AWARD', mapping to RELATED_TO
[WARN] Unknown relation 'PHOTOGRAPHED_FOR', mapping to RELATED_TO
[WARN] Unknown relation 'CHANGES_OVER_TIME', mapping to RELATED_TO
[WARN] Unknown relation 'ARISES_FROM', mapping to RELATED_TO
[WARN] Unknown relation 'CONSTRAINED_BY', mapping to RELATED_TO
[WARN] Unknown relation 'ANALYZES', mapping to RELATED_TO
[WARN] Unknown relation 'IMPACTS', mapping to RELATED_TO
[WARN] Unknown relation 'AIMS_AT', mapping to RELATED_TO
[WARN] Unknown relation 'ADVANTAGE', mapping to RELATED_TO
[WARN] Unknown relation 'LIMITATION', mapping to RELATED_TO
[WARN] Unknown relation 'DEVELOPS_FROM', mapping to RELATED_TO
[WARN] Unknown relation 'NOT_SUITABLE_FOR', mapping to RELATED_TO
[WARN] Unknown relation 'AGGRAVATES', mapping to RELATED_TO
[WARN] Unknown relation 'HAS_CONDITION', mapping to RELATED_TO
[WARN] Unknown relation 'ANALYZED_THROUGH', mapping to RELATED_TO
[WARN] Unknown relation 'SUMMARIZES', mapping to RELATED_TO
[WARN] Unknown relation 'UNCONSTRAINED_BY', mapping to RELATED_TO
[WARN] Unknown relation '投入使用后', mapping to RELATED_TO
[INFO] Fuzzy matched relation 'RELOCATED_TO' -> 'RELATED_TO'
[WARN] Unknown relation 'ARRANGED_ALONG', mapping to RELATED_TO
[WARN] Unknown relation 'CONVERTS', mapping to RELATED_TO
[WARN] Unknown relation 'TRANSFORMED_TO', mapping to RELATED_TO
[WARN] Unknown relation 'LOCATED_AROUND', mapping to RELATED_TO
[WARN] Unknown relation 'AFTER', mapping to RELATED_TO
[WARN] Unknown relation 'HAS_HISTORY', mapping to RELATED_TO
[WARN] Unknown relation 'HAS_BUILDING', mapping to RELATED_TO
[WARN] Unknown relation 'FORMULATES', mapping to RELATED_TO
[WARN] Unknown relation 'AWARDS', mapping to RELATED_TO
[WARN] Unknown relation 'COMBINES_WITH', mapping to RELATED_TO
[WARN] Unknown relation 'RESEARCHED_BY', mapping to RELATED_TO
[WARN] Unknown relation 'AT', mapping to RELATED_TO
[WARN] Unknown relation 'MANIFESTS_IN', mapping to RELATED_TO
[WARN] Unknown relation 'HAS_DATA', mapping to RELATED_TO
[WARN] Unknown relation 'HAS_WATER_USAGE', mapping to RELATED_TO
[WARN] Unknown relation 'IS_PROMOTED_BY', mapping to RELATED_TO
[WARN] Unknown relation 'IS_ABBREVIATED_AS', mapping to RELATED_TO
[WARN] Unknown relation 'DEEPENS', mapping to RELATED_TO
[WARN] Unknown relation 'NEGATIVELY_IMPACTS', mapping to RELATED_TO
[WARN] Unknown relation 'HAS_RELATIONSHIP', mapping to RELATED_TO
[WARN] Unknown relation 'CAN_USE', mapping to RELATED_TO
[WARN] Unknown relation 'HAS_CAPACITY_UNIT', mapping to RELATED_TO
[WARN] Unknown relation 'HAS_CAPACITY_RANGE', mapping to RELATED_TO
[WARN] Unknown relation 'CONDITIONALLY_CONTAINS', mapping to RELATED_TO
[WARN] Unknown relation 'HAS_SPECIALTY_CHARACTERISTICS', mapping to RELATED_TO
[WARN] Unknown relation 'CAN_BE_MERGED', mapping to RELATED_TO
[WARN] Unknown relation 'CAN_ADD', mapping to RELATED_TO
[WARN] Unknown relation 'SHARES_WITH', mapping to RELATED_TO
[INFO] LLM mapped relation 'INTEGRATED_WITH' -> 'CONNECTED_TO'
[WARN] Unknown relation 'HAS_SPACING', mapping to RELATED_TO
[WARN] Unknown relation 'HAS_DOOR', mapping to RELATED_TO
[WARN] Unknown relation 'DISTINGUISHES', mapping to RELATED_TO
[WARN] Unknown relation 'CONFIGURES', mapping to RELATED_TO
[WARN] Unknown relation 'PROCESSED_IN', mapping to RELATED_TO
[WARN] Unknown relation 'DESIGNED_ACCORDING_TO', mapping to RELATED_TO
[WARN] Unknown relation 'PROCESSES', mapping to RELATED_TO
[WARN] Unknown relation 'ALTERNATIVE_TO', mapping to RELATED_TO
[WARN] Unknown relation 'GENERATED_BY', mapping to RELATED_TO
[WARN] Unknown relation 'HAS_OPTION', mapping to RELATED_TO
[INFO] LLM mapped relation 'HAS_DESIGN_REQUIREMENT' -> 'REQUIRES'
[WARN] Unknown relation 'PROHIBITED_IN', mapping to RELATED_TO
[WARN] Unknown relation 'ALLOWED_WITH', mapping to RELATED_TO
[WARN] Unknown relation 'REQUIRED_WHEN', mapping to RELATED_TO
[WARN] Unknown relation 'CLASSIFIED_AS', mapping to RELATED_TO
[WARN] Unknown relation 'EQUALS', mapping to RELATED_TO
[WARN] Unknown relation 'SET_IN', mapping to RELATED_TO
[WARN] Unknown relation 'NOT_SET_IN', mapping to RELATED_TO
[WARN] Unknown relation 'NOT_SUITABLE_FOR', mapping to RELATED_TO
[WARN] Unknown relation 'PROHIBITS', mapping to RELATED_TO
[WARN] Unknown relation 'CONFIGURED_BASED_ON', mapping to RELATED_TO
[WARN] Unknown relation 'PURPOSE', mapping to RELATED_TO
[WARN] Unknown relation 'PROHIBITED_FOR', mapping to RELATED_TO
[WARN] Unknown relation 'NOT_INSTALLED_IN', mapping to RELATED_TO
[WARN] Unknown relation 'FLOWS_TO', mapping to RELATED_TO
[WARN] Unknown relation 'PRIORITIZES', mapping to RELATED_TO
[WARN] Unknown relation 'HAS_LEVEL', mapping to RELATED_TO
[WARN] Unknown relation 'HAS_TYPE', mapping to RELATED_TO
[WARN] Unknown relation 'HAS_DESIGN_TEMPERATURE', mapping to RELATED_TO
[WARN] Unknown relation 'HAS_DESIGN_HUMIDITY', mapping to RELATED_TO
[WARN] Unknown relation 'MUST_USE', mapping to RELATED_TO
[WARN] Unknown relation 'HAS_AIR_CHANGE_RATE', mapping to RELATED_TO
[WARN] Unknown relation 'HAS_NOISE_LIMIT', mapping to RELATED_TO
[INFO] LLM mapped relation 'HAS_PRESSURE_REQUIREMENT' -> 'REQUIRES'
[WARN] Unknown relation 'FLOWS_FROM', mapping to RELATED_TO
[WARN] Unknown relation 'HAS_SAFETY_FACILITY_POWER_GRADE', mapping to RELATED_TO
[WARN] Unknown relation 'HAS_LOAD_GRADE', mapping to RELATED_TO
[WARN] Unknown relation 'IS_ATTRIBUTE_OF', mapping to RELATED_TO
[WARN] Unknown relation 'FAILS', mapping to RELATED_TO
[WARN] Unknown relation 'AUTOMATICALLY_CONNECTS_TO', mapping to RELATED_TO
[INFO] LLM mapped relation 'AUTOMATICALLY_OR_MANUALLY_CONNECTS_TO' -> 'CONNECTED_TO'
[WARN] Unknown relation 'TRIGGERED_BY', mapping to RELATED_TO
[WARN] Unknown relation 'AIMS_TO_PROTECT', mapping to RELATED_TO
[WARN] Unknown relation 'INTEGRATED_BY', mapping to RELATED_TO
[WARN] Unknown relation 'CONDITIONALLY_RELATES_TO', mapping to RELATED_TO
[WARN] Unknown relation 'IS_GUIDED_BY', mapping to RELATED_TO
[WARN] Unknown relation 'IS_SUBJECT_TO', mapping to RELATED_TO
[WARN] Unknown relation 'CAN_SET', mapping to RELATED_TO
[WARN] Unknown relation 'MONITORED_BY', mapping to RELATED_TO
[WARN] Unknown relation 'SPECIFIC_FOR', mapping to RELATED_TO
[WARN] Unknown relation 'HAS_COMPONENT', mapping to RELATED_TO
[WARN] Unknown relation 'HAS_SUBSYSTEM', mapping to RELATED_TO
[WARN] Unknown relation 'ALERTS_VIA', mapping to RELATED_TO
[WARN] Unknown relation 'TRANSMITTED_TO', mapping to RELATED_TO
[WARN] Unknown relation 'TREATED_AS', mapping to RELATED_TO
[WARN] Unknown relation 'DISCHARGED_TO', mapping to RELATED_TO
[WARN] Unknown relation 'HAS_VALUE_RANGE', mapping to RELATED_TO
[WARN] Unknown relation 'REQUIRES_PRESSURE', mapping to RELATED_TO
[WARN] Unknown relation 'LIST_VALUES_FOR', mapping to RELATED_TO
[WARN] Unknown relation 'DEFINED_IN', mapping to RELATED_TO
[WARN] Unknown relation 'HAS_PRESSURE_RANGE', mapping to RELATED_TO
[WARN] Unknown relation 'LISTED_IN', mapping to RELATED_TO
[WARN] Unknown relation 'COMPILED', mapping to RELATED_TO
[INFO] Fuzzy matched relation 'OBTAINS' -> 'CONTAINS'
[INFO] Fuzzy matched relation 'CREATED_ON' -> 'RELATED_TO'
[WARN] Unknown relation 'HAS_WEAKNESS', mapping to RELATED_TO
[WARN] Unknown relation 'IS_REVISION_OF', mapping to RELATED_TO
[WARN] Unknown relation 'APPROVED', mapping to RELATED_TO
[WARN] Unknown relation 'CAN_REFER_TO', mapping to RELATED_TO
[WARN] Unknown relation 'IS_AFFECTED_BY', mapping to RELATED_TO
[WARN] Unknown relation 'IS_ADJUSTED_IN', mapping to RELATED_TO
[WARN] Unknown relation 'SHOULD_SATISFY', mapping to RELATED_TO
[WARN] Unknown relation 'SHOULD_CLARIFY', mapping to RELATED_TO
[WARN] Unknown relation 'IS_CRUCIAL_FOR', mapping to RELATED_TO
[WARN] Unknown relation 'NEEDS_TO_COORDINATE_WITH', mapping to RELATED_TO
[WARN] Unknown relation 'DIFFERENTIATES_FROM', mapping to RELATED_TO
[WARN] Unknown relation 'ALLOCATES', mapping to RELATED_TO
[WARN] Unknown relation 'REFINES', mapping to RELATED_TO
[WARN] Unknown relation 'OBTAINED_FROM', mapping to RELATED_TO
[WARN] Unknown relation 'HAS_RANGE', mapping to RELATED_TO
[INFO] Fuzzy matched relation 'PROVIDES_BY' -> 'PROVIDES'
[WARN] Unknown relation 'CHARACTERIZES', mapping to RELATED_TO
[WARN] Unknown relation 'FACILITATES_ACCESS_TO', mapping to RELATED_TO
[WARN] Unknown relation 'FACILITATES_ACCESS_FOR', mapping to RELATED_TO
[WARN] Unknown relation 'IS_TRANSPORT_MODE', mapping to RELATED_TO
[WARN] Unknown relation 'USES_TRANSPORT', mapping to RELATED_TO
[WARN] Unknown relation 'HAS_DEPARTMENT', mapping to RELATED_TO
[WARN] Unknown relation 'HAS_FUNCTIONAL_AREA', mapping to RELATED_TO
[WARN] Unknown relation 'PROVIDES_SPACE_FOR', mapping to RELATED_TO
[WARN] Unknown relation 'HAS_RELATIONSHIP_WITH', mapping to RELATED_TO
[WARN] Unknown relation 'REQUIRES_ACCESS', mapping to RELATED_TO
[WARN] Unknown relation 'MUST_CONSIDER', mapping to RELATED_TO
[WARN] Unknown relation 'MUST_FACILITATE', mapping to RELATED_TO
[WARN] Unknown relation 'IMPACTS', mapping to RELATED_TO
[WARN] Unknown relation 'IS_SECTION_OF', mapping to RELATED_TO
[WARN] Unknown relation 'IS_SUBSECTION_OF', mapping to RELATED_TO
[WARN] Unknown relation 'HAS_RELAXED_REQUIREMENT', mapping to RELATED_TO
[WARN] Unknown relation 'PREVENTED_BY', mapping to RELATED_TO
[WARN] Unknown relation 'DEVELOPS_WITH', mapping to RELATED_TO
[WARN] Unknown relation 'MAY_INCLUDE', mapping to RELATED_TO
[WARN] Unknown relation 'DESCRIBED_IN', mapping to RELATED_TO
[WARN] Unknown relation 'DEMANDS', mapping to RELATED_TO
[WARN] Unknown relation 'EVOLVES_WITH', mapping to RELATED_TO
[WARN] Unknown relation 'SUBJECT_TO', mapping to RELATED_TO
[WARN] Unknown relation 'HAS_TREND', mapping to RELATED_TO
[WARN] Unknown relation 'DISADVANTAGE', mapping to RELATED_TO
[WARN] Unknown relation 'NOT_USED_IN', mapping to RELATED_TO
[WARN] Unknown relation 'ENTERS', mapping to RELATED_TO
[WARN] Unknown relation 'NOT_ALLOWED_IN', mapping to RELATED_TO
[WARN] Unknown relation 'ALLOWED_IN', mapping to RELATED_TO
[WARN] Unknown relation 'PREFERABLY_LOCATED_IN', mapping to RELATED_TO
[WARN] Unknown relation 'PREFERABLY_PART_OF', mapping to RELATED_TO
[WARN] Unknown relation 'IN_YEAR', mapping to RELATED_TO
[WARN] Unknown relation 'HAS_ID', mapping to RELATED_TO
[WARN] Unknown relation 'ABBREVIATED_AS', mapping to RELATED_TO
[WARN] Unknown relation 'SHOULD_UNDERSTAND', mapping to RELATED_TO
[WARN] Unknown relation 'SHOULD_MASTER', mapping to RELATED_TO
[WARN] Unknown relation 'INCLUDES_ASPECTS', mapping to RELATED_TO
[WARN] Unknown relation 'AIMS_TO_SOLVE', mapping to RELATED_TO
[INFO] Fuzzy matched relation 'TRANSLATES_TO' -> 'RELATES_TO'
[WARN] Unknown relation 'IS_INFORMATION_CARRIER_FOR', mapping to RELATED_TO
[WARN] Unknown relation 'SHOULD_CONSIDER', mapping to RELATED_TO
[WARN] Unknown relation 'IS_DISCUSSED_IN', mapping to RELATED_TO
[WARN] Unknown relation 'MAY_HAVE_ATTRIBUTE', mapping to RELATED_TO
[WARN] Unknown relation 'PLAYS_ROLE_FOR', mapping to RELATED_TO
[WARN] Unknown relation 'CONVEYS', mapping to RELATED_TO
[WARN] Unknown relation 'ADJUSTS', mapping to RELATED_TO
[WARN] Unknown relation 'DAMPENS', mapping to RELATED_TO
[WARN] Unknown relation 'LACKS_KNOWLEDGE_OF', mapping to RELATED_TO
[WARN] Unknown relation 'BUILDS', mapping to RELATED_TO
[WARN] Unknown relation 'HAS_IMPROVED', mapping to RELATED_TO
[WARN] Unknown relation 'CORRESPONDS_TO', mapping to RELATED_TO
[WARN] Unknown relation 'TYPICALLY_HAS', mapping to RELATED_TO
[WARN] Unknown relation 'CONFIRMED_BY', mapping to RELATED_TO
[WARN] Unknown relation 'SET_IN', mapping to RELATED_TO
[WARN] Unknown relation 'SET_ACCORDING_TO', mapping to RELATED_TO
[WARN] Unknown relation 'INSTALLED_AT', mapping to RELATED_TO
[WARN] Unknown relation 'MEASURED_AS', mapping to RELATED_TO
[WARN] Unknown relation 'RANGE', mapping to RELATED_TO
[WARN] Unknown relation 'HAS_RANGE', mapping to RELATED_TO
[WARN] Unknown relation 'TESTED_BY', mapping to RELATED_TO
[WARN] Unknown relation 'FOLLOWS_PRINCIPLE', mapping to RELATED_TO
[WARN] Unknown relation 'EVOLVES_FROM', mapping to RELATED_TO
[WARN] Unknown relation 'IMPLEMENTED_BY', mapping to RELATED_TO
[WARN] Unknown relation 'HAS_GRADING', mapping to RELATED_TO
[WARN] Unknown relation 'AIMS_TO_AVOID', mapping to RELATED_TO
[WARN] Unknown relation 'IS_MATERIAL_OF', mapping to RELATED_TO
[WARN] Unknown relation 'IS_CARRIER_OF', mapping to RELATED_TO
[WARN] Unknown relation 'HAS_DESIGN_STYLE', mapping to RELATED_TO
[WARN] Unknown relation 'IGNORES', mapping to RELATED_TO
[WARN] Unknown relation 'VISUALIZES', mapping to RELATED_TO
[WARN] Unknown relation 'SPECIFIES', mapping to RELATED_TO
[WARN] Unknown relation 'PROVIDED_AT', mapping to RELATED_TO
[WARN] Unknown relation 'THINKS_ABOUT', mapping to RELATED_TO
[WARN] Unknown relation 'AIMS_TO_FORM', mapping to RELATED_TO
[INFO] LLM mapped relation 'AIMS_TO_GUIDE' -> 'GUIDES'
[WARN] Unknown relation 'AIMS_TO_CONVEY', mapping to RELATED_TO
[WARN] Unknown relation 'RESULTS_FROM', mapping to RELATED_TO
[WARN] Unknown relation 'VARIES_BY', mapping to RELATED_TO
[WARN] Unknown relation 'MAY_NOT_MEET', mapping to RELATED_TO
[WARN] Unknown relation 'AIMS_TO_MEET', mapping to RELATED_TO
[WARN] Unknown relation 'BASED_ONLY_ON', mapping to RELATED_TO
[WARN] Unknown relation 'MAY_NOT_MATCH', mapping to RELATED_TO
[WARN] Unknown relation 'SATISFIES', mapping to RELATED_TO
[WARN] Unknown relation 'SHOULD_USE', mapping to RELATED_TO
[WARN] Unknown relation 'SHOULD_MEET', mapping to RELATED_TO
[WARN] Unknown relation 'AUTHORS', mapping to RELATED_TO
[WARN] Unknown relation 'HAS_DOI', mapping to RELATED_TO
[WARN] Unknown relation 'HELPS_AVOID', mapping to RELATED_TO
[WARN] Unknown relation 'AIMS_TO_ACHIEVE', mapping to RELATED_TO
[WARN] Unknown relation 'BASIS_OF', mapping to RELATED_TO
[WARN] Unknown relation 'HAS_NEED', mapping to RELATED_TO
[WARN] Unknown relation 'MATCHES', mapping to RELATED_TO
[INFO] Fuzzy matched relation 'CONNECTS_TO' -> 'CONNECTED_TO'
[WARN] Unknown relation 'HAS_MODE', mapping to RELATED_TO
[WARN] Unknown relation 'HAS_VARIANT', mapping to RELATED_TO
[WARN] Unknown relation 'VISIBLE_FROM', mapping to RELATED_TO
[WARN] Unknown relation 'USED_FOR_CALCULATION_OF', mapping to RELATED_TO
[INFO] Fuzzy matched relation 'HAS_REFERENCE' -> 'REFERENCES'
[WARN] Unknown relation 'IS_VERSION_OF', mapping to RELATED_TO
[WARN] Unknown relation 'FOLLOWS_STANDARD', mapping to RELATED_TO
[INFO] Fuzzy matched relation 'IS_REQUIRED_BY' -> 'REQUIRED_BY'
[WARN] Unknown relation 'ADJUSTS_TO', mapping to RELATED_TO
[WARN] Unknown relation 'APPROVES', mapping to RELATED_TO
[WARN] Unknown relation 'CALCULATED_BY', mapping to RELATED_TO
[WARN] Unknown relation 'SUCCEEDS', mapping to RELATED_TO
[WARN] Unknown relation 'CAN_TRANSFORM_TO', mapping to RELATED_TO
[WARN] Unknown relation 'DETERMINED_BY', mapping to RELATED_TO
[WARN] Unknown relation 'MULTIPLIED_BY', mapping to RELATED_TO
[WARN] Unknown relation 'ALTERNATIVE_FOR', mapping to RELATED_TO
[WARN] Unknown relation 'IS_AIM_OF', mapping to RELATED_TO
[WARN] Unknown relation 'GOVERNED_BY', mapping to RELATED_TO
[WARN] Unknown relation 'APPROVED_BY', mapping to RELATED_TO
[WARN] Unknown relation 'MODIFIES', mapping to RELATED_TO
[WARN] Unknown relation 'IS_OUTPUT_OF', mapping to RELATED_TO
[WARN] Unknown relation 'DOCUMENTS', mapping to RELATED_TO
[WARN] Unknown relation 'CONFORMS_TO', mapping to RELATED_TO
[WARN] Unknown relation 'SETS', mapping to RELATED_TO
[WARN] Unknown relation 'PRIORITIZES', mapping to RELATED_TO
[WARN] Unknown relation 'PLAYS_ROLE_OF', mapping to RELATED_TO
[WARN] Unknown relation 'URGES_IMPLEMENTATION_OF', mapping to RELATED_TO
[WARN] Unknown relation 'INCLUDES_IN_SUPERVISION', mapping to RELATED_TO
[WARN] Unknown relation 'FULFILLS', mapping to RELATED_TO
[WARN] Unknown relation 'DRAFTS', mapping to RELATED_TO
[WARN] Unknown relation 'SUBMITS_TO', mapping to RELATED_TO
[WARN] Unknown relation 'EVALUATES', mapping to RELATED_TO
[WARN] Unknown relation 'VERIFIES', mapping to RELATED_TO
[WARN] Unknown relation 'SELECTED_AS', mapping to RELATED_TO
[WARN] Unknown relation 'SUBMITTED_BY', mapping to RELATED_TO
[WARN] Unknown relation 'HAS_CATEGORY', mapping to RELATED_TO
[WARN] Unknown relation 'IS_DEADLINE_FOR', mapping to RELATED_TO
[WARN] Unknown relation 'SUBMITS', mapping to RELATED_TO
[WARN] Unknown relation 'COMMUNICATED_TO', mapping to RELATED_TO
[WARN] Unknown relation 'ANNOUNCES', mapping to RELATED_TO
[WARN] Unknown relation 'CONDUCTED_AT', mapping to RELATED_TO
[WARN] Unknown relation 'LINKED_TO', mapping to RELATED_TO
[WARN] Unknown relation 'ADHERES_TO', mapping to RELATED_TO
[WARN] Unknown relation 'IS_ID_OF', mapping to RELATED_TO
[WARN] Unknown relation 'EFFECTIVE_FROM', mapping to RELATED_TO
[WARN] Unknown relation 'UNDER', mapping to RELATED_TO
[WARN] Unknown relation 'COOPERATES_WITH', mapping to RELATED_TO
[WARN] Unknown relation 'SUPERSEDES', mapping to RELATED_TO
[WARN] Unknown relation 'HAS_STATUS', mapping to RELATED_TO
[WARN] Unknown relation 'ABOLISHED_ON', mapping to RELATED_TO
[WARN] Unknown relation 'ORGANIZES_PUBLICATION_OF', mapping to RELATED_TO
[WARN] Unknown relation 'MUST_BE', mapping to RELATED_TO
[WARN] Unknown relation 'INTERPRETS', mapping to RELATED_TO
[WARN] Unknown relation 'EXPLAINS', mapping to RELATED_TO
[WARN] Unknown relation 'EXECUTES', mapping to RELATED_TO
[WARN] Unknown relation 'ISSUED', mapping to RELATED_TO
[WARN] Unknown relation 'MUST_EXECUTE', mapping to RELATED_TO
[WARN] Unknown relation 'SUPPLIES', mapping to RELATED_TO
[WARN] Unknown relation 'DELIVERS', mapping to RELATED_TO
[WARN] Unknown relation 'LISTS', mapping to RELATED_TO
[WARN] Unknown relation 'DEFINES_SCOPE', mapping to RELATED_TO
[WARN] Unknown relation 'DEEPENS', mapping to RELATED_TO
[WARN] Unknown relation 'HAS_RELATIONSHIP', mapping to RELATED_TO
[WARN] Unknown relation 'CAN_BE_MERGED_WITH', mapping to RELATED_TO
[WARN] Unknown relation 'CAN_CONTAIN', mapping to RELATED_TO
[WARN] Unknown relation 'CAN_BE_IN', mapping to RELATED_TO
[WARN] Unknown relation 'CAN_SHARE', mapping to RELATED_TO
[WARN] Unknown relation 'CAN_BE_ADJACENT_TO', mapping to RELATED_TO
[WARN] Unknown relation 'CAN_BE_INTEGRATED_WITH', mapping to RELATED_TO[WARN] Unknown relation 'TRANSPORTED_WITH', mapping to RELATED_TO
[WARN] Unknown relation 'SUGGESTED_FOR', mapping to RELATED_TO
[WARN] Unknown relation 'LOCATED_AWAY_FROM', mapping to RELATED_TO
[WARN] Unknown relation 'IS_TREND_OF', mapping to RELATED_TO
[WARN] Unknown relation 'TRANSPORTED_VIA', mapping to RELATED_TO
[WARN] Unknown relation 'WASTES', mapping to RELATED_TO
[WARN] Unknown relation 'AIMS_TO_REDUCE', mapping to RELATED_TO
[WARN] Unknown relation 'MENTIONS', mapping to RELATED_TO
[WARN] Unknown relation 'IS_REFERENCED_BY', mapping to RELATED_TO
[WARN] Unknown relation 'HAS_RISK', mapping to RELATED_TO
[WARN] Unknown relation 'HAS_PARAMETER', mapping to RELATED_TO
[WARN] Unknown relation 'HAS_RECOMMENDATION', mapping to RELATED_TO
[WARN] Unknown relation 'SHOULD_AVOID', mapping to RELATED_TO
[WARN] Unknown relation 'MUST_BE', mapping to RELATED_TO
[WARN] Unknown relation 'HAS_LOWER_LIMIT', mapping to RELATED_TO
[WARN] Unknown relation 'HAS_UPPER_LIMIT', mapping to RELATED_TO
[WARN] Unknown relation 'EMITS', mapping to RELATED_TO
[WARN] Unknown relation 'DISPOSED_AS', mapping to RELATED_TO
[WARN] Unknown relation 'POTENTIALLY_CAUSES', mapping to RELATED_TO
[WARN] Unknown relation 'CAN_CONNECT_VIA', mapping to RELATED_TO
[WARN] Unknown relation 'USED_TO_USE', mapping to RELATED_TO
[WARN] Unknown relation 'REPRODUCES_IN', mapping to RELATED_TO
[WARN] Unknown relation 'REMOVES', mapping to RELATED_TO
[WARN] Unknown relation 'HAS_SECTION', mapping to RELATED_TO
[WARN] Unknown relation 'RECOMMENDED_FOR', mapping to RELATED_TO
[INFO] Fuzzy matched relation 'REQUIRED_FOR' -> 'REQUIRED_BY'
[WARN] Unknown relation 'SAME_AS', mapping to RELATED_TO
[WARN] Unknown relation 'SUPPLEMENTS_WITH', mapping to RELATED_TO
[INFO] LLM mapped relation 'DESIGN_REQUIRES' -> 'REQUIRES'
[WARN] Unknown relation 'MAY_NOT_SATISFY', mapping to RELATED_TO
[WARN] Unknown relation 'CONFIGURED_AS', mapping to RELATED_TO
[WARN] Unknown relation 'ADAPTS_TO', mapping to RELATED_TO
[WARN] Unknown relation 'SHOULD_NOT_BE_INSTALLED_IN', mapping to RELATED_TO
[INFO] LLM mapped relation 'SHOULD_BE_INSTALLED_IN' -> 'REQUIRES'
[WARN] Unknown relation 'RECOMMENDS', mapping to RELATED_TO
[WARN] Unknown relation 'MAY_NOT_MEET', mapping to RELATED_TO
[WARN] Unknown relation 'CLASSIFIED_BY', mapping to RELATED_TO
[WARN] Unknown relation 'CONFIGURED_BY', mapping to RELATED_TO
[WARN] Unknown relation 'DIRECTS', mapping to RELATED_TO
[INFO] LLM mapped relation 'RISKS' -> 'RELATED_TO'
[WARN] Unknown relation 'CAPTURES', mapping to RELATED_TO
[INFO] Fuzzy matched relation 'REQUIRED_IN' -> 'REQUIRED_BY'
[WARN] Unknown relation 'CLASSIFIES', mapping to RELATED_TO
[WARN] Unknown relation 'HIGHER_THAN', mapping to RELATED_TO
[WARN] Unknown relation 'ELIMINATES', mapping to RELATED_TO
[WARN] Unknown relation 'EXCLUDES_AT_SOURCE', mapping to RELATED_TO
[WARN] Unknown relation 'CAN_BE_ADJUSTED_FOR', mapping to RELATED_TO
[WARN] Unknown relation 'DEFINED_BY', mapping to RELATED_TO
[WARN] Unknown relation 'CONDITIONED_BY', mapping to RELATED_TO
[WARN] Unknown relation 'HAS_MINIMUM', mapping to RELATED_TO
[WARN] Unknown relation 'HAS_EFFICIENCY', mapping to RELATED_TO
[WARN] Unknown relation 'SIZE_CALCULATION', mapping to RELATED_TO
[WARN] Unknown relation 'AREA_PER_ROOM', mapping to RELATED_TO
[WARN] Unknown relation 'HANDLED_IN', mapping to RELATED_TO
[WARN] Unknown relation 'INTERFERES_WITH', mapping to RELATED_TO
[WARN] Unknown relation 'HAS_ZONE', mapping to RELATED_TO
[WARN] Unknown relation 'CAN_BE_SHARED_BY', mapping to RELATED_TO
[WARN] Unknown relation 'CAN_BE_USED_BY', mapping to RELATED_TO
[WARN] Unknown relation 'DUE_TO', mapping to RELATED_TO
[WARN] Unknown relation 'PROHIBITS_ABOVE_MACHINE', mapping to RELATED_TO
[WARN] Unknown relation 'PREVENTS_BACKFLOW', mapping to RELATED_TO
[WARN] Unknown relation 'CAUSES_RISK_OF', mapping to RELATED_TO
[WARN] Unknown relation 'PROTECTS_AGAINST', mapping to RELATED_TO
[WARN] Unknown relation 'STORED_IN', mapping to RELATED_TO
[WARN] Unknown relation 'FLOWS_FROM_TO', mapping to RELATED_TO
[WARN] Unknown relation 'POTENTIAL_CAUSE', mapping to RELATED_TO
[WARN] Unknown relation 'POTENTIAL_PATH', mapping to RELATED_TO
[WARN] Unknown relation 'TRANSMITS_TO', mapping to RELATED_TO
[WARN] Unknown relation 'IS_DEFINED_BY', mapping to RELATED_TO
[WARN] Unknown relation 'COMPARED_WITH', mapping to RELATED_TO
[WARN] Unknown relation 'SUPPRESSES', mapping to RELATED_TO
[WARN] Unknown relation 'PARALLEL_WITH', mapping to RELATED_TO
[WARN] Unknown relation 'CAN_SHARE', mapping to RELATED_TO
[WARN] Unknown relation 'CAN_HAVE_MULTIPLE', mapping to RELATED_TO
[WARN] Unknown relation 'DETECTS', mapping to RELATED_TO
[WARN] Unknown relation 'HELPS_ELIMINATE', mapping to RELATED_TO
[WARN] Unknown relation 'CAN_CAUSE', mapping to RELATED_TO
[WARN] Unknown relation 'NOT_CAUSE', mapping to RELATED_TO
[WARN] Unknown relation 'LIMITS', mapping to RELATED_TO
[WARN] Unknown relation 'SHOULD_NOT_CAUSE', mapping to RELATED_TO
[WARN] Unknown relation 'IS_ADJUSTED_TO', mapping to RELATED_TO
[WARN] Unknown relation 'IS_USED_IN', mapping to RELATED_TO
[WARN] Unknown relation 'IS_IMPORTANT_FOR', mapping to RELATED_TO
[WARN] Unknown relation 'IS_ACHIEVED_BY', mapping to RELATED_TO
[WARN] Unknown relation 'IS_SET_ON', mapping to RELATED_TO
[WARN] Unknown relation 'IS_APPLIED_IN', mapping to RELATED_TO
[WARN] Unknown relation 'IS_SELECTED_BASED_ON', mapping to RELATED_TO
[WARN] Unknown relation 'IS_NOT_SUITABLE_FOR', mapping to RELATED_TO
[WARN] Unknown relation 'IS_SUITABLE_FOR', mapping to RELATED_TO
[WARN] Unknown relation 'VARY', mapping to RELATED_TO
[WARN] Unknown relation 'SHOULD_SET', mapping to RELATED_TO
[WARN] Unknown relation 'GOVERNED_BY', mapping to RELATED_TO
[WARN] Unknown relation 'RECOMMENDED_TO_HAVE', mapping to RELATED_TO
[WARN] Unknown relation 'INITIATES', mapping to RELATED_TO
[WARN] Unknown relation 'LOCATION_OF', mapping to RELATED_TO
[WARN] Unknown relation 'TIME_OF', mapping to RELATED_TO
[WARN] Unknown relation 'DISPLAYED_DURING', mapping to RELATED_TO
[WARN] Unknown relation 'CAN_CROSS', mapping to RELATED_TO
[WARN] Unknown relation 'INSTALLED_AT', mapping to RELATED_TO
[WARN] Unknown relation 'OPERATED_BY', mapping to RELATED_TO
[WARN] Unknown relation 'SEPARATED_FROM', mapping to RELATED_TO
[WARN] Unknown relation 'CARRIES', mapping to RELATED_TO
[WARN] Unknown relation 'DEPLOYED_AS', mapping to RELATED_TO
[INFO] LLM mapped relation 'INSTALLED_NEAR' -> 'ADJACENT_TO'
[WARN] Unknown relation 'STORES_IN', mapping to RELATED_TO
[WARN] Unknown relation 'LINKED_WITH', mapping to RELATED_TO
[WARN] Unknown relation 'PRIORITIZED_FOR', mapping to RELATED_TO
[WARN] Unknown relation 'CONSIDERED_BY', mapping to RELATED_TO
[WARN] Unknown relation 'HAS_DEMAND', mapping to RELATED_TO
[WARN] Unknown relation 'INTERACTS_WITH', mapping to RELATED_TO
[WARN] Unknown relation 'SEPARATED_BY', mapping to RELATED_TO
[WARN] Unknown relation 'HAS_HAZARD', mapping to RELATED_TO
[WARN] Unknown relation 'MUST_MAINTAIN', mapping to RELATED_TO
[INFO] Fuzzy matched relation 'NOT_CONNECTED_TO' -> 'CONNECTED_TO'
[WARN] Unknown relation 'CAN_BE_CONNECTED_TO', mapping to RELATED_TO
[WARN] Unknown relation 'CAN_ENTER', mapping to RELATED_TO
[INFO] LLM mapped relation 'CAN_BE_REFERENCED_BY' -> 'REFERENCES'
[WARN] Unknown relation 'STATES', mapping to RELATED_TO
[WARN] Unknown relation 'REACTS_WITH', mapping to RELATED_TO
[WARN] Unknown relation 'PROHIBITED_FROM', mapping to RELATED_TO
[WARN] Unknown relation 'SUPPLIES', mapping to RELATED_TO
[WARN] Unknown relation 'FLOWS_WITH', mapping to RELATED_TO
[WARN] Unknown relation 'PUBLISHED_ON', mapping to RELATED_TO
[WARN] Unknown relation 'DISTRIBUTED_BY', mapping to RELATED_TO
[WARN] Unknown relation 'PRINTED_BY', mapping to RELATED_TO
[WARN] Unknown relation 'STATUS', mapping to RELATED_TO
[WARN] Unknown relation 'ORGANIZED_BY', mapping to RELATED_TO
[WARN] Unknown relation 'FORMATTED_AS', mapping to RELATED_TO
[WARN] Unknown relation 'HAS_FORMAT', mapping to RELATED_TO
[WARN] Unknown relation 'SENT_TO', mapping to RELATED_TO
[WARN] Unknown relation 'HAS_ADDRESS', mapping to RELATED_TO
[WARN] Unknown relation 'HAS_POSTAL_CODE', mapping to RELATED_TO
[WARN] Unknown relation 'SUMMARIZED', mapping to RELATED_TO
[WARN] Unknown relation 'ADOPTED', mapping to RELATED_TO
[INFO] Fuzzy matched relation 'REFERENCED' -> 'REFERENCES'
[WARN] Unknown relation 'COLLECTED', mapping to RELATED_TO
[WARN] Unknown relation 'DEVELOPED_BY', mapping to RELATED_TO
[WARN] Unknown relation 'REVIEWED_BY', mapping to RELATED_TO
[WARN] Unknown relation 'FINALIZED_BY', mapping to RELATED_TO
[WARN] Unknown relation 'HAS_WATER_USAGE', mapping to RELATED_TO
[WARN] Unknown relation 'HAS_COEFFICIENT', mapping to RELATED_TO
[WARN] Unknown relation 'CLASSIFIES_AS', mapping to RELATED_TO
[WARN] Unknown relation 'SET_WHEN', mapping to RELATED_TO
[WARN] Unknown relation 'HAS_PROPORTION', mapping to RELATED_TO
[WARN] Unknown relation 'NEGATIVELY_AFFECTS', mapping to RELATED_TO
[WARN] Unknown relation 'RECOMMENDED_CONNECTION', mapping to RELATED_TO
[WARN] Unknown relation 'DISPOSED_SEPARATELY_FROM', mapping to RELATED_TO
[INFO] LLM mapped relation 'NEAR' -> 'ADJACENT_TO'
[WARN] Unknown relation 'VISIBLE_TO', mapping to RELATED_TO
[WARN] Unknown relation 'SHOULD_BE_LOCATED_IN', mapping to RELATED_TO
[WARN] Unknown relation 'SHOULD_BE_SEPARATED_FROM', mapping to RELATED_TO
[WARN] Unknown relation 'SHOULD_BE_ADJACENT_TO', mapping to RELATED_TO
[WARN] Unknown relation 'HAS_DESIGN_METHOD', mapping to RELATED_TO
[WARN] Unknown relation 'FOLLOWS_ORDER', mapping to RELATED_TO
[WARN] Unknown relation 'HAS_FUNCTIONAL_ZONE', mapping to RELATED_TO
[WARN] Unknown relation 'HAS_DESIGN_CATEGORY', mapping to RELATED_TO
[WARN] Unknown relation 'LOCATED_IN_SECTION', mapping to RELATED_TO
[WARN] Unknown relation 'CAN_BE_LOCATED_IN', mapping to RELATED_TO
[WARN] Unknown relation 'PROVIDES_SERVICE', mapping to RELATED_TO
[WARN] Unknown relation 'SPECIFIC_TO', mapping to RELATED_TO
[WARN] Unknown relation 'TITLED', mapping to RELATED_TO
[WARN] Unknown relation 'IDENTIFIED_BY', mapping to RELATED_TO
[WARN] Unknown relation 'INSTALLED_BEFORE', mapping to RELATED_TO
[WARN] Unknown relation 'SUPPLIES_TO', mapping to RELATED_TO
[WARN] Unknown relation 'SOURCE_FOR', mapping to RELATED_TO
[INFO] Fuzzy matched relation 'NOT_CONTAINS' -> 'CONTAINS'
[INFO] Fuzzy matched relation 'NOT_REQUIRES' -> 'REQUIRES'
[WARN] Unknown relation 'HAS_PROHIBITION', mapping to RELATED_TO
[WARN] Unknown relation 'HAS_FREQUENCY', mapping to RELATED_TO
[WARN] Unknown relation 'IS_PROHIBITED_FOR', mapping to RELATED_TO
[WARN] Unknown relation 'IS_LOCATION_FOR', mapping to RELATED_TO
[WARN] Unknown relation 'IS_NOT_LOCATION_FOR', mapping to RELATED_TO
[WARN] Unknown relation 'HAS_STANDARD', mapping to RELATED_TO
[WARN] Unknown relation 'MAY_PROVIDE', mapping to RELATED_TO
[WARN] Unknown relation 'HAS_FLOW', mapping to RELATED_TO
[WARN] Unknown relation 'ASSESSES', mapping to RELATED_TO
[WARN] Unknown relation 'SET_BASED_ON', mapping to RELATED_TO
[WARN] Unknown relation 'APPLIES_WHEN', mapping to RELATED_TO
[WARN] Unknown relation 'IS_RECIPIENT_OF', mapping to RELATED_TO
[INFO] LLM mapped relation 'IS_REQUIRED_FOR' -> 'REQUIRED_BY'
[WARN] Unknown relation 'HAS_TREATMENT_OPTION', mapping to RELATED_TO
[WARN] Unknown relation 'DISPOSAL_METHOD', mapping to RELATED_TO
[INFO] Fuzzy matched relation 'REFERENCED_BY' -> 'REFERENCES'
[WARN] Unknown relation 'APPLIES_TO_CONDITION', mapping to RELATED_TO
[WARN] Unknown relation 'LOCATED_AT_PAGE', mapping to RELATED_TO
[WARN] Unknown relation 'HAS_TEMPERATURE_RANGE', mapping to RELATED_TO
[WARN] Unknown relation 'HAS_NOISE_REQUIREMENT', mapping to RELATED_TO
[WARN] Unknown relation 'HAS_HUMIDITY_RANGE', mapping to RELATED_TO
[INFO] LLM mapped relation 'HAS_AREA_REQUIREMENT' -> 'REQUIRES'
[WARN] Unknown relation 'HAS_OPERATION_MODE', mapping to RELATED_TO
[WARN] Unknown relation 'HAS_CONFIGURATION', mapping to RELATED_TO
[INFO] Fuzzy matched relation 'MAINTAINED_IN' -> 'MENTIONED_IN'
[WARN] Unknown relation 'FLOWS_THROUGH', mapping to RELATED_TO
[INFO] LLM mapped relation 'STORES' -> 'CONTAINS'
[WARN] Unknown relation 'INSTALLED_IN', mapping to RELATED_TO
[WARN] Unknown relation 'AUTOMATICALLY_STARTS_WHEN', mapping to RELATED_TO
[WARN] Unknown relation 'HAS_STATE', mapping to RELATED_TO
[WARN] Unknown relation 'RESPONDS_TO', mapping to RELATED_TO
[WARN] Unknown relation 'EMITTED_FROM', mapping to RELATED_TO
[WARN] Unknown relation 'SUPPLIED_TO', mapping to RELATED_TO
[WARN] Unknown relation 'DISTRIBUTED_VIA', mapping to RELATED_TO
[WARN] Unknown relation 'SYNONYM_OF', mapping to RELATED_TO
[WARN] Unknown relation 'TREATED_BY', mapping to RELATED_TO
[WARN] Unknown relation 'IS_CODE_OF', mapping to RELATED_TO
[WARN] Unknown relation 'HAS_SECTION_NUMBER', mapping to RELATED_TO
[WARN] Unknown relation 'HAS_PAGE_NUMBER', mapping to RELATED_TO
[WARN] Unknown relation 'PROVIDES_BASIS_FOR', mapping to RELATED_TO
[WARN] Unknown relation 'DEFINES_SCOPE_FOR', mapping to RELATED_TO
[WARN] Unknown relation 'QUANTIFIES', mapping to RELATED_TO
[WARN] Unknown relation 'PREFERABLY_LOCATED_AT', mapping to RELATED_TO
[WARN] Unknown relation 'PREFERABLY_LOCATED_NEAR', mapping to RELATED_TO
[WARN] Unknown relation 'PLANNED_BY', mapping to RELATED_TO
[INFO] Fuzzy matched relation 'CAN_REFERENCE' -> 'REFERENCES'
[WARN] Unknown relation 'ADDED', mapping to RELATED_TO
[WARN] Unknown relation 'SUMMARIZED_IN', mapping to RELATED_TO
[WARN] Unknown relation 'HAS_SUBJECT', mapping to RELATED_TO
[WARN] Unknown relation 'CAN_BE_ARRANGED_AT', mapping to RELATED_TO
[WARN] Unknown relation 'DEFINED_AS', mapping to RELATED_TO
[WARN] Unknown relation 'REFERRED_TO_AS', mapping to RELATED_TO
[WARN] Unknown relation 'TRANSPORTED_TO', mapping to RELATED_TO
[WARN] Unknown relation 'FOLLOWS_STANDARD', mapping to RELATED_TO
[WARN] Unknown relation 'IS_PARENT_OF', mapping to RELATED_TO
[WARN] Unknown relation 'HAS_ALIAS', mapping to RELATED_TO
[WARN] Unknown relation 'HAS_LOCATION_PREFERENCE', mapping to RELATED_TO
[WARN] Unknown relation 'TRANSPORT_METHOD', mapping to RELATED_TO
[WARN] Unknown relation 'CONDITIONALLY_REQUIRES', mapping to RELATED_TO
[WARN] Unknown relation 'HAS_HISTORICAL_CONTEXT', mapping to RELATED_TO
[WARN] Unknown relation 'HAS_PRINCIPLE', mapping to RELATED_TO
[WARN] Unknown relation 'IN_CONTEXT_OF', mapping to RELATED_TO
[WARN] Unknown relation 'OPERATES_AS', mapping to RELATED_TO
[WARN] Unknown relation 'OCCURS_IN_TIME', mapping to RELATED_TO
[WARN] Unknown relation 'POLLUTES', mapping to RELATED_TO
[WARN] Unknown relation 'CAN_PENETRATE', mapping to RELATED_TO
[WARN] Unknown relation 'CAN_CONTAMINATE', mapping to RELATED_TO
[WARN] Unknown relation 'COMPARES_WITH', mapping to RELATED_TO
[WARN] Unknown relation 'HAS_LIMITATION', mapping to RELATED_TO
[WARN] Unknown relation 'PREFERRED_OVER', mapping to RELATED_TO
[WARN] Unknown relation 'RECOMMENDED_OVER', mapping to RELATED_TO
[WARN] Unknown relation 'IMPOSES', mapping to RELATED_TO
[WARN] Unknown relation 'INADEQUATE_FOR', mapping to RELATED_TO
[WARN] Unknown relation 'NOT_RECOMMENDED_FOR', mapping to RELATED_TO
[WARN] Unknown relation 'SHOULD_MATCH', mapping to RELATED_TO
[WARN] Unknown relation 'CAN', mapping to RELATED_TO
[WARN] Unknown relation 'INEFFECTIVE_FOR', mapping to RELATED_TO
[WARN] Unknown relation 'CANNOT_PROTECT', mapping to RELATED_TO
[WARN] Unknown relation 'INCREASES_RISK_OF', mapping to RELATED_TO
[WARN] Unknown relation 'PROHIBITED_WITH', mapping to RELATED_TO
[WARN] Unknown relation 'CONTACTS', mapping to RELATED_TO
[WARN] Unknown relation 'COMPATIBLE_WITH', mapping to RELATED_TO
[WARN] Unknown relation 'PRODUCED_BY', mapping to RELATED_TO
[WARN] Unknown relation 'DELIVERS', mapping to RELATED_TO
[KG][d5d2b1c5-641] triplet_optimization:relation_normalization_done 2/3 (67%) - 关系归一化
[KG][d5d2b1c5-641] triplet_optimization:validation_done 3/3 (100%) - 验证与去重
[KG][d5d2b1c5-641] cross_document_fusion:fusion_start 0/3 (0%) - 开始融合

[WARN] Unknown relation 'CAN_BE_ACCESSED_VIA', mapping to RELATED_TO
[WARN] Unknown relation 'CAN_BE_INDEPENDENT', mapping to RELATED_TO
[WARN] Unknown relation 'PREFERS_ORIENTATION', mapping to RELATED_TO
[WARN] Unknown relation 'PREFERS_LOCATION', mapping to RELATED_TO
[WARN] Unknown relation 'CAN_BE_LOCATED_AT', mapping to RELATED_TO
[WARN] Unknown relation 'PREFERS_ATTRIBUTE', mapping to RELATED_TO
[WARN] Unknown relation 'CAN_BE_LOCATED_IN', mapping to RELATED_TO
[WARN] Unknown relation 'NOT_LOCATED_IN', mapping to RELATED_TO
[INFO] Fuzzy matched relation 'NOT_CONTAINS' -> 'CONTAINS'
[WARN] Unknown relation 'PROHIBITS', mapping to RELATED_TO
[WARN] Unknown relation 'PROCESSED_IN', mapping to RELATED_TO
[WARN] Unknown relation 'CAN_BE_COLOCATED_WITH', mapping to RELATED_TO
[WARN] Unknown relation 'SHOULD_HAVE_DOOR_TO', mapping to RELATED_TO
[WARN] Unknown relation 'SHOULD_HAVE_CONVENIENT_CONNECTION', mapping to RELATED_TO
[WARN] Unknown relation 'SHOULD_BE_COMBINED_DESIGN_WITH', mapping to RELATED_TO
[WARN] Unknown relation 'PROCESSES', mapping to RELATED_TO
[WARN] Unknown relation 'SHOULD_AVOID', mapping to RELATED_TO
[WARN] Unknown relation 'CAN_CONFIGURE', mapping to RELATED_TO
[WARN] Unknown relation 'CAN_SET', mapping to RELATED_TO
[WARN] Unknown relation 'PROHIBITED_IN', mapping to RELATED_TO
[WARN] Unknown relation 'RECOMMENDS', mapping to RELATED_TO
[WARN] Unknown relation 'DIFFERS_FOR', mapping to RELATED_TO
[WARN] Unknown relation 'NOT_SET_IN', mapping to RELATED_TO
[WARN] Unknown relation 'PROCESSED_BY', mapping to RELATED_TO
[WARN] Unknown relation 'PROHIBITED_FOR', mapping to RELATED_TO
[WARN] Unknown relation 'EXCEEDS', mapping to RELATED_TO
[WARN] Unknown relation 'MEASURED_BY', mapping to RELATED_TO
[WARN] Unknown relation 'CONTAINS_RULE', mapping to RELATED_TO
[WARN] Unknown relation 'DISCOURAGES', mapping to RELATED_TO
[WARN] Unknown relation 'HAS_FILTER_EFFICIENCY', mapping to RELATED_TO
[WARN] Unknown relation 'CAN_BE_SUPPLIED_BY', mapping to RELATED_TO
[WARN] Unknown relation 'FLOWS_FROM', mapping to RELATED_TO
[WARN] Unknown relation 'FLOWS_TO', mapping to RELATED_TO
[WARN] Unknown relation 'LOCATES', mapping to RELATED_TO
[WARN] Unknown relation 'INSTALLED_IN', mapping to RELATED_TO
[WARN] Unknown relation 'HAS_RESISTANCE', mapping to RELATED_TO
[WARN] Unknown relation 'SAME_AS', mapping to RELATED_TO
[INFO] LLM mapped relation 'INSTALLED_NEAR' -> 'ADJACENT_TO'
[WARN] Unknown relation 'DEFINED_AS', mapping to RELATED_TO
[WARN] Unknown relation 'IS_CONDITION_OF', mapping to RELATED_TO
[WARN] Unknown relation 'CLASSIFIED_BY', mapping to RELATED_TO
[WARN] Unknown relation 'CONFIGURED_BY', mapping to RELATED_TO
[WARN] Unknown relation 'MUST_SATISFY', mapping to RELATED_TO
[WARN] Unknown relation 'AUTOMATICALLY_SWITCHES_TO', mapping to RELATED_TO
[WARN] Unknown relation 'HAS_IMPACT_ON', mapping to RELATED_TO
[WARN] Unknown relation 'CAN_BE_LOCATED_ON', mapping to RELATED_TO
[WARN] Unknown relation 'TREATED_AS', mapping to RELATED_TO
[WARN] Unknown relation 'DISCHARGED_TO', mapping to RELATED_TO
[WARN] Unknown relation 'GENERATED_BY', mapping to RELATED_TO
[WARN] Unknown relation 'HAS_VALUE_RANGE', mapping to RELATED_TO
[WARN] Unknown relation 'REQUIRES_PRESSURE', mapping to RELATED_TO
[WARN] Unknown relation 'LIST_VALUES_FOR', mapping to RELATED_TO
[WARN] Unknown relation 'HAS_PRESSURE_RANGE', mapping to RELATED_TO
[WARN] Unknown relation 'HAS_STANDARD_NUMBER', mapping to RELATED_TO
[WARN] Unknown relation 'LISTED_IN', mapping to RELATED_TO
[WARN] Unknown relation 'HAS_VERSION', mapping to RELATED_TO
[WARN] Unknown relation 'COMPILES', mapping to RELATED_TO
[WARN] Unknown relation 'CLARIFIES', mapping to RELATED_TO
[WARN] Unknown relation 'CONSULTS', mapping to RELATED_TO
[WARN] Unknown relation 'IMPLEMENTS', mapping to RELATED_TO
[WARN] Unknown relation 'ACQUIRES', mapping to RELATED_TO
[WARN] Unknown relation 'CONDUCTS', mapping to RELATED_TO
[WARN] Unknown relation 'MANDATES', mapping to RELATED_TO
[WARN] Unknown relation 'EXPLAINED_BY', mapping to RELATED_TO
[WARN] Unknown relation 'EXPLAINED_IN', mapping to RELATED_TO
[WARN] Unknown relation 'ATTRIBUTE_OF', mapping to RELATED_TO
[WARN] Unknown relation 'FORMAT_OF', mapping to RELATED_TO
[WARN] Unknown relation 'CONTENT_OF', mapping to RELATED_TO
[WARN] Unknown relation 'AIDED_BY', mapping to RELATED_TO
[INFO] Fuzzy matched relation 'IS_DATE_OF' -> 'IS_TYPE_OF'
[WARN] Unknown relation 'SYNERGIZES_WITH', mapping to RELATED_TO
[WARN] Unknown relation 'ALLOCATES', mapping to RELATED_TO
[WARN] Unknown relation 'REFINES', mapping to RELATED_TO
[WARN] Unknown relation 'HAS_MIN_AREA', mapping to RELATED_TO
[INFO] Fuzzy matched relation 'PROVIDES_BY' -> 'PROVIDES'
[WARN] Unknown relation 'SEPARATES_FROM', mapping to RELATED_TO
[WARN] Unknown relation 'ORIENTED_BY', mapping to RELATED_TO
[WARN] Unknown relation 'MAY_RECEIVE', mapping to RELATED_TO
[INFO] LLM mapped relation 'MEETS_REQUIREMENT' -> 'REQUIRES'
[WARN] Unknown relation 'NEEDS_PROXIMITY_TO', mapping to RELATED_TO
[WARN] Unknown relation 'CAN_CONVERT_TO', mapping to RELATED_TO
[WARN] Unknown relation 'HAS_CONSTRAINT', mapping to RELATED_TO
[WARN] Unknown relation 'HAS_RELAXED_REQUIREMENT', mapping to RELATED_TO
[WARN] Unknown relation 'MUST_COMPLY_WITH', mapping to RELATED_TO
[INFO] LLM mapped relation 'TREND' -> 'RELATED_TO'
[WARN] Unknown relation 'HAS_TREND', mapping to RELATED_TO
[WARN] Unknown relation 'PLANNED_BY', mapping to RELATED_TO
[WARN] Unknown relation 'HAS_HUMIDITY_WINTER', mapping to RELATED_TO
[WARN] Unknown relation 'HAS_HUMIDITY_SUMMER', mapping to RELATED_TO
[WARN] Unknown relation 'HAS_LOAD_GRADE', mapping to RELATED_TO
[WARN] Unknown relation 'HAS_SECTION', mapping to RELATED_TO
[WARN] Unknown relation 'ISOLATED_FROM', mapping to RELATED_TO
[WARN] Unknown relation 'PREFERABLY_LOCATED_IN', mapping to RELATED_TO
[WARN] Unknown relation 'PREFERABLY_PART_OF', mapping to RELATED_TO
[WARN] Unknown relation 'TRANSPORTED_WITH', mapping to RELATED_TO
[WARN] Unknown relation 'CAN_CAUSE', mapping to RELATED_TO
[WARN] Unknown relation 'POTENTIALLY_AFFECTS', mapping to RELATED_TO
[WARN] Unknown relation 'STORED_IN', mapping to RELATED_TO
[WARN] Unknown relation 'TRANSPORTED_VIA', mapping to RELATED_TO
[WARN] Unknown relation 'MENTIONS', mapping to RELATED_TO
[WARN] Unknown relation 'AVAILABLE_TO', mapping to RELATED_TO
[WARN] Unknown relation 'DESCRIBED_IN', mapping to RELATED_TO
[WARN] Unknown relation 'TITLED', mapping to RELATED_TO
[WARN] Unknown relation 'PRINCIPLE_FOR', mapping to RELATED_TO
[WARN] Unknown relation 'METHOD_FOR', mapping to RELATED_TO
[WARN] Unknown relation 'UTILIZED_IN', mapping to RELATED_TO
[WARN] Unknown relation 'HAS_DISADVANTAGE', mapping to RELATED_TO
[WARN] Unknown relation 'IS_REFERENCED_BY', mapping to RELATED_TO
[WARN] Unknown relation 'HAS_RISK', mapping to RELATED_TO
[WARN] Unknown relation 'PREVENTED_BY', mapping to RELATED_TO
[WARN] Unknown relation 'DIRECTLY_DISCHARGES_TO', mapping to RELATED_TO
[WARN] Unknown relation 'EMITS', mapping to RELATED_TO
[WARN] Unknown relation 'IS_STATUS', mapping to RELATED_TO
[WARN] Unknown relation 'REMOVES', mapping to RELATED_TO
[WARN] Unknown relation 'RECOMMENDED_FOR', mapping to RELATED_TO
[WARN] Unknown relation 'NOT_RECOMMENDED_FOR', mapping to RELATED_TO
[WARN] Unknown relation 'DIFFERS_IN', mapping to RELATED_TO
[WARN] Unknown relation 'CLASSIFIED_AS', mapping to RELATED_TO
[WARN] Unknown relation 'USED_UNDER_CONDITION', mapping to RELATED_TO
[WARN] Unknown relation 'IS_PROPERTY_OF', mapping to RELATED_TO
[WARN] Unknown relation 'SHOULD_NOT_DISCHARGE_TO', mapping to RELATED_TO
[WARN] Unknown relation 'POTENTIALLY_CAUSES', mapping to RELATED_TO
[WARN] Unknown relation 'INEFFECTIVE_FOR', mapping to RELATED_TO
[WARN] Unknown relation 'REFERRED_BY', mapping to RELATED_TO
[WARN] Unknown relation 'IS_SECTION_OF', mapping to RELATED_TO
[INFO] Fuzzy matched relation 'NOT_REQUIRES' -> 'REQUIRES'
[WARN] Unknown relation 'HAS_HIGHER_TEMPERATURE_THAN', mapping to RELATED_TO
[KG][d5d2b1c5-641] cross_document_fusion:entity_dedup_done 1/3 (33%) - 实体去重
[WARN] Unknown relation 'SAVES', mapping to RELATED_TO
[WARN] Unknown relation 'IS_ECONOMIC', mapping to RELATED_TO
[WARN] Unknown relation 'IS_EFFECTIVE', mapping to RELATED_TO
[WARN] Unknown relation 'CAN_BE_CONVERTED_TO', mapping to RELATED_TO
[INFO] LLM mapped relation 'CAN_BE_REFERENCED_BY' -> 'REFERENCES'
[WARN] Unknown relation 'EMPHASIZES', mapping to RELATED_TO
[WARN] Unknown relation 'TREATED_BY', mapping to RELATED_TO
[WARN] Unknown relation 'CONDITIONED_BY', mapping to RELATED_TO
[WARN] Unknown relation 'USED_WHEN', mapping to RELATED_TO
[WARN] Unknown relation 'HAS_EFFICIENCY', mapping to RELATED_TO
[WARN] Unknown relation 'LOCATED_IN_SECTION', mapping to RELATED_TO
[WARN] Unknown relation 'MENTIONED_IN_SECTION', mapping to RELATED_TO
[INFO] Fuzzy matched relation 'REFERENCED_BY' -> 'REFERENCES'
[WARN] Unknown relation 'HAS_FACILITY', mapping to RELATED_TO
[WARN] Unknown relation 'SYMBOLIZED_BY', mapping to RELATED_TO
[WARN] Unknown relation 'SHARED_BY', mapping to RELATED_TO
[WARN] Unknown relation 'CONSIDERED_IN', mapping to RELATED_TO
[WARN] Unknown relation 'TRANSFERS_TO', mapping to RELATED_TO
[WARN] Unknown relation 'ILLUSTRATED_IN', mapping to RELATED_TO
[WARN] Unknown relation 'IS_STANDARD', mapping to RELATED_TO
[WARN] Unknown relation 'ADDED_IN', mapping to RELATED_TO
[WARN] Unknown relation 'SUPPRESSES', mapping to RELATED_TO
[WARN] Unknown relation 'PARALLEL_WITH', mapping to RELATED_TO
[WARN] Unknown relation 'SHARES', mapping to RELATED_TO
[WARN] Unknown relation 'POSES_RISK', mapping to RELATED_TO
[WARN] Unknown relation 'HAS_COMPONENT', mapping to RELATED_TO
[WARN] Unknown relation 'LIMITS', mapping to RELATED_TO
[WARN] Unknown relation 'CANNOT_PROTECT', mapping to RELATED_TO
[WARN] Unknown relation 'CAN_PROTECT', mapping to RELATED_TO
[WARN] Unknown relation 'MAINTAINS', mapping to RELATED_TO
[WARN] Unknown relation 'ENFORCES', mapping to RELATED_TO
[WARN] Unknown relation 'IS_LOCATION_FOR', mapping to RELATED_TO
[WARN] Unknown relation 'IS_TIMING_FOR', mapping to RELATED_TO
[WARN] Unknown relation 'EXPOSED_TO', mapping to RELATED_TO
[WARN] Unknown relation 'PROTECTED_FROM', mapping to RELATED_TO
[WARN] Unknown relation 'OPERATES_DURING', mapping to RELATED_TO
[WARN] Unknown relation 'POSES', mapping to RELATED_TO
[WARN] Unknown relation 'PREVALENT_IN', mapping to RELATED_TO
[WARN] Unknown relation 'MANDATORY_IN', mapping to RELATED_TO
[WARN] Unknown relation 'IS_COMPONENT_OF', mapping to RELATED_TO
[WARN] Unknown relation 'IS_METHOD_OF', mapping to RELATED_TO
[WARN] Unknown relation 'INTERACTS_WITH', mapping to RELATED_TO
[WARN] Unknown relation 'PROPERTY_OF', mapping to RELATED_TO
[WARN] Unknown relation 'IS_EFFECTIVE_DATE_OF', mapping to RELATED_TO
[WARN] Unknown relation 'HOSTED_BY', mapping to RELATED_TO
[WARN] Unknown relation 'MODIFIED_TO', mapping to RELATED_TO
[WARN] Unknown relation 'HAS_IMPLEMENTATION_DATE', mapping to RELATED_TO
[WARN] Unknown relation 'HAS_EFFECTIVE_DATE', mapping to RELATED_TO
[WARN] Unknown relation 'HAS_NUMBER', mapping to RELATED_TO
[WARN] Unknown relation 'IS_RESULT_OF', mapping to RELATED_TO
[WARN] Unknown relation 'IS_ABOUT', mapping to RELATED_TO
[WARN] Unknown relation 'IS_EDITOR_OF', mapping to RELATED_TO
[WARN] Unknown relation 'IS_APPROVER_OF', mapping to RELATED_TO
[WARN] Unknown relation 'IS_STANDARD_NUMBER_OF', mapping to RELATED_TO
[WARN] Unknown relation 'IS_COMPLEX_PROCESS', mapping to RELATED_TO
[WARN] Unknown relation 'HAS_ARCHITECTURAL_FORM', mapping to RELATED_TO
[WARN] Unknown relation 'IS_FICTIONAL_PROJECT', mapping to RELATED_TO
[WARN] Unknown relation 'LOCATED_ON_FLOOR', mapping to RELATED_TO
[WARN] Unknown relation 'HAS_POWER_LOAD_GRADE', mapping to RELATED_TO
[INFO] LLM mapped relation 'HAS_SIZE_REQUIREMENT' -> 'REQUIRES'
[WARN] Unknown relation 'IS_INCONSPICUOUS', mapping to RELATED_TO
[WARN] Unknown relation 'ADDED_IN_1950s', mapping to RELATED_TO
[WARN] Unknown relation 'INTRODUCED_IN_1960s', mapping to RELATED_TO
[WARN] Unknown relation 'HAS_CHAPTERS', mapping to RELATED_TO
[WARN] Unknown relation 'SUGGESTS', mapping to RELATED_TO
[WARN] Unknown relation 'HAS_PRINCIPLES', mapping to RELATED_TO
[WARN] Unknown relation 'HAS_FEW_PROFESSIONAL_DESIGN_UNITS', mapping to RELATED_TO
[WARN] Unknown relation 'IS_LINEAR_CONTINUOUS_PROCESS', mapping to RELATED_TO
[WARN] Unknown relation 'NEEDS_TO_IMPROVE', mapping to RELATED_TO
[WARN] Unknown relation 'DISTRIBUTED_BY', mapping to RELATED_TO
[WARN] Unknown relation 'PRINTED_BY', mapping to RELATED_TO
[WARN] Unknown relation 'HAS_WEBSITE', mapping to RELATED_TO
[WARN] Unknown relation 'HAS_ADDRESS', mapping to RELATED_TO
[WARN] Unknown relation 'HAS_POSTAL_CODE', mapping to RELATED_TO
[WARN] Unknown relation 'HAS_PHONE', mapping to RELATED_TO
[WARN] Unknown relation 'HAS_PRICE', mapping to RELATED_TO
[WARN] Unknown relation 'HAS_FORMAT', mapping to RELATED_TO
[WARN] Unknown relation 'HAS_EDITION', mapping to RELATED_TO
[WARN] Unknown relation 'HAS_PRINT_RUN', mapping to RELATED_TO
[WARN] Unknown relation 'PRINTED', mapping to RELATED_TO
[WARN] Unknown relation 'DISTRIBUTED', mapping to RELATED_TO
[WARN] Unknown relation 'HAS_ISBN', mapping to RELATED_TO
[WARN] Unknown relation 'HAS_PAGE_COUNT', mapping to RELATED_TO
[WARN] Unknown relation 'HAS_PAPER_SIZE', mapping to RELATED_TO
[WARN] Unknown relation 'HAS_PRINT_DATE', mapping to RELATED_TO
[WARN] Unknown relation 'DISTRIBUTES', mapping to RELATED_TO
[WARN] Unknown relation 'PRINTS', mapping to RELATED_TO
[WARN] Unknown relation 'HAS_LAYER_COUNT', mapping to RELATED_TO
[WARN] Unknown relation 'HAS_FEW_SPECIALISTS', mapping to RELATED_TO
[WARN] Unknown relation 'HAS_MANDATORY_ARTICLES', mapping to RELATED_TO
[WARN] Unknown relation 'IS_LINEAR_PROCESS', mapping to RELATED_TO
[WARN] Unknown relation 'EFFECTIVE_UNTIL', mapping to RELATED_TO
[WARN] Unknown relation 'ISSUED_BY', mapping to RELATED_TO
[WARN] Unknown relation 'COMPLETED_BY', mapping to RELATED_TO
[WARN] Unknown relation 'REVIEWED_BY', mapping to RELATED_TO
[WARN] Unknown relation 'RECEIVES_FEEDBACK_FOR', mapping to RELATED_TO
[WARN] Unknown relation 'MUST', mapping to RELATED_TO
[WARN] Unknown relation 'PROVIDES_FEEDBACK_TO', mapping to RELATED_TO
[WARN] Unknown relation 'ACCUMULATES', mapping to RELATED_TO
[WARN] Unknown relation 'HAS_CHAPTER_COUNT', mapping to RELATED_TO
[WARN] Unknown relation 'FOR_FUTURE_REFERENCE_OF', mapping to RELATED_TO
[WARN] Unknown relation 'SENT_TO', mapping to RELATED_TO
[WARN] Unknown relation 'FORMATTED_AS', mapping to RELATED_TO
[WARN] Unknown relation 'SHOULD', mapping to RELATED_TO
[WARN] Unknown relation 'PROCESSES_FROM', mapping to RELATED_TO
[WARN] Unknown relation 'DERIVES', mapping to RELATED_TO
[WARN] Unknown relation 'SYNCHRONIZES_WITH', mapping to RELATED_TO
[WARN] Unknown relation 'HAS_PROPORTION', mapping to RELATED_TO
[WARN] Unknown relation 'CAN_BE_USED_FOR', mapping to RELATED_TO
[WARN] Unknown relation 'SELECTS_SIZE_FROM', mapping to RELATED_TO
[WARN] Unknown relation 'POSITIONED_AT', mapping to RELATED_TO
[WARN] Unknown relation 'SHOULD_NOT_BE_PLACED_AT', mapping to RELATED_TO
[WARN] Unknown relation 'FOLLOWS_ORDER', mapping to RELATED_TO
[WARN] Unknown relation 'SPECIFIC_TO', mapping to RELATED_TO
[WARN] Unknown relation 'HAS_PROCESS', mapping to RELATED_TO
[WARN] Unknown relation 'SHOULD_BE_AWAY_FROM', mapping to RELATED_TO
[WARN] Unknown relation 'FILTERS', mapping to RELATED_TO
[WARN] Unknown relation 'CONFIGURED_BASED_ON', mapping to RELATED_TO
[WARN] Unknown relation 'SUBJECT_TO', mapping to RELATED_TO
[WARN] Unknown relation 'EXCLUDES_FROM', mapping to RELATED_TO
[WARN] Unknown relation 'HAS_DISPOSAL_METHOD', mapping to RELATED_TO
[WARN] Unknown relation 'HAS_DESTINATION', mapping to RELATED_TO
[WARN] Unknown relation 'IS_USED_WHEN', mapping to RELATED_TO
[WARN] Unknown relation 'CAN_USE', mapping to RELATED_TO
[WARN] Unknown relation 'REQUIRES_FILTER_AT', mapping to RELATED_TO
[WARN] Unknown relation 'TREATED_IN', mapping to RELATED_TO
[WARN] Unknown relation 'HAS_CLASS', mapping to RELATED_TO
[WARN] Unknown relation 'ALERTS', mapping to RELATED_TO
[WARN] Unknown relation 'DETECTS', mapping to RELATED_TO
[WARN] Unknown relation 'AUTOMATICALLY_STARTS_WHEN', mapping to RELATED_TO
[WARN] Unknown relation 'OPTIONAL', mapping to RELATED_TO
[WARN] Unknown relation 'PROHIBITED_FROM', mapping to RELATED_TO
[WARN] Unknown relation 'SHARES_INFORMATION_WITH', mapping to RELATED_TO
[WARN] Unknown relation 'SETS_UP', mapping to RELATED_TO
[WARN] Unknown relation 'PRODUCED_IN', mapping to RELATED_TO
[WARN] Unknown relation 'HAS_CONSUMPTION_RATE', mapping to RELATED_TO
[WARN] Unknown relation 'DISPOSED_TO', mapping to RELATED_TO
[INFO] LLM mapped relation 'PROVIDES_GUIDANCE_FOR' -> 'PROVIDES'
[WARN] Unknown relation 'RECOMMENDED_TO_HAVE', mapping to RELATED_TO
[WARN] Unknown relation 'IMPLEMENTED_FROM', mapping to RELATED_TO
[WARN] Unknown relation 'CAN_ACCOMMODATE', mapping to RELATED_TO
[WARN] Unknown relation 'APPROVED', mapping to RELATED_TO
[WARN] Unknown relation 'OBTAINED_FROM', mapping to RELATED_TO
[WARN] Unknown relation 'CONDUCTED_BY', mapping to RELATED_TO
[WARN] Unknown relation 'COMPLEMENTS', mapping to RELATED_TO
[WARN] Unknown relation 'COMPLEMENTED_BY', mapping to RELATED_TO
[WARN] Unknown relation 'HAS_WEAKNESS', mapping to RELATED_TO
[WARN] Unknown relation 'CAN_FOLLOW', mapping to RELATED_TO
[WARN] Unknown relation 'SHOULD_SPECIFY', mapping to RELATED_TO
[WARN] Unknown relation 'IS_FOUNDATION_FOR', mapping to RELATED_TO
[WARN] Unknown relation 'ENCOMPASSES', mapping to RELATED_TO
[WARN] Unknown relation 'COORDINATES', mapping to RELATED_TO
[INFO] LLM mapped relation 'UTILIZES' -> 'USES'
[WARN] Unknown relation 'TRANSLATES', mapping to RELATED_TO
[WARN] Unknown relation 'DERIVES_FROM', mapping to RELATED_TO
[INFO] LLM mapped relation 'COMPRISES' -> 'CONTAINS'
[WARN] Unknown relation 'HAS_ISSUE_WITH', mapping to RELATED_TO
[WARN] Unknown relation 'CAN_BE_ARRANGED_AS', mapping to RELATED_TO
[INFO] LLM mapped relation 'HAS_BASIC_REQUIREMENTS' -> 'REQUIRES'
[WARN] Unknown relation 'DELIVERED_BY', mapping to RELATED_TO
[WARN] Unknown relation 'VISITS', mapping to RELATED_TO
[WARN] Unknown relation 'MAY_REQUIRE', mapping to RELATED_TO
[WARN] Unknown relation 'MITIGATES', mapping to RELATED_TO
[WARN] Unknown relation 'EXHIBITS', mapping to RELATED_TO
[WARN] Unknown relation 'CONDITIONS', mapping to RELATED_TO
[WARN] Unknown relation 'SHARES_FUNCTION_WITH', mapping to RELATED_TO
[WARN] Unknown relation 'FLOWS_THROUGH', mapping to RELATED_TO
[WARN] Unknown relation 'IS_SYNONYM_OF', mapping to RELATED_TO
[WARN] Unknown relation 'HAS_SUBDEPARTMENT', mapping to RELATED_TO
[WARN] Unknown relation 'ILLUSTRATED_BY', mapping to RELATED_TO
[WARN] Unknown relation 'HAS_MORE', mapping to RELATED_TO
[WARN] Unknown relation 'HAS_LESS', mapping to RELATED_TO
[WARN] Unknown relation 'DOES_NOT_PROVIDE', mapping to RELATED_TO
[WARN] Unknown relation 'HAS_DOOR_SIZE', mapping to RELATED_TO
[WARN] Unknown relation 'HAS_WINDOW_SIZE', mapping to RELATED_TO
[WARN] Unknown relation 'HAS_NET_SIZE', mapping to RELATED_TO
[WARN] Unknown relation 'HAS_SPEC', mapping to RELATED_TO
[WARN] Unknown relation 'HAS_SAFETY_GRADE', mapping to RELATED_TO
[WARN] Unknown relation 'TRANSPORTED_TO', mapping to RELATED_TO
[WARN] Unknown relation 'TRANSPORTED_BY', mapping to RELATED_TO
[WARN] Unknown relation 'IS_DURATION_OF', mapping to RELATED_TO
[WARN] Unknown relation 'REPRODUCES_IN', mapping to RELATED_TO
[WARN] Unknown relation 'EXISTS_IN', mapping to RELATED_TO
[WARN] Unknown relation 'HAS_LIMITATION', mapping to RELATED_TO
[WARN] Unknown relation 'RECOMMENDED_BEFORE', mapping to RELATED_TO
[WARN] Unknown relation 'HAS_CONTENT', mapping to RELATED_TO
[WARN] Unknown relation 'PREFERRED_OVER', mapping to RELATED_TO
[WARN] Unknown relation 'PROPOSES', mapping to RELATED_TO
[WARN] Unknown relation 'IS_HIGHER_THAN', mapping to RELATED_TO
[WARN] Unknown relation 'WAS_PROPOSED_EARLIER_IN', mapping to RELATED_TO
[WARN] Unknown relation 'SHOULD_MATCH', mapping to RELATED_TO
[INFO] LLM mapped relation 'TREATED_WITH' -> 'REQUIRES'
[WARN] Unknown relation 'SENSITIVE_TO', mapping to RELATED_TO
[WARN] Unknown relation 'CAN_INCREASE', mapping to RELATED_TO
[WARN] Unknown relation 'NOT_REQUIRE', mapping to RELATED_TO
[WARN] Unknown relation 'CONDITIONAL_ON', mapping to RELATED_TO
[WARN] Unknown relation 'APPEARS_ON', mapping to RELATED_TO
[WARN] Unknown relation 'PROHIBITS_IN', mapping to RELATED_TO
[WARN] Unknown relation 'CARRIES', mapping to RELATED_TO
[WARN] Unknown relation 'CANNOT_SATISFY', mapping to RELATED_TO
[WARN] Unknown relation 'IS_BASIC_STANDARD', mapping to RELATED_TO
[WARN] Unknown relation 'SHOULD_SET', mapping to RELATED_TO
[WARN] Unknown relation 'DISPLAYED_IN', mapping to RELATED_TO
[WARN] Unknown relation 'DISPLAYED_WHEN', mapping to RELATED_TO
[WARN] Unknown relation 'IS_CAUSED_BY', mapping to RELATED_TO
[WARN] Unknown relation 'IS_PROTECTED_BY', mapping to RELATED_TO
[WARN] Unknown relation 'SHOULD_BE_CONSIDERED_IN', mapping to RELATED_TO
[WARN] Unknown relation 'IS_AFFECTED_BY', mapping to RELATED_TO
[WARN] Unknown relation 'IS_LOCATION_OF', mapping to RELATED_TO
[INFO] LLM mapped relation 'IS_REQUIRED_IN' -> 'REQUIRED_BY'
[WARN] Unknown relation 'SEPARATED_FROM', mapping to RELATED_TO
[WARN] Unknown relation 'SET_BY', mapping to RELATED_TO
[INFO] Fuzzy matched relation 'NOT_CONNECTED_TO' -> 'CONNECTED_TO'
[KG][d5d2b1c5-641] triplet_optimization:relation_normalization_done 2/3 (67%) - 关系归一化
[KG][d5d2b1c5-641] triplet_optimization:validation_done 3/3 (100%) - 验证与去重
[KG][d5d2b1c5-641] cross_document_fusion:fusion_start 0/3 (0%) - 开始融合
[KG][d5d2b1c5-641] cross_document_fusion:entity_dedup_done 1/3 (33%) - 实体去重
[KG][d5d2b1c5-641] cross_document_fusion:latent_recognition_done 2/3 (67%) - 潜在关系识别
[Concept] Referencing concept node: 妇科诊室 (Space) -> entity_1b1818d1c4795d3a
[Concept] Referencing concept node: 儿科诊室 (Space) -> entity_cfb600b3d7bdbc31
[Concept] Referencing concept node: 注射室 (Space) -> entity_0ecb8a1c3fb6c26a
[Concept] Referencing concept node: dr室 (Space) -> entity_0e847371f90a5c50
[Concept] Referencing concept node: ct室 (Space) -> entity_65053a89a6e92209
[Concept] Referencing concept node: 门诊部 (DepartmentGroup) -> entity_0f838f88c565353d
[Concept] Referencing concept node: 护士站 (Space) -> entity_008d173d0981abeb
[Concept] Referencing concept node: 眼科诊室 (Space) -> entity_38e1b285d0578dd0
[Concept] Referencing concept node: 治疗室 (Space) -> entity_ba076a619352da3c
[Concept] Referencing concept node: 耳鼻喉诊室 (Space) -> entity_5f378a518c13288a
[Concept] Referencing concept node: 护理单元 (FunctionalZone) -> entity_dbce69e725bcd089
[Concept] Referencing concept node: 医生办公室 (Space) -> entity_d4f8026ce7677b3e
[Concept] Referencing concept node: 病房 (Space) -> entity_a5458ab36cc68693
[Concept] Referencing concept node: 综合医院 (Hospital) -> entity_a8d579129fa6cdd6
[Concept] Referencing concept node: 住院部 (DepartmentGroup) -> entity_da5b64478eb7f53b
[Concept] Referencing concept node: 医技部 (DepartmentGroup) -> entity_4b2c2047916ccd49
[Concept] Referencing concept node: 门厅 (Space) -> entity_911bc61f92b24ab3
[Concept] Referencing concept node: 模块化设计 (DesignMethod) -> entity_0855b616bf019fd9
[Concept] Referencing concept node: 污洗室 (Space) -> entity_ddd66d4b97e84635
[Concept] Referencing concept node: icu病房 (Space) -> entity_c70a24a74344cccd
[Concept] Referencing concept node: 急诊部 (DepartmentGroup) -> entity_24e90a1ae2c9daff
[Concept] Referencing concept node: 急诊监护室 (Space) -> entity_4cfa4243a052650b
[Concept] Referencing concept node: 辅助用房 (Space) -> entity_e8adc0f18a99032c
[Concept] Referencing concept node: 观察室 (Space) -> entity_2b4802d6d560c992
[Concept] Referencing concept node: mr1室 (Space) -> entity_f385b7841e4fbade
[Concept] Referencing concept node: 公共卫生间 (Space) -> entity_f8e270d9b31d10bf
[Concept] Referencing concept node: 门诊药房 (Space) -> entity_1a0932f8b66a48bc
[Concept] Referencing concept node: 污物间 (Space) -> entity_920ec50df6f0b2ae
[Concept] Referencing concept node: 急救区 (FunctionalZone) -> entity_1735dc8f647bd5ec
[Concept] Referencing concept node: 抢救室 (Space) -> entity_ff391842f2239213
[Concept] Referencing concept node: 清创室 (Space) -> entity_15c601dbe191ea3a
[Concept] Referencing concept node: 洗胃室 (Space) -> entity_a3e62d58aa4737d1
[Concept] Referencing concept node: 急诊手术室 (Space) -> entity_df94489d416a2bb6
[Concept] Referencing concept node: 检验室 (Space) -> entity_ee3834a873f083a7
[Concept] Referencing concept node: 换药室 (Space) -> entity_385c98ea25af3ca4
[Concept] Referencing concept node: 输液室 (Space) -> entity_a99b99c242ebfd20
[Concept] Referencing concept node: x线诊断室 (Space) -> entity_02bdb3b9929170e4
[Concept] Referencing concept node: 病房护士站 (Space) -> entity_785d980cc7699212
[Concept] Referencing concept node: 收费窗口 (Space) -> entity_37bc518cf90ff86a
[Concept] Referencing concept node: 诊查室 (Space) -> entity_d2f4aed30a090692
[Concept] Referencing concept node: 功能检查室 (Space) -> entity_5da1bce92ceecec1
[KG][d5d2b1c5-641] cross_document_fusion:neo4j_write_progress 0/94974 (0%) - 关系判断进度
[KG][d5d2b1c5-641] cross_document_fusion:neo4j_write_progress 100/94974 (0%) - 关系判断进度
[KG][d5d2b1c5-641] cross_document_fusion:neo4j_write_progress 200/94974 (0%) - 关系判断进度
[KG][d5d2b1c5-641] cross_document_fusion:latent_recognition_done 2/3 (67%) - 潜在关系识别
[Concept] Referencing concept node: 妇科诊室 (Space) -> entity_1b1818d1c4795d3a
[Concept] Referencing concept node: 儿科诊室 (Space) -> entity_cfb600b3d7bdbc31
[Concept] Referencing concept node: 注射室 (Space) -> entity_0ecb8a1c3fb6c26a
[Concept] Referencing concept node: dr室 (Space) -> entity_0e847371f90a5c50
[Concept] Referencing concept node: ct室 (Space) -> entity_65053a89a6e92209
[Concept] Referencing concept node: 门诊部 (DepartmentGroup) -> entity_0f838f88c565353d
[Concept] Referencing concept node: 护士站 (Space) -> entity_008d173d0981abeb
[Concept] Referencing concept node: 眼科诊室 (Space) -> entity_38e1b285d0578dd0
[Concept] Referencing concept node: 治疗室 (Space) -> entity_ba076a619352da3c
[Concept] Referencing concept node: 耳鼻喉诊室 (Space) -> entity_5f378a518c13288a
[Concept] Referencing concept node: 护理单元 (FunctionalZone) -> entity_dbce69e725bcd089
[Concept] Referencing concept node: 医生办公室 (Space) -> entity_d4f8026ce7677b3e
[Concept] Referencing concept node: 病房 (Space) -> entity_a5458ab36cc68693
[Concept] Referencing concept node: 综合医院 (Hospital) -> entity_a8d579129fa6cdd6
[Concept] Referencing concept node: 住院部 (DepartmentGroup) -> entity_da5b64478eb7f53b
[Concept] Referencing concept node: 医技部 (DepartmentGroup) -> entity_4b2c2047916ccd49
[Concept] Referencing concept node: 门厅 (Space) -> entity_911bc61f92b24ab3
[Concept] Referencing concept node: 模块化设计 (DesignMethod) -> entity_0855b616bf019fd9
[Concept] Referencing concept node: 污洗室 (Space) -> entity_ddd66d4b97e84635
[Concept] Referencing concept node: icu病房 (Space) -> entity_c70a24a74344cccd
[Concept] Referencing concept node: 急诊部 (DepartmentGroup) -> entity_24e90a1ae2c9daff
[Concept] Referencing concept node: 急诊监护室 (Space) -> entity_4cfa4243a052650b
[Concept] Referencing concept node: 辅助用房 (Space) -> entity_e8adc0f18a99032c
[Concept] Referencing concept node: 观察室 (Space) -> entity_2b4802d6d560c992
[Concept] Referencing concept node: mr1室 (Space) -> entity_f385b7841e4fbade
[Concept] Referencing concept node: 公共卫生间 (Space) -> entity_f8e270d9b31d10bf
[Concept] Referencing concept node: 门诊药房 (Space) -> entity_1a0932f8b66a48bc
[Concept] Referencing concept node: 污物间 (Space) -> entity_920ec50df6f0b2ae
[Concept] Referencing concept node: 急救区 (FunctionalZone) -> entity_1735dc8f647bd5ec
[Concept] Referencing concept node: 抢救室 (Space) -> entity_ff391842f2239213
[Concept] Referencing concept node: 清创室 (Space) -> entity_15c601dbe191ea3a
[Concept] Referencing concept node: 洗胃室 (Space) -> entity_a3e62d58aa4737d1
[Concept] Referencing concept node: 急诊手术室 (Space) -> entity_df94489d416a2bb6
[Concept] Referencing concept node: 检验室 (Space) -> entity_ee3834a873f083a7
[Concept] Referencing concept node: 换药室 (Space) -> entity_385c98ea25af3ca4
[Concept] Referencing concept node: 输液室 (Space) -> entity_a99b99c242ebfd20
[Concept] Referencing concept node: 病房护士站 (Space) -> entity_785d980cc7699212
[Concept] Referencing concept node: 收费窗口 (Space) -> entity_37bc518cf90ff86a
[Concept] Referencing concept node: 诊查室 (Space) -> entity_d2f4aed30a090692
[Concept] Referencing concept node: 功能检查室 (Space) -> entity_5da1bce92ceecec1
[KG][d5d2b1c5-641] cross_document_fusion:neo4j_write_progress 0/93100 (0%) - 关系判断进度
[KG][d5d2b1c5-641] cross_document_fusion:neo4j_write_progress 100/93100 (0%) - 关系判断进度
[KG][d5d2b1c5-641] cross_document_fusion:neo4j_write_progress 300/94974 (0%) - 关系判断进度
[KG][d5d2b1c5-641] cross_document_fusion:neo4j_write_progress 400/94974 (0%) - 关系判断进度
[KG][d5d2b1c5-641] cross_document_fusion:neo4j_write_progress 200/93100 (0%) - 关系判断进度
[KG][d5d2b1c5-641] cross_document_fusion:neo4j_write_progress 500/94974 (1%) - 关系判断进度
[KG][d5d2b1c5-641] cross_document_fusion:neo4j_write_progress 600/94974 (1%) - 关系判断进度
[KG][d5d2b1c5-641] cross_document_fusion:neo4j_write_progress 300/93100 (0%) - 关系判断进度
[KG][d5d2b1c5-641] cross_document_fusion:neo4j_write_progress 700/94974 (1%) - 关系判断进度
[KG][d5d2b1c5-641] cross_document_fusion:neo4j_write_progress 400/93100 (0%) - 关系判断进度
[Concept] Referencing concept node: 妇科诊室 (Space) -> entity_1b1818d1c4795d3a
[KG][d5d2b1c5-641] cross_document_fusion:neo4j_write_progress 800/94974 (1%) - 关系判断进度
[KG][d5d2b1c5-641] cross_document_fusion:neo4j_write_progress 500/93100 (1%) - 关系判断进度
[Concept] Referencing concept node: 眼科诊室 (Space) -> entity_38e1b285d0578dd0
[Concept] Referencing concept node: 妇科诊室 (Space) -> entity_1b1818d1c4795d3a
[Concept] Referencing concept node: 护士站 (Space) -> entity_008d173d0981abeb
[Concept] Referencing concept node: 眼科诊室 (Space) -> entity_38e1b285d0578dd0
[KG][d5d2b1c5-641] cross_document_fusion:neo4j_write_progress 900/94974 (1%) - 关系判断进度
[Concept] Referencing concept node: 妇科诊室 (Space) -> entity_1b1818d1c4795d3a
[Concept] Referencing concept node: 护士站 (Space) -> entity_008d173d0981abeb
[Concept] Referencing concept node: 治疗室 (Space) -> entity_ba076a619352da3c
[Concept] Referencing concept node: 治疗室 (Space) -> entity_ba076a619352da3c
[Concept] Referencing concept node: 辅助用房 (Space) -> entity_e8adc0f18a99032c
[Concept] Referencing concept node: 治疗室 (Space) -> entity_ba076a619352da3c
[Concept] Referencing concept node: 治疗室 (Space) -> entity_ba076a619352da3c
[Concept] Referencing concept node: 治疗室 (Space) -> entity_ba076a619352da3c
[KG][d5d2b1c5-641] cross_document_fusion:neo4j_write_progress 1000/94974 (1%) - 关系判断进度
[Concept] Referencing concept node: 辅助用房 (Space) -> entity_e8adc0f18a99032c
[Concept] Referencing concept node: 抢救室 (Space) -> entity_ff391842f2239213
[Concept] Referencing concept node: 治疗室 (Space) -> entity_ba076a619352da3c
[Concept] Referencing concept node: 注射室 (Space) -> entity_0ecb8a1c3fb6c26a
[Concept] Referencing concept node: 治疗室 (Space) -> entity_ba076a619352da3c
[Concept] Referencing concept node: 注射室 (Space) -> entity_0ecb8a1c3fb6c26a
[Concept] Referencing concept node: 治疗室 (Space) -> entity_ba076a619352da3c
[Concept] Referencing concept node: 注射室 (Space) -> entity_0ecb8a1c3fb6c26a
[KG][d5d2b1c5-641] cross_document_fusion:neo4j_write_progress 1100/94974 (1%) - 关系判断进度
[KG][d5d2b1c5-641] cross_document_fusion:neo4j_write_progress 600/93100 (1%) - 关系判断进度
[KG][d5d2b1c5-641] cross_document_fusion:neo4j_write_progress 1200/94974 (1%) - 关系判断进度
[KG][d5d2b1c5-641] cross_document_fusion:neo4j_write_progress 1300/94974 (1%) - 关系判断进度
[KG][d5d2b1c5-641] cross_document_fusion:neo4j_write_progress 700/93100 (1%) - 关系判断进度
[Concept] Referencing concept node: 妇科诊室 (Space) -> entity_1b1818d1c4795d3a
[KG][d5d2b1c5-641] cross_document_fusion:neo4j_write_progress 800/93100 (1%) - 关系判断进度
[KG][d5d2b1c5-641] cross_document_fusion:neo4j_write_progress 1400/94974 (1%) - 关系判断进度
[Concept] Referencing concept node: 眼科诊室 (Space) -> entity_38e1b285d0578dd0
[Concept] Referencing concept node: 诊查室 (Space) -> entity_d2f4aed30a090692
[Concept] Referencing concept node: 诊查室 (Space) -> entity_d2f4aed30a090692
[Concept] Referencing concept node: 妇科诊室 (Space) -> entity_1b1818d1c4795d3a
[Concept] Referencing concept node: 护士站 (Space) -> entity_008d173d0981abeb
[Concept] Referencing concept node: 眼科诊室 (Space) -> entity_38e1b285d0578dd0
[Concept] Referencing concept node: 护理单元 (FunctionalZone) -> entity_dbce69e725bcd089
[Concept] Referencing concept node: 护理单元 (FunctionalZone) -> entity_dbce69e725bcd089
[KG][d5d2b1c5-641] cross_document_fusion:neo4j_write_progress 900/93100 (1%) - 关系判断进度
[KG][d5d2b1c5-641] cross_document_fusion:neo4j_write_progress 1500/94974 (2%) - 关系判断进度
[KG][d5d2b1c5-641] cross_document_fusion:neo4j_write_progress 1600/94974 (2%) - 关系判断进度
[Concept] Referencing concept node: 妇科诊室 (Space) -> entity_1b1818d1c4795d3a
[Concept] Referencing concept node: 护理单元 (FunctionalZone) -> entity_dbce69e725bcd089
[Concept] Referencing concept node: 护士站 (Space) -> entity_008d173d0981abeb
[Concept] Referencing concept node: 诊查室 (Space) -> entity_d2f4aed30a090692
[Concept] Referencing concept node: 治疗室 (Space) -> entity_ba076a619352da3c
[Concept] Referencing concept node: 治疗室 (Space) -> entity_ba076a619352da3c
[Concept] Referencing concept node: 辅助用房 (Space) -> entity_e8adc0f18a99032c
[Concept] Referencing concept node: 治疗室 (Space) -> entity_ba076a619352da3c
[Concept] Referencing concept node: 治疗室 (Space) -> entity_ba076a619352da3c
[Concept] Referencing concept node: 治疗室 (Space) -> entity_ba076a619352da3c
[KG][d5d2b1c5-641] cross_document_fusion:neo4j_write_progress 1000/93100 (1%) - 关系判断进度
[Concept] Referencing concept node: 辅助用房 (Space) -> entity_e8adc0f18a99032c
[Concept] Referencing concept node: 抢救室 (Space) -> entity_ff391842f2239213
[Concept] Referencing concept node: 治疗室 (Space) -> entity_ba076a619352da3c
[Concept] Referencing concept node: 注射室 (Space) -> entity_0ecb8a1c3fb6c26a
[Concept] Referencing concept node: 治疗室 (Space) -> entity_ba076a619352da3c
[Concept] Referencing concept node: 注射室 (Space) -> entity_0ecb8a1c3fb6c26a
[Concept] Referencing concept node: 治疗室 (Space) -> entity_ba076a619352da3c
[Concept] Referencing concept node: 注射室 (Space) -> entity_0ecb8a1c3fb6c26a
[Concept] Referencing concept node: 治疗室 (Space) -> entity_ba076a619352da3c
[KG][d5d2b1c5-641] cross_document_fusion:neo4j_write_progress 1100/93100 (1%) - 关系判断进度
[KG][d5d2b1c5-641] cross_document_fusion:neo4j_write_progress 1700/94974 (2%) - 关系判断进度
[KG][d5d2b1c5-641] cross_document_fusion:neo4j_write_progress 1200/93100 (1%) - 关系判断进度
[KG][d5d2b1c5-641] cross_document_fusion:neo4j_write_progress 1300/93100 (1%) - 关系判断进度
[KG][d5d2b1c5-641] cross_document_fusion:neo4j_write_progress 1800/94974 (2%) - 关系判断进度
[KG][d5d2b1c5-641] cross_document_fusion:neo4j_write_progress 1900/94974 (2%) - 关系判断进度
[KG][d5d2b1c5-641] cross_document_fusion:neo4j_write_progress 1400/93100 (2%) - 关系判断进度
[KG][d5d2b1c5-641] cross_document_fusion:neo4j_write_progress 2000/94974 (2%) - 关系判断进度
[KG][d5d2b1c5-641] cross_document_fusion:neo4j_write_progress 1500/93100 (2%) - 关系判断进度
[KG][d5d2b1c5-641] cross_document_fusion:neo4j_write_progress 1600/93100 (2%) - 关系判断进度
[KG][d5d2b1c5-641] cross_document_fusion:neo4j_write_progress 2100/94974 (2%) - 关系判断进度
[KG][d5d2b1c5-641] cross_document_fusion:neo4j_write_progress 2200/94974 (2%) - 关系判断进度
[KG][d5d2b1c5-641] cross_document_fusion:neo4j_write_progress 1700/93100 (2%) - 关系判断进度
[KG][d5d2b1c5-641] cross_document_fusion:neo4j_write_progress 1800/93100 (2%) - 关系判断进度
[KG][d5d2b1c5-641] cross_document_fusion:neo4j_write_progress 1900/93100 (2%) - 关系判断进度
[KG][d5d2b1c5-641] cross_document_fusion:neo4j_write_progress 2300/94974 (2%) - 关系判断进度
[KG][d5d2b1c5-641] cross_document_fusion:neo4j_write_progress 2000/93100 (2%) - 关系判断进度
[KG][d5d2b1c5-641] cross_document_fusion:neo4j_write_progress 2100/93100 (2%) - 关系判断进度
[KG][d5d2b1c5-641] cross_document_fusion:neo4j_write_progress 2400/94974 (3%) - 关系判断进度
[Concept] Referencing concept node: 诊查室 (Space) -> entity_d2f4aed30a090692
[Concept] Referencing concept node: 诊查室 (Space) -> entity_d2f4aed30a090692
[KG][d5d2b1c5-641] cross_document_fusion:neo4j_write_progress 2200/93100 (2%) - 关系判断进度
[KG][d5d2b1c5-641] cross_document_fusion:neo4j_write_progress 2500/94974 (3%) - 关系判断进度
[KG][d5d2b1c5-641] cross_document_fusion:neo4j_write_progress 2300/93100 (2%) - 关系判断进度
[KG][d5d2b1c5-641] cross_document_fusion:neo4j_write_progress 2600/94974 (3%) - 关系判断进度
[KG][d5d2b1c5-641] cross_document_fusion:neo4j_write_progress 2400/93100 (3%) - 关系判断进度
[Concept] Referencing concept node: 病房 (Space) -> entity_a5458ab36cc68693
[Concept] Referencing concept node: 病房 (Space) -> entity_a5458ab36cc68693
[Concept] Referencing concept node: 病房 (Space) -> entity_a5458ab36cc68693
[Concept] Referencing concept node: 病房 (Space) -> entity_a5458ab36cc68693
[Concept] Referencing concept node: 病房 (Space) -> entity_a5458ab36cc68693
[Concept] Referencing concept node: 病房 (Space) -> entity_a5458ab36cc68693
[Concept] Referencing concept node: 病房 (Space) -> entity_a5458ab36cc68693
[Concept] Referencing concept node: 病房 (Space) -> entity_a5458ab36cc68693
[Concept] Referencing concept node: 病房 (Space) -> entity_a5458ab36cc68693
[Concept] Referencing concept node: 病房 (Space) -> entity_a5458ab36cc68693
[KG][d5d2b1c5-641] cross_document_fusion:neo4j_write_progress 2700/94974 (3%) - 关系判断进度
[KG][d5d2b1c5-641] cross_document_fusion:neo4j_write_progress 2500/93100 (3%) - 关系判断进度
[Concept] Referencing concept node: 病房 (Space) -> entity_a5458ab36cc68693
[Concept] Referencing concept node: 病房 (Space) -> entity_a5458ab36cc68693
[Concept] Referencing concept node: 病房 (Space) -> entity_a5458ab36cc68693
[Concept] Referencing concept node: 病房 (Space) -> entity_a5458ab36cc68693
[Concept] Referencing concept node: 病房 (Space) -> entity_a5458ab36cc68693
[Concept] Referencing concept node: 病房 (Space) -> entity_a5458ab36cc68693
[Concept] Referencing concept node: 病房 (Space) -> entity_a5458ab36cc68693
[KG][d5d2b1c5-641] cross_document_fusion:neo4j_write_progress 2800/94974 (3%) - 关系判断进度
[Concept] Referencing concept node: 诊查室 (Space) -> entity_d2f4aed30a090692
[Concept] Referencing concept node: 诊查室 (Space) -> entity_d2f4aed30a090692
[KG][d5d2b1c5-641] cross_document_fusion:neo4j_write_progress 2600/93100 (3%) - 关系判断进度
[Concept] Referencing concept node: 病房 (Space) -> entity_a5458ab36cc68693
[Concept] Referencing concept node: 病房 (Space) -> entity_a5458ab36cc68693
[Concept] Referencing concept node: 病房 (Space) -> entity_a5458ab36cc68693
[Concept] Referencing concept node: 病房 (Space) -> entity_a5458ab36cc68693
[Concept] Referencing concept node: 病房 (Space) -> entity_a5458ab36cc68693
[Concept] Referencing concept node: 病房 (Space) -> entity_a5458ab36cc68693
[Concept] Referencing concept node: 病房 (Space) -> entity_a5458ab36cc68693
[Concept] Referencing concept node: 病房 (Space) -> entity_a5458ab36cc68693
[Concept] Referencing concept node: 病房 (Space) -> entity_a5458ab36cc68693
[Concept] Referencing concept node: 病房 (Space) -> entity_a5458ab36cc68693
[KG][d5d2b1c5-641] cross_document_fusion:neo4j_write_progress 2700/93100 (3%) - 关系判断进度
[KG][d5d2b1c5-641] cross_document_fusion:neo4j_write_progress 2900/94974 (3%) - 关系判断进度
[Concept] Referencing concept node: 病房 (Space) -> entity_a5458ab36cc68693
[Concept] Referencing concept node: 病房 (Space) -> entity_a5458ab36cc68693
[Concept] Referencing concept node: 病房 (Space) -> entity_a5458ab36cc68693
[Concept] Referencing concept node: 病房 (Space) -> entity_a5458ab36cc68693
[Concept] Referencing concept node: 病房 (Space) -> entity_a5458ab36cc68693
[Concept] Referencing concept node: 病房 (Space) -> entity_a5458ab36cc68693
[Concept] Referencing concept node: 病房 (Space) -> entity_a5458ab36cc68693
[KG][d5d2b1c5-641] cross_document_fusion:neo4j_write_progress 2800/93100 (3%) - 关系判断进度
[KG][d5d2b1c5-641] cross_document_fusion:neo4j_write_progress 3000/94974 (3%) - 关系判断进度
[KG][d5d2b1c5-641] cross_document_fusion:neo4j_write_progress 3100/94974 (3%) - 关系判断进度
[KG][d5d2b1c5-641] cross_document_fusion:neo4j_write_progress 3200/94974 (3%) - 关系判断进度
[KG][d5d2b1c5-641] cross_document_fusion:neo4j_write_progress 3300/94974 (3%) - 关系判断进度
[Concept] Referencing concept node: 辅助用房 (Space) -> entity_e8adc0f18a99032c
[KG][d5d2b1c5-641] cross_document_fusion:neo4j_write_progress 3400/94974 (4%) - 关系判断进度
[KG][d5d2b1c5-641] cross_document_fusion:neo4j_write_progress 2900/93100 (3%) - 关系判断进度
[KG][d5d2b1c5-641] cross_document_fusion:neo4j_write_progress 3000/93100 (3%) - 关系判断进度
[KG][d5d2b1c5-641] cross_document_fusion:neo4j_write_progress 3500/94974 (4%) - 关系判断进度
[KG][d5d2b1c5-641] cross_document_fusion:neo4j_write_progress 3100/93100 (3%) - 关系判断进度
[KG][d5d2b1c5-641] cross_document_fusion:neo4j_write_progress 3600/94974 (4%) - 关系判断进度
[KG][d5d2b1c5-641] cross_document_fusion:neo4j_write_progress 3200/93100 (3%) - 关系判断进度
[Concept] Referencing concept node: 综合医院 (Hospital) -> entity_a8d579129fa6cdd6
[Concept] Referencing concept node: 综合医院 (Hospital) -> entity_a8d579129fa6cdd6
[KG][d5d2b1c5-641] cross_document_fusion:neo4j_write_progress 3700/94974 (4%) - 关系判断进度
[Concept] Referencing concept node: 辅助用房 (Space) -> entity_e8adc0f18a99032c
[KG][d5d2b1c5-641] cross_document_fusion:neo4j_write_progress 3300/93100 (4%) - 关系判断进度
[Concept] Referencing concept node: 综合医院 (Hospital) -> entity_a8d579129fa6cdd6
[Concept] Referencing concept node: 综合医院 (Hospital) -> entity_a8d579129fa6cdd6
[Concept] Referencing concept node: 综合医院 (Hospital) -> entity_a8d579129fa6cdd6
[Concept] Referencing concept node: 病房 (Space) -> entity_a5458ab36cc68693
[Concept] Referencing concept node: 综合医院 (Hospital) -> entity_a8d579129fa6cdd6
[Concept] Referencing concept node: 综合医院 (Hospital) -> entity_a8d579129fa6cdd6
[Concept] Referencing concept node: 综合医院 (Hospital) -> entity_a8d579129fa6cdd6
[Concept] Referencing concept node: 综合医院 (Hospital) -> entity_a8d579129fa6cdd6
[Concept] Referencing concept node: 综合医院 (Hospital) -> entity_a8d579129fa6cdd6
[Concept] Referencing concept node: 综合医院 (Hospital) -> entity_a8d579129fa6cdd6
[Concept] Referencing concept node: 综合医院 (Hospital) -> entity_a8d579129fa6cdd6
[Concept] Referencing concept node: 综合医院 (Hospital) -> entity_a8d579129fa6cdd6
[Concept] Referencing concept node: 综合医院 (Hospital) -> entity_a8d579129fa6cdd6
[KG][d5d2b1c5-641] cross_document_fusion:neo4j_write_progress 3800/94974 (4%) - 关系判断进度
[KG][d5d2b1c5-641] cross_document_fusion:neo4j_write_progress 3400/93100 (4%) - 关系判断进度
[Concept] Referencing concept node: 综合医院 (Hospital) -> entity_a8d579129fa6cdd6
[Concept] Referencing concept node: 综合医院 (Hospital) -> entity_a8d579129fa6cdd6
[KG][d5d2b1c5-641] cross_document_fusion:neo4j_write_progress 3900/94974 (4%) - 关系判断进度
[KG][d5d2b1c5-641] cross_document_fusion:neo4j_write_progress 3500/93100 (4%) - 关系判断进度
[Concept] Referencing concept node: 综合医院 (Hospital) -> entity_a8d579129fa6cdd6
[KG][d5d2b1c5-641] cross_document_fusion:neo4j_write_progress 4000/94974 (4%) - 关系判断进度
[KG][d5d2b1c5-641] cross_document_fusion:neo4j_write_progress 4100/94974 (4%) - 关系判断进度
[Concept] Referencing concept node: 综合医院 (Hospital) -> entity_a8d579129fa6cdd6
[Concept] Referencing concept node: 综合医院 (Hospital) -> entity_a8d579129fa6cdd6
[KG][d5d2b1c5-641] cross_document_fusion:neo4j_write_progress 3600/93100 (4%) - 关系判断进度
[KG][d5d2b1c5-641] cross_document_fusion:neo4j_write_progress 4200/94974 (4%) - 关系判断进度
[Concept] Referencing concept node: 综合医院 (Hospital) -> entity_a8d579129fa6cdd6
[Concept] Referencing concept node: 综合医院 (Hospital) -> entity_a8d579129fa6cdd6
[Concept] Referencing concept node: 综合医院 (Hospital) -> entity_a8d579129fa6cdd6
[Concept] Referencing concept node: 病房 (Space) -> entity_a5458ab36cc68693
[Concept] Referencing concept node: 综合医院 (Hospital) -> entity_a8d579129fa6cdd6
[Concept] Referencing concept node: 综合医院 (Hospital) -> entity_a8d579129fa6cdd6
[Concept] Referencing concept node: 综合医院 (Hospital) -> entity_a8d579129fa6cdd6
[Concept] Referencing concept node: 综合医院 (Hospital) -> entity_a8d579129fa6cdd6
[Concept] Referencing concept node: 综合医院 (Hospital) -> entity_a8d579129fa6cdd6
[Concept] Referencing concept node: 综合医院 (Hospital) -> entity_a8d579129fa6cdd6
[Concept] Referencing concept node: 综合医院 (Hospital) -> entity_a8d579129fa6cdd6
[Concept] Referencing concept node: 综合医院 (Hospital) -> entity_a8d579129fa6cdd6
[KG][d5d2b1c5-641] cross_document_fusion:neo4j_write_progress 3700/93100 (4%) - 关系判断进度
[Concept] Referencing concept node: 综合医院 (Hospital) -> entity_a8d579129fa6cdd6
[Concept] Referencing concept node: 综合医院 (Hospital) -> entity_a8d579129fa6cdd6
[Concept] Referencing concept node: 综合医院 (Hospital) -> entity_a8d579129fa6cdd6
[KG][d5d2b1c5-641] cross_document_fusion:neo4j_write_progress 3800/93100 (4%) - 关系判断进度
[Concept] Referencing concept node: 综合医院 (Hospital) -> entity_a8d579129fa6cdd6
[KG][d5d2b1c5-641] cross_document_fusion:neo4j_write_progress 4300/94974 (5%) - 关系判断进度
[Concept] Referencing concept node: 综合医院 (Hospital) -> entity_a8d579129fa6cdd6
[KG][d5d2b1c5-641] cross_document_fusion:neo4j_write_progress 3900/93100 (4%) - 关系判断进度
[KG][d5d2b1c5-641] cross_document_fusion:neo4j_write_progress 4000/93100 (4%) - 关系判断进度
[KG][d5d2b1c5-641] cross_document_fusion:neo4j_write_progress 4400/94974 (5%) - 关系判断进度
[KG][d5d2b1c5-641] cross_document_fusion:neo4j_write_progress 4100/93100 (4%) - 关系判断进度
[KG][d5d2b1c5-641] cross_document_fusion:neo4j_write_progress 4500/94974 (5%) - 关系判断进度
[KG][d5d2b1c5-641] cross_document_fusion:neo4j_write_progress 4600/94974 (5%) - 关系判断进度
[Concept] Referencing concept node: 综合医院 (Hospital) -> entity_a8d579129fa6cdd6
[KG][d5d2b1c5-641] cross_document_fusion:neo4j_write_progress 4200/93100 (5%) - 关系判断进度
[KG][d5d2b1c5-641] cross_document_fusion:neo4j_write_progress 4700/94974 (5%) - 关系判断进度
[KG][d5d2b1c5-641] cross_document_fusion:neo4j_write_progress 4300/93100 (5%) - 关系判断进度
[KG][d5d2b1c5-641] cross_document_fusion:neo4j_write_progress 4800/94974 (5%) - 关系判断进度
[KG][d5d2b1c5-641] cross_document_fusion:neo4j_write_progress 4400/93100 (5%) - 关系判断进度
[KG][d5d2b1c5-641] cross_document_fusion:neo4j_write_progress 4500/93100 (5%) - 关系判断进度
[KG][d5d2b1c5-641] cross_document_fusion:neo4j_write_progress 4900/94974 (5%) - 关系判断进度
[KG][d5d2b1c5-641] cross_document_fusion:neo4j_write_progress 4600/93100 (5%) - 关系判断进度
[KG][d5d2b1c5-641] cross_document_fusion:neo4j_write_progress 5000/94974 (5%) - 关系判断进度
[KG][d5d2b1c5-641] cross_document_fusion:neo4j_write_progress 5100/94974 (5%) - 关系判断进度
[KG][d5d2b1c5-641] cross_document_fusion:neo4j_write_progress 4700/93100 (5%) - 关系判断进度
[KG][d5d2b1c5-641] cross_document_fusion:neo4j_write_progress 5200/94974 (5%) - 关系判断进度
[Concept] Referencing concept node: 观察室 (Space) -> entity_2b4802d6d560c992
[KG][d5d2b1c5-641] cross_document_fusion:neo4j_write_progress 5300/94974 (6%) - 关系判断进度
[KG][d5d2b1c5-641] cross_document_fusion:neo4j_write_progress 5400/94974 (6%) - 关系判断进度
[KG][d5d2b1c5-641] cross_document_fusion:neo4j_write_progress 4800/93100 (5%) - 关系判断进度
[KG][d5d2b1c5-641] cross_document_fusion:neo4j_write_progress 5500/94974 (6%) - 关系判断进度
[KG][d5d2b1c5-641] cross_document_fusion:neo4j_write_progress 5600/94974 (6%) - 关系判断进度
[KG][d5d2b1c5-641] cross_document_fusion:neo4j_write_progress 4900/93100 (5%) - 关系判断进度
[KG][d5d2b1c5-641] cross_document_fusion:neo4j_write_progress 5700/94974 (6%) - 关系判断进度
[Concept] Referencing concept node: 诊查室 (Space) -> entity_d2f4aed30a090692
[Concept] Referencing concept node: 治疗室 (Space) -> entity_ba076a619352da3c
[KG][d5d2b1c5-641] cross_document_fusion:neo4j_write_progress 5000/93100 (5%) - 关系判断进度
[KG][d5d2b1c5-641] cross_document_fusion:neo4j_write_progress 5800/94974 (6%) - 关系判断进度
[KG][d5d2b1c5-641] cross_document_fusion:neo4j_write_progress 5100/93100 (5%) - 关系判断进度
[Concept] Referencing concept node: 观察室 (Space) -> entity_2b4802d6d560c992
[Concept] Referencing concept node: 观察室 (Space) -> entity_2b4802d6d560c992
[KG][d5d2b1c5-641] cross_document_fusion:neo4j_write_progress 5900/94974 (6%) - 关系判断进度
[Concept] Referencing concept node: 诊查室 (Space) -> entity_d2f4aed30a090692
[Concept] Referencing concept node: 观察室 (Space) -> entity_2b4802d6d560c992
[KG][d5d2b1c5-641] cross_document_fusion:neo4j_write_progress 5200/93100 (6%) - 关系判断进度
[KG][d5d2b1c5-641] cross_document_fusion:neo4j_write_progress 6000/94974 (6%) - 关系判断进度
[KG][d5d2b1c5-641] cross_document_fusion:neo4j_write_progress 5300/93100 (6%) - 关系判断进度
[KG][d5d2b1c5-641] cross_document_fusion:neo4j_write_progress 5400/93100 (6%) - 关系判断进度
[KG][d5d2b1c5-641] cross_document_fusion:neo4j_write_progress 6100/94974 (6%) - 关系判断进度
[KG][d5d2b1c5-641] cross_document_fusion:neo4j_write_progress 5500/93100 (6%) - 关系判断进度
[KG][d5d2b1c5-641] cross_document_fusion:neo4j_write_progress 5600/93100 (6%) - 关系判断进度
[KG][d5d2b1c5-641] cross_document_fusion:neo4j_write_progress 6200/94974 (7%) - 关系判断进度
[KG][d5d2b1c5-641] cross_document_fusion:neo4j_write_progress 5700/93100 (6%) - 关系判断进度
[Concept] Referencing concept node: 观察室 (Space) -> entity_2b4802d6d560c992
[Concept] Referencing concept node: 观察室 (Space) -> entity_2b4802d6d560c992
[KG][d5d2b1c5-641] cross_document_fusion:neo4j_write_progress 5800/93100 (6%) - 关系判断进度
[KG][d5d2b1c5-641] cross_document_fusion:neo4j_write_progress 5900/93100 (6%) - 关系判断进度
[KG][d5d2b1c5-641] cross_document_fusion:neo4j_write_progress 6300/94974 (7%) - 关系判断进度
[KG][d5d2b1c5-641] cross_document_fusion:neo4j_write_progress 6400/94974 (7%) - 关系判断进度
[KG][d5d2b1c5-641] cross_document_fusion:neo4j_write_progress 6500/94974 (7%) - 关系判断进度
[KG][d5d2b1c5-641] cross_document_fusion:neo4j_write_progress 6000/93100 (6%) - 关系判断进度
[Concept] Referencing concept node: 妇科诊室 (Space) -> entity_1b1818d1c4795d3a
[Concept] Referencing concept node: 妇科诊室 (Space) -> entity_1b1818d1c4795d3a
[Concept] Referencing concept node: 妇科诊室 (Space) -> entity_1b1818d1c4795d3a
[Concept] Referencing concept node: 妇科诊室 (Space) -> entity_1b1818d1c4795d3a
[Concept] Referencing concept node: 妇科诊室 (Space) -> entity_1b1818d1c4795d3a
[Concept] Referencing concept node: 妇科诊室 (Space) -> entity_1b1818d1c4795d3a
[Concept] Referencing concept node: 妇科诊室 (Space) -> entity_1b1818d1c4795d3a
[Concept] Referencing concept node: 妇科诊室 (Space) -> entity_1b1818d1c4795d3a
[Concept] Referencing concept node: 妇科诊室 (Space) -> entity_1b1818d1c4795d3a
[KG][d5d2b1c5-641] cross_document_fusion:neo4j_write_progress 6600/94974 (7%) - 关系判断进度
[Concept] Referencing concept node: 妇科诊室 (Space) -> entity_1b1818d1c4795d3a
[Concept] Referencing concept node: 妇科诊室 (Space) -> entity_1b1818d1c4795d3a
[Concept] Referencing concept node: 妇科诊室 (Space) -> entity_1b1818d1c4795d3a
[Concept] Referencing concept node: 妇科诊室 (Space) -> entity_1b1818d1c4795d3a
[Concept] Referencing concept node: 妇科诊室 (Space) -> entity_1b1818d1c4795d3a
[Concept] Referencing concept node: 妇科诊室 (Space) -> entity_1b1818d1c4795d3a
[Concept] Referencing concept node: 妇科诊室 (Space) -> entity_1b1818d1c4795d3a
[Concept] Referencing concept node: 妇科诊室 (Space) -> entity_1b1818d1c4795d3a
[Concept] Referencing concept node: 妇科诊室 (Space) -> entity_1b1818d1c4795d3a
[Concept] Referencing concept node: 妇科诊室 (Space) -> entity_1b1818d1c4795d3a
[Concept] Referencing concept node: 妇科诊室 (Space) -> entity_1b1818d1c4795d3a
[Concept] Referencing concept node: 妇科诊室 (Space) -> entity_1b1818d1c4795d3a
[Concept] Referencing concept node: 妇科诊室 (Space) -> entity_1b1818d1c4795d3a
[Concept] Referencing concept node: 妇科诊室 (Space) -> entity_1b1818d1c4795d3a
[Concept] Referencing concept node: 妇科诊室 (Space) -> entity_1b1818d1c4795d3a
[Concept] Referencing concept node: 妇科诊室 (Space) -> entity_1b1818d1c4795d3a
[Concept] Referencing concept node: 妇科诊室 (Space) -> entity_1b1818d1c4795d3a
[Concept] Referencing concept node: 妇科诊室 (Space) -> entity_1b1818d1c4795d3a
[Concept] Referencing concept node: 妇科诊室 (Space) -> entity_1b1818d1c4795d3a
[Concept] Referencing concept node: 妇科诊室 (Space) -> entity_1b1818d1c4795d3a
[Concept] Referencing concept node: 妇科诊室 (Space) -> entity_1b1818d1c4795d3a
[Concept] Referencing concept node: 妇科诊室 (Space) -> entity_1b1818d1c4795d3a
[Concept] Referencing concept node: 妇科诊室 (Space) -> entity_1b1818d1c4795d3a
[KG][d5d2b1c5-641] cross_document_fusion:neo4j_write_progress 6700/94974 (7%) - 关系判断进度
[KG][d5d2b1c5-641] cross_document_fusion:neo4j_write_progress 6100/93100 (7%) - 关系判断进度
[KG][d5d2b1c5-641] cross_document_fusion:neo4j_write_progress 6200/93100 (7%) - 关系判断进度
[Concept] Referencing concept node: 妇科诊室 (Space) -> entity_1b1818d1c4795d3a
[Concept] Referencing concept node: 妇科诊室 (Space) -> entity_1b1818d1c4795d3a
[Concept] Referencing concept node: 妇科诊室 (Space) -> entity_1b1818d1c4795d3a
[Concept] Referencing concept node: 妇科诊室 (Space) -> entity_1b1818d1c4795d3a
[Concept] Referencing concept node: 妇科诊室 (Space) -> entity_1b1818d1c4795d3a
[Concept] Referencing concept node: 妇科诊室 (Space) -> entity_1b1818d1c4795d3a
[Concept] Referencing concept node: 妇科诊室 (Space) -> entity_1b1818d1c4795d3a
[Concept] Referencing concept node: 妇科诊室 (Space) -> entity_1b1818d1c4795d3a
[Concept] Referencing concept node: 妇科诊室 (Space) -> entity_1b1818d1c4795d3a
[Concept] Referencing concept node: 妇科诊室 (Space) -> entity_1b1818d1c4795d3a
[Concept] Referencing concept node: 妇科诊室 (Space) -> entity_1b1818d1c4795d3a
[Concept] Referencing concept node: 妇科诊室 (Space) -> entity_1b1818d1c4795d3a
[Concept] Referencing concept node: 妇科诊室 (Space) -> entity_1b1818d1c4795d3a
[Concept] Referencing concept node: 妇科诊室 (Space) -> entity_1b1818d1c4795d3a
[Concept] Referencing concept node: 妇科诊室 (Space) -> entity_1b1818d1c4795d3a
[Concept] Referencing concept node: 妇科诊室 (Space) -> entity_1b1818d1c4795d3a
[Concept] Referencing concept node: 妇科诊室 (Space) -> entity_1b1818d1c4795d3a
[Concept] Referencing concept node: 妇科诊室 (Space) -> entity_1b1818d1c4795d3a
[Concept] Referencing concept node: 妇科诊室 (Space) -> entity_1b1818d1c4795d3a
[Concept] Referencing concept node: 妇科诊室 (Space) -> entity_1b1818d1c4795d3a
[Concept] Referencing concept node: 妇科诊室 (Space) -> entity_1b1818d1c4795d3a
[Concept] Referencing concept node: 妇科诊室 (Space) -> entity_1b1818d1c4795d3a
[Concept] Referencing concept node: 妇科诊室 (Space) -> entity_1b1818d1c4795d3a
[Concept] Referencing concept node: 妇科诊室 (Space) -> entity_1b1818d1c4795d3a
[Concept] Referencing concept node: 妇科诊室 (Space) -> entity_1b1818d1c4795d3a
[Concept] Referencing concept node: 妇科诊室 (Space) -> entity_1b1818d1c4795d3a
[Concept] Referencing concept node: 妇科诊室 (Space) -> entity_1b1818d1c4795d3a
[Concept] Referencing concept node: 妇科诊室 (Space) -> entity_1b1818d1c4795d3a
[Concept] Referencing concept node: 妇科诊室 (Space) -> entity_1b1818d1c4795d3a
[Concept] Referencing concept node: 妇科诊室 (Space) -> entity_1b1818d1c4795d3a
[Concept] Referencing concept node: 妇科诊室 (Space) -> entity_1b1818d1c4795d3a
[Concept] Referencing concept node: 妇科诊室 (Space) -> entity_1b1818d1c4795d3a
[Concept] Referencing concept node: 妇科诊室 (Space) -> entity_1b1818d1c4795d3a
[Concept] Referencing concept node: 妇科诊室 (Space) -> entity_1b1818d1c4795d3a
[Concept] Referencing concept node: 妇科诊室 (Space) -> entity_1b1818d1c4795d3a
[Concept] Referencing concept node: 妇科诊室 (Space) -> entity_1b1818d1c4795d3a
[Concept] Referencing concept node: 妇科诊室 (Space) -> entity_1b1818d1c4795d3a
[Concept] Referencing concept node: 妇科诊室 (Space) -> entity_1b1818d1c4795d3a
[Concept] Referencing concept node: 妇科诊室 (Space) -> entity_1b1818d1c4795d3a
[Concept] Referencing concept node: 妇科诊室 (Space) -> entity_1b1818d1c4795d3a
[Concept] Referencing concept node: 妇科诊室 (Space) -> entity_1b1818d1c4795d3a
[KG][d5d2b1c5-641] cross_document_fusion:neo4j_write_progress 6800/94974 (7%) - 关系判断进度
[KG][d5d2b1c5-641] cross_document_fusion:neo4j_write_progress 6300/93100 (7%) - 关系判断进度
[Concept] Referencing concept node: 妇科诊室 (Space) -> entity_1b1818d1c4795d3a
[Concept] Referencing concept node: 妇科诊室 (Space) -> entity_1b1818d1c4795d3a
[Concept] Referencing concept node: 妇科诊室 (Space) -> entity_1b1818d1c4795d3a
[Concept] Referencing concept node: 妇科诊室 (Space) -> entity_1b1818d1c4795d3a
[Concept] Referencing concept node: 妇科诊室 (Space) -> entity_1b1818d1c4795d3a
[Concept] Referencing concept node: 妇科诊室 (Space) -> entity_1b1818d1c4795d3a
[Concept] Referencing concept node: 妇科诊室 (Space) -> entity_1b1818d1c4795d3a
[Concept] Referencing concept node: 妇科诊室 (Space) -> entity_1b1818d1c4795d3a
[Concept] Referencing concept node: 妇科诊室 (Space) -> entity_1b1818d1c4795d3a
[Concept] Referencing concept node: 妇科诊室 (Space) -> entity_1b1818d1c4795d3a
[Concept] Referencing concept node: 妇科诊室 (Space) -> entity_1b1818d1c4795d3a
[Concept] Referencing concept node: 妇科诊室 (Space) -> entity_1b1818d1c4795d3a
[Concept] Referencing concept node: 妇科诊室 (Space) -> entity_1b1818d1c4795d3a
[Concept] Referencing concept node: 妇科诊室 (Space) -> entity_1b1818d1c4795d3a
[Concept] Referencing concept node: 妇科诊室 (Space) -> entity_1b1818d1c4795d3a
[Concept] Referencing concept node: 妇科诊室 (Space) -> entity_1b1818d1c4795d3a
[Concept] Referencing concept node: 妇科诊室 (Space) -> entity_1b1818d1c4795d3a
[Concept] Referencing concept node: 妇科诊室 (Space) -> entity_1b1818d1c4795d3a
[Concept] Referencing concept node: 妇科诊室 (Space) -> entity_1b1818d1c4795d3a
[Concept] Referencing concept node: 妇科诊室 (Space) -> entity_1b1818d1c4795d3a
[Concept] Referencing concept node: 妇科诊室 (Space) -> entity_1b1818d1c4795d3a
[Concept] Referencing concept node: 妇科诊室 (Space) -> entity_1b1818d1c4795d3a
[Concept] Referencing concept node: 妇科诊室 (Space) -> entity_1b1818d1c4795d3a
[Concept] Referencing concept node: 妇科诊室 (Space) -> entity_1b1818d1c4795d3a
[Concept] Referencing concept node: 妇科诊室 (Space) -> entity_1b1818d1c4795d3a
[Concept] Referencing concept node: 妇科诊室 (Space) -> entity_1b1818d1c4795d3a
[Concept] Referencing concept node: 妇科诊室 (Space) -> entity_1b1818d1c4795d3a
[Concept] Referencing concept node: 妇科诊室 (Space) -> entity_1b1818d1c4795d3a
[Concept] Referencing concept node: 妇科诊室 (Space) -> entity_1b1818d1c4795d3a
[Concept] Referencing concept node: 妇科诊室 (Space) -> entity_1b1818d1c4795d3a
[Concept] Referencing concept node: 妇科诊室 (Space) -> entity_1b1818d1c4795d3a
[Concept] Referencing concept node: 妇科诊室 (Space) -> entity_1b1818d1c4795d3a
[Concept] Referencing concept node: 妇科诊室 (Space) -> entity_1b1818d1c4795d3a
[Concept] Referencing concept node: 妇科诊室 (Space) -> entity_1b1818d1c4795d3a
[Concept] Referencing concept node: 妇科诊室 (Space) -> entity_1b1818d1c4795d3a
[Concept] Referencing concept node: 妇科诊室 (Space) -> entity_1b1818d1c4795d3a
[Concept] Referencing concept node: 妇科诊室 (Space) -> entity_1b1818d1c4795d3a
[Concept] Referencing concept node: 妇科诊室 (Space) -> entity_1b1818d1c4795d3a
[Concept] Referencing concept node: 妇科诊室 (Space) -> entity_1b1818d1c4795d3a
[Concept] Referencing concept node: 妇科诊室 (Space) -> entity_1b1818d1c4795d3a
[Concept] Referencing concept node: 妇科诊室 (Space) -> entity_1b1818d1c4795d3a
[Concept] Referencing concept node: 妇科诊室 (Space) -> entity_1b1818d1c4795d3a
[Concept] Referencing concept node: 妇科诊室 (Space) -> entity_1b1818d1c4795d3a
[Concept] Referencing concept node: 妇科诊室 (Space) -> entity_1b1818d1c4795d3a
[Concept] Referencing concept node: 妇科诊室 (Space) -> entity_1b1818d1c4795d3a
[Concept] Referencing concept node: 妇科诊室 (Space) -> entity_1b1818d1c4795d3a
[Concept] Referencing concept node: 妇科诊室 (Space) -> entity_1b1818d1c4795d3a
[Concept] Referencing concept node: 妇科诊室 (Space) -> entity_1b1818d1c4795d3a
[Concept] Referencing concept node: 妇科诊室 (Space) -> entity_1b1818d1c4795d3a
[Concept] Referencing concept node: 妇科诊室 (Space) -> entity_1b1818d1c4795d3a
[Concept] Referencing concept node: 妇科诊室 (Space) -> entity_1b1818d1c4795d3a
[Concept] Referencing concept node: 妇科诊室 (Space) -> entity_1b1818d1c4795d3a
[Concept] Referencing concept node: 妇科诊室 (Space) -> entity_1b1818d1c4795d3a
[Concept] Referencing concept node: 妇科诊室 (Space) -> entity_1b1818d1c4795d3a
[Concept] Referencing concept node: 妇科诊室 (Space) -> entity_1b1818d1c4795d3a
[Concept] Referencing concept node: 妇科诊室 (Space) -> entity_1b1818d1c4795d3a
[Concept] Referencing concept node: 妇科诊室 (Space) -> entity_1b1818d1c4795d3a
[Concept] Referencing concept node: 妇科诊室 (Space) -> entity_1b1818d1c4795d3a
[Concept] Referencing concept node: 妇科诊室 (Space) -> entity_1b1818d1c4795d3a
[Concept] Referencing concept node: 妇科诊室 (Space) -> entity_1b1818d1c4795d3a
[Concept] Referencing concept node: 妇科诊室 (Space) -> entity_1b1818d1c4795d3a
[Concept] Referencing concept node: 妇科诊室 (Space) -> entity_1b1818d1c4795d3a
[Concept] Referencing concept node: 妇科诊室 (Space) -> entity_1b1818d1c4795d3a
[Concept] Referencing concept node: 妇科诊室 (Space) -> entity_1b1818d1c4795d3a
[Concept] Referencing concept node: 妇科诊室 (Space) -> entity_1b1818d1c4795d3a
[Concept] Referencing concept node: 妇科诊室 (Space) -> entity_1b1818d1c4795d3a
[Concept] Referencing concept node: 妇科诊室 (Space) -> entity_1b1818d1c4795d3a
[Concept] Referencing concept node: 妇科诊室 (Space) -> entity_1b1818d1c4795d3a
[Concept] Referencing concept node: 妇科诊室 (Space) -> entity_1b1818d1c4795d3a
[Concept] Referencing concept node: 妇科诊室 (Space) -> entity_1b1818d1c4795d3a
[Concept] Referencing concept node: 妇科诊室 (Space) -> entity_1b1818d1c4795d3a
[Concept] Referencing concept node: 妇科诊室 (Space) -> entity_1b1818d1c4795d3a
[Concept] Referencing concept node: 妇科诊室 (Space) -> entity_1b1818d1c4795d3a
[Concept] Referencing concept node: 妇科诊室 (Space) -> entity_1b1818d1c4795d3a
[Concept] Referencing concept node: 妇科诊室 (Space) -> entity_1b1818d1c4795d3a
[Concept] Referencing concept node: 妇科诊室 (Space) -> entity_1b1818d1c4795d3a
[Concept] Referencing concept node: 妇科诊室 (Space) -> entity_1b1818d1c4795d3a
[Concept] Referencing concept node: 妇科诊室 (Space) -> entity_1b1818d1c4795d3a
[Concept] Referencing concept node: 妇科诊室 (Space) -> entity_1b1818d1c4795d3a
[Concept] Referencing concept node: 妇科诊室 (Space) -> entity_1b1818d1c4795d3a
[Concept] Referencing concept node: 妇科诊室 (Space) -> entity_1b1818d1c4795d3a
[Concept] Referencing concept node: 妇科诊室 (Space) -> entity_1b1818d1c4795d3a
[Concept] Referencing concept node: 妇科诊室 (Space) -> entity_1b1818d1c4795d3a
[Concept] Referencing concept node: 妇科诊室 (Space) -> entity_1b1818d1c4795d3a
[Concept] Referencing concept node: 妇科诊室 (Space) -> entity_1b1818d1c4795d3a
[Concept] Referencing concept node: 妇科诊室 (Space) -> entity_1b1818d1c4795d3a
[Concept] Referencing concept node: 妇科诊室 (Space) -> entity_1b1818d1c4795d3a
[Concept] Referencing concept node: 妇科诊室 (Space) -> entity_1b1818d1c4795d3a
[Concept] Referencing concept node: 妇科诊室 (Space) -> entity_1b1818d1c4795d3a
[Concept] Referencing concept node: 妇科诊室 (Space) -> entity_1b1818d1c4795d3a
[Concept] Referencing concept node: 妇科诊室 (Space) -> entity_1b1818d1c4795d3a
[Concept] Referencing concept node: 妇科诊室 (Space) -> entity_1b1818d1c4795d3a
[Concept] Referencing concept node: 妇科诊室 (Space) -> entity_1b1818d1c4795d3a
[Concept] Referencing concept node: 妇科诊室 (Space) -> entity_1b1818d1c4795d3a
[Concept] Referencing concept node: 妇科诊室 (Space) -> entity_1b1818d1c4795d3a
[Concept] Referencing concept node: 妇科诊室 (Space) -> entity_1b1818d1c4795d3a
[Concept] Referencing concept node: 妇科诊室 (Space) -> entity_1b1818d1c4795d3a
[Concept] Referencing concept node: 妇科诊室 (Space) -> entity_1b1818d1c4795d3a
[KG][d5d2b1c5-641] cross_document_fusion:neo4j_write_progress 6900/94974 (7%) - 关系判断进度
[KG][d5d2b1c5-641] cross_document_fusion:neo4j_write_progress 6400/93100 (7%) - 关系判断进度
[Concept] Referencing concept node: 妇科诊室 (Space) -> entity_1b1818d1c4795d3a
[Concept] Referencing concept node: 妇科诊室 (Space) -> entity_1b1818d1c4795d3a
[Concept] Referencing concept node: 妇科诊室 (Space) -> entity_1b1818d1c4795d3a
[Concept] Referencing concept node: 妇科诊室 (Space) -> entity_1b1818d1c4795d3a
[Concept] Referencing concept node: 妇科诊室 (Space) -> entity_1b1818d1c4795d3a
[Concept] Referencing concept node: 妇科诊室 (Space) -> entity_1b1818d1c4795d3a
[Concept] Referencing concept node: 妇科诊室 (Space) -> entity_1b1818d1c4795d3a
[Concept] Referencing concept node: 妇科诊室 (Space) -> entity_1b1818d1c4795d3a
[Concept] Referencing concept node: 妇科诊室 (Space) -> entity_1b1818d1c4795d3a
[Concept] Referencing concept node: 妇科诊室 (Space) -> entity_1b1818d1c4795d3a
[Concept] Referencing concept node: 妇科诊室 (Space) -> entity_1b1818d1c4795d3a
[Concept] Referencing concept node: 妇科诊室 (Space) -> entity_1b1818d1c4795d3a
[Concept] Referencing concept node: 妇科诊室 (Space) -> entity_1b1818d1c4795d3a
[Concept] Referencing concept node: 妇科诊室 (Space) -> entity_1b1818d1c4795d3a
[Concept] Referencing concept node: 妇科诊室 (Space) -> entity_1b1818d1c4795d3a
[Concept] Referencing concept node: 妇科诊室 (Space) -> entity_1b1818d1c4795d3a
[Concept] Referencing concept node: 妇科诊室 (Space) -> entity_1b1818d1c4795d3a
[Concept] Referencing concept node: 妇科诊室 (Space) -> entity_1b1818d1c4795d3a
[Concept] Referencing concept node: 妇科诊室 (Space) -> entity_1b1818d1c4795d3a
[Concept] Referencing concept node: 妇科诊室 (Space) -> entity_1b1818d1c4795d3a
[Concept] Referencing concept node: 妇科诊室 (Space) -> entity_1b1818d1c4795d3a
[Concept] Referencing concept node: 妇科诊室 (Space) -> entity_1b1818d1c4795d3a
[Concept] Referencing concept node: 妇科诊室 (Space) -> entity_1b1818d1c4795d3a
[Concept] Referencing concept node: 妇科诊室 (Space) -> entity_1b1818d1c4795d3a
[Concept] Referencing concept node: 妇科诊室 (Space) -> entity_1b1818d1c4795d3a
[Concept] Referencing concept node: 妇科诊室 (Space) -> entity_1b1818d1c4795d3a
[Concept] Referencing concept node: 妇科诊室 (Space) -> entity_1b1818d1c4795d3a
[Concept] Referencing concept node: 妇科诊室 (Space) -> entity_1b1818d1c4795d3a
[Concept] Referencing concept node: 妇科诊室 (Space) -> entity_1b1818d1c4795d3a
[Concept] Referencing concept node: 妇科诊室 (Space) -> entity_1b1818d1c4795d3a
[Concept] Referencing concept node: 妇科诊室 (Space) -> entity_1b1818d1c4795d3a
[Concept] Referencing concept node: 妇科诊室 (Space) -> entity_1b1818d1c4795d3a
[Concept] Referencing concept node: 妇科诊室 (Space) -> entity_1b1818d1c4795d3a
[Concept] Referencing concept node: 妇科诊室 (Space) -> entity_1b1818d1c4795d3a
[Concept] Referencing concept node: 妇科诊室 (Space) -> entity_1b1818d1c4795d3a
[Concept] Referencing concept node: 妇科诊室 (Space) -> entity_1b1818d1c4795d3a
[Concept] Referencing concept node: 妇科诊室 (Space) -> entity_1b1818d1c4795d3a
[Concept] Referencing concept node: 妇科诊室 (Space) -> entity_1b1818d1c4795d3a
[Concept] Referencing concept node: 妇科诊室 (Space) -> entity_1b1818d1c4795d3a
[Concept] Referencing concept node: 妇科诊室 (Space) -> entity_1b1818d1c4795d3a
[Concept] Referencing concept node: 妇科诊室 (Space) -> entity_1b1818d1c4795d3a
[Concept] Referencing concept node: 妇科诊室 (Space) -> entity_1b1818d1c4795d3a
[Concept] Referencing concept node: 妇科诊室 (Space) -> entity_1b1818d1c4795d3a
[Concept] Referencing concept node: 妇科诊室 (Space) -> entity_1b1818d1c4795d3a
[Concept] Referencing concept node: 妇科诊室 (Space) -> entity_1b1818d1c4795d3a
[Concept] Referencing concept node: 妇科诊室 (Space) -> entity_1b1818d1c4795d3a
[Concept] Referencing concept node: 妇科诊室 (Space) -> entity_1b1818d1c4795d3a
[Concept] Referencing concept node: 妇科诊室 (Space) -> entity_1b1818d1c4795d3a
[Concept] Referencing concept node: 妇科诊室 (Space) -> entity_1b1818d1c4795d3a
[Concept] Referencing concept node: 妇科诊室 (Space) -> entity_1b1818d1c4795d3a
[Concept] Referencing concept node: 妇科诊室 (Space) -> entity_1b1818d1c4795d3a
[Concept] Referencing concept node: 妇科诊室 (Space) -> entity_1b1818d1c4795d3a
[Concept] Referencing concept node: 妇科诊室 (Space) -> entity_1b1818d1c4795d3a
[Concept] Referencing concept node: 妇科诊室 (Space) -> entity_1b1818d1c4795d3a
[Concept] Referencing concept node: 妇科诊室 (Space) -> entity_1b1818d1c4795d3a
[Concept] Referencing concept node: 妇科诊室 (Space) -> entity_1b1818d1c4795d3a
[Concept] Referencing concept node: 妇科诊室 (Space) -> entity_1b1818d1c4795d3a
[Concept] Referencing concept node: 妇科诊室 (Space) -> entity_1b1818d1c4795d3a
[Concept] Referencing concept node: 妇科诊室 (Space) -> entity_1b1818d1c4795d3a
[Concept] Referencing concept node: 妇科诊室 (Space) -> entity_1b1818d1c4795d3a
[Concept] Referencing concept node: 妇科诊室 (Space) -> entity_1b1818d1c4795d3a
[Concept] Referencing concept node: 妇科诊室 (Space) -> entity_1b1818d1c4795d3a
[Concept] Referencing concept node: 妇科诊室 (Space) -> entity_1b1818d1c4795d3a
[Concept] Referencing concept node: 妇科诊室 (Space) -> entity_1b1818d1c4795d3a
[Concept] Referencing concept node: 妇科诊室 (Space) -> entity_1b1818d1c4795d3a
[Concept] Referencing concept node: 妇科诊室 (Space) -> entity_1b1818d1c4795d3a
[Concept] Referencing concept node: 妇科诊室 (Space) -> entity_1b1818d1c4795d3a
[Concept] Referencing concept node: 妇科诊室 (Space) -> entity_1b1818d1c4795d3a
[Concept] Referencing concept node: 妇科诊室 (Space) -> entity_1b1818d1c4795d3a
[Concept] Referencing concept node: 妇科诊室 (Space) -> entity_1b1818d1c4795d3a
[Concept] Referencing concept node: 妇科诊室 (Space) -> entity_1b1818d1c4795d3a
[KG][d5d2b1c5-641] cross_document_fusion:neo4j_write_progress 7000/94974 (7%) - 关系判断进度
[Concept] Referencing concept node: 妇科诊室 (Space) -> entity_1b1818d1c4795d3a
[Concept] Referencing concept node: 妇科诊室 (Space) -> entity_1b1818d1c4795d3a
[Concept] Referencing concept node: 妇科诊室 (Space) -> entity_1b1818d1c4795d3a
[Concept] Referencing concept node: 妇科诊室 (Space) -> entity_1b1818d1c4795d3a
[Concept] Referencing concept node: 妇科诊室 (Space) -> entity_1b1818d1c4795d3a
[Concept] Referencing concept node: 妇科诊室 (Space) -> entity_1b1818d1c4795d3a
[Concept] Referencing concept node: 妇科诊室 (Space) -> entity_1b1818d1c4795d3a
[Concept] Referencing concept node: 妇科诊室 (Space) -> entity_1b1818d1c4795d3a
[Concept] Referencing concept node: 妇科诊室 (Space) -> entity_1b1818d1c4795d3a
[Concept] Referencing concept node: 妇科诊室 (Space) -> entity_1b1818d1c4795d3a
[Concept] Referencing concept node: 妇科诊室 (Space) -> entity_1b1818d1c4795d3a
[Concept] Referencing concept node: 妇科诊室 (Space) -> entity_1b1818d1c4795d3a
[Concept] Referencing concept node: 妇科诊室 (Space) -> entity_1b1818d1c4795d3a
[Concept] Referencing concept node: 妇科诊室 (Space) -> entity_1b1818d1c4795d3a
[Concept] Referencing concept node: 妇科诊室 (Space) -> entity_1b1818d1c4795d3a
[Concept] Referencing concept node: 儿科诊室 (Space) -> entity_cfb600b3d7bdbc31
[Concept] Referencing concept node: 儿科诊室 (Space) -> entity_cfb600b3d7bdbc31
[KG][d5d2b1c5-641] cross_document_fusion:neo4j_write_progress 7100/94974 (7%) - 关系判断进度
[Concept] Referencing concept node: 妇科诊室 (Space) -> entity_1b1818d1c4795d3a
[Concept] Referencing concept node: 妇科诊室 (Space) -> entity_1b1818d1c4795d3a
[Concept] Referencing concept node: 妇科诊室 (Space) -> entity_1b1818d1c4795d3a
[Concept] Referencing concept node: 妇科诊室 (Space) -> entity_1b1818d1c4795d3a
[Concept] Referencing concept node: 妇科诊室 (Space) -> entity_1b1818d1c4795d3a
[Concept] Referencing concept node: 妇科诊室 (Space) -> entity_1b1818d1c4795d3a
[Concept] Referencing concept node: 妇科诊室 (Space) -> entity_1b1818d1c4795d3a
[Concept] Referencing concept node: 妇科诊室 (Space) -> entity_1b1818d1c4795d3a
[Concept] Referencing concept node: 妇科诊室 (Space) -> entity_1b1818d1c4795d3a
[Concept] Referencing concept node: 妇科诊室 (Space) -> entity_1b1818d1c4795d3a
[Concept] Referencing concept node: 妇科诊室 (Space) -> entity_1b1818d1c4795d3a
[Concept] Referencing concept node: 妇科诊室 (Space) -> entity_1b1818d1c4795d3a
[Concept] Referencing concept node: 妇科诊室 (Space) -> entity_1b1818d1c4795d3a
[Concept] Referencing concept node: 妇科诊室 (Space) -> entity_1b1818d1c4795d3a
[Concept] Referencing concept node: 妇科诊室 (Space) -> entity_1b1818d1c4795d3a
[Concept] Referencing concept node: 妇科诊室 (Space) -> entity_1b1818d1c4795d3a
[Concept] Referencing concept node: 妇科诊室 (Space) -> entity_1b1818d1c4795d3a
[Concept] Referencing concept node: 诊查室 (Space) -> entity_d2f4aed30a090692
[Concept] Referencing concept node: 妇科诊室 (Space) -> entity_1b1818d1c4795d3a
[Concept] Referencing concept node: 诊查室 (Space) -> entity_d2f4aed30a090692
[Concept] Referencing concept node: 妇科诊室 (Space) -> entity_1b1818d1c4795d3a
[Concept] Referencing concept node: 妇科诊室 (Space) -> entity_1b1818d1c4795d3a
[Concept] Referencing concept node: 妇科诊室 (Space) -> entity_1b1818d1c4795d3a
[Concept] Referencing concept node: 妇科诊室 (Space) -> entity_1b1818d1c4795d3a
[Concept] Referencing concept node: 妇科诊室 (Space) -> entity_1b1818d1c4795d3a
[Concept] Referencing concept node: 妇科诊室 (Space) -> entity_1b1818d1c4795d3a
[Concept] Referencing concept node: 妇科诊室 (Space) -> entity_1b1818d1c4795d3a
[KG][d5d2b1c5-641] cross_document_fusion:neo4j_write_progress 6500/93100 (7%) - 关系判断进度
[KG][d5d2b1c5-641] cross_document_fusion:neo4j_write_progress 7200/94974 (8%) - 关系判断进度
[KG][d5d2b1c5-641] cross_document_fusion:neo4j_write_progress 7300/94974 (8%) - 关系判断进度
[Concept] Referencing concept node: 妇科诊室 (Space) -> entity_1b1818d1c4795d3a
[Concept] Referencing concept node: 妇科诊室 (Space) -> entity_1b1818d1c4795d3a
[Concept] Referencing concept node: 妇科诊室 (Space) -> entity_1b1818d1c4795d3a
[Concept] Referencing concept node: 妇科诊室 (Space) -> entity_1b1818d1c4795d3a
[Concept] Referencing concept node: 妇科诊室 (Space) -> entity_1b1818d1c4795d3a
[Concept] Referencing concept node: 妇科诊室 (Space) -> entity_1b1818d1c4795d3a
[Concept] Referencing concept node: 妇科诊室 (Space) -> entity_1b1818d1c4795d3a
[Concept] Referencing concept node: 妇科诊室 (Space) -> entity_1b1818d1c4795d3a
[Concept] Referencing concept node: 妇科诊室 (Space) -> entity_1b1818d1c4795d3a
[Concept] Referencing concept node: 妇科诊室 (Space) -> entity_1b1818d1c4795d3a
[Concept] Referencing concept node: 妇科诊室 (Space) -> entity_1b1818d1c4795d3a
[Concept] Referencing concept node: 妇科诊室 (Space) -> entity_1b1818d1c4795d3a
[Concept] Referencing concept node: 妇科诊室 (Space) -> entity_1b1818d1c4795d3a
[Concept] Referencing concept node: 妇科诊室 (Space) -> entity_1b1818d1c4795d3a
[Concept] Referencing concept node: 妇科诊室 (Space) -> entity_1b1818d1c4795d3a
[Concept] Referencing concept node: 妇科诊室 (Space) -> entity_1b1818d1c4795d3a
[Concept] Referencing concept node: 妇科诊室 (Space) -> entity_1b1818d1c4795d3a
[Concept] Referencing concept node: 妇科诊室 (Space) -> entity_1b1818d1c4795d3a
[KG][d5d2b1c5-641] cross_document_fusion:neo4j_write_progress 6600/93100 (7%) - 关系判断进度
[KG][d5d2b1c5-641] cross_document_fusion:neo4j_write_progress 7400/94974 (8%) - 关系判断进度
[KG][d5d2b1c5-641] cross_document_fusion:neo4j_write_progress 7500/94974 (8%) - 关系判断进度
[Concept] Referencing concept node: 妇科诊室 (Space) -> entity_1b1818d1c4795d3a
[Concept] Referencing concept node: 妇科诊室 (Space) -> entity_1b1818d1c4795d3a
[Concept] Referencing concept node: 妇科诊室 (Space) -> entity_1b1818d1c4795d3a
[Concept] Referencing concept node: 妇科诊室 (Space) -> entity_1b1818d1c4795d3a
[Concept] Referencing concept node: 妇科诊室 (Space) -> entity_1b1818d1c4795d3a
[Concept] Referencing concept node: 妇科诊室 (Space) -> entity_1b1818d1c4795d3a
[Concept] Referencing concept node: 妇科诊室 (Space) -> entity_1b1818d1c4795d3a
[Concept] Referencing concept node: 妇科诊室 (Space) -> entity_1b1818d1c4795d3a
[Concept] Referencing concept node: 妇科诊室 (Space) -> entity_1b1818d1c4795d3a
[Concept] Referencing concept node: 妇科诊室 (Space) -> entity_1b1818d1c4795d3a
[Concept] Referencing concept node: 妇科诊室 (Space) -> entity_1b1818d1c4795d3a
[Concept] Referencing concept node: 妇科诊室 (Space) -> entity_1b1818d1c4795d3a
[Concept] Referencing concept node: 妇科诊室 (Space) -> entity_1b1818d1c4795d3a
[Concept] Referencing concept node: 妇科诊室 (Space) -> entity_1b1818d1c4795d3a
[Concept] Referencing concept node: 妇科诊室 (Space) -> entity_1b1818d1c4795d3a
[Concept] Referencing concept node: 妇科诊室 (Space) -> entity_1b1818d1c4795d3a
[Concept] Referencing concept node: 妇科诊室 (Space) -> entity_1b1818d1c4795d3a
[Concept] Referencing concept node: 妇科诊室 (Space) -> entity_1b1818d1c4795d3a
[Concept] Referencing concept node: 妇科诊室 (Space) -> entity_1b1818d1c4795d3a
[Concept] Referencing concept node: 妇科诊室 (Space) -> entity_1b1818d1c4795d3a
[Concept] Referencing concept node: 妇科诊室 (Space) -> entity_1b1818d1c4795d3a
[Concept] Referencing concept node: 妇科诊室 (Space) -> entity_1b1818d1c4795d3a
[Concept] Referencing concept node: 妇科诊室 (Space) -> entity_1b1818d1c4795d3a
[Concept] Referencing concept node: 妇科诊室 (Space) -> entity_1b1818d1c4795d3a
[Concept] Referencing concept node: 妇科诊室 (Space) -> entity_1b1818d1c4795d3a
[Concept] Referencing concept node: 妇科诊室 (Space) -> entity_1b1818d1c4795d3a
[Concept] Referencing concept node: 妇科诊室 (Space) -> entity_1b1818d1c4795d3a
[Concept] Referencing concept node: 妇科诊室 (Space) -> entity_1b1818d1c4795d3a
[Concept] Referencing concept node: 妇科诊室 (Space) -> entity_1b1818d1c4795d3a
[Concept] Referencing concept node: 妇科诊室 (Space) -> entity_1b1818d1c4795d3a
[Concept] Referencing concept node: 妇科诊室 (Space) -> entity_1b1818d1c4795d3a
[Concept] Referencing concept node: 妇科诊室 (Space) -> entity_1b1818d1c4795d3a
[Concept] Referencing concept node: 妇科诊室 (Space) -> entity_1b1818d1c4795d3a
[Concept] Referencing concept node: 妇科诊室 (Space) -> entity_1b1818d1c4795d3a
[Concept] Referencing concept node: 妇科诊室 (Space) -> entity_1b1818d1c4795d3a
[Concept] Referencing concept node: 妇科诊室 (Space) -> entity_1b1818d1c4795d3a
[Concept] Referencing concept node: 妇科诊室 (Space) -> entity_1b1818d1c4795d3a
[Concept] Referencing concept node: 妇科诊室 (Space) -> entity_1b1818d1c4795d3a
[Concept] Referencing concept node: 妇科诊室 (Space) -> entity_1b1818d1c4795d3a
[Concept] Referencing concept node: 妇科诊室 (Space) -> entity_1b1818d1c4795d3a
[Concept] Referencing concept node: 妇科诊室 (Space) -> entity_1b1818d1c4795d3a
[Concept] Referencing concept node: 妇科诊室 (Space) -> entity_1b1818d1c4795d3a
[Concept] Referencing concept node: 妇科诊室 (Space) -> entity_1b1818d1c4795d3a
[Concept] Referencing concept node: 妇科诊室 (Space) -> entity_1b1818d1c4795d3a
[Concept] Referencing concept node: 妇科诊室 (Space) -> entity_1b1818d1c4795d3a
[Concept] Referencing concept node: 妇科诊室 (Space) -> entity_1b1818d1c4795d3a
[Concept] Referencing concept node: 妇科诊室 (Space) -> entity_1b1818d1c4795d3a
[Concept] Referencing concept node: 妇科诊室 (Space) -> entity_1b1818d1c4795d3a
[Concept] Referencing concept node: 妇科诊室 (Space) -> entity_1b1818d1c4795d3a
[Concept] Referencing concept node: 妇科诊室 (Space) -> entity_1b1818d1c4795d3a
[Concept] Referencing concept node: 妇科诊室 (Space) -> entity_1b1818d1c4795d3a
[Concept] Referencing concept node: 妇科诊室 (Space) -> entity_1b1818d1c4795d3a
[Concept] Referencing concept node: 妇科诊室 (Space) -> entity_1b1818d1c4795d3a
[KG][d5d2b1c5-641] cross_document_fusion:neo4j_write_progress 6700/93100 (7%) - 关系判断进度
[KG][d5d2b1c5-641] cross_document_fusion:neo4j_write_progress 7600/94974 (8%) - 关系判断进度
[Concept] Referencing concept node: 妇科诊室 (Space) -> entity_1b1818d1c4795d3a
[Concept] Referencing concept node: 妇科诊室 (Space) -> entity_1b1818d1c4795d3a
[Concept] Referencing concept node: 妇科诊室 (Space) -> entity_1b1818d1c4795d3a
[Concept] Referencing concept node: 妇科诊室 (Space) -> entity_1b1818d1c4795d3a
[Concept] Referencing concept node: 妇科诊室 (Space) -> entity_1b1818d1c4795d3a
[Concept] Referencing concept node: 妇科诊室 (Space) -> entity_1b1818d1c4795d3a
[Concept] Referencing concept node: 妇科诊室 (Space) -> entity_1b1818d1c4795d3a
[Concept] Referencing concept node: 妇科诊室 (Space) -> entity_1b1818d1c4795d3a
[Concept] Referencing concept node: 妇科诊室 (Space) -> entity_1b1818d1c4795d3a
[Concept] Referencing concept node: 妇科诊室 (Space) -> entity_1b1818d1c4795d3a
[Concept] Referencing concept node: 妇科诊室 (Space) -> entity_1b1818d1c4795d3a
[Concept] Referencing concept node: 妇科诊室 (Space) -> entity_1b1818d1c4795d3a
[Concept] Referencing concept node: 妇科诊室 (Space) -> entity_1b1818d1c4795d3a
[Concept] Referencing concept node: 妇科诊室 (Space) -> entity_1b1818d1c4795d3a
[Concept] Referencing concept node: 妇科诊室 (Space) -> entity_1b1818d1c4795d3a
[Concept] Referencing concept node: 妇科诊室 (Space) -> entity_1b1818d1c4795d3a
[Concept] Referencing concept node: 妇科诊室 (Space) -> entity_1b1818d1c4795d3a
[Concept] Referencing concept node: 妇科诊室 (Space) -> entity_1b1818d1c4795d3a
[Concept] Referencing concept node: 妇科诊室 (Space) -> entity_1b1818d1c4795d3a
[Concept] Referencing concept node: 妇科诊室 (Space) -> entity_1b1818d1c4795d3a
[Concept] Referencing concept node: 妇科诊室 (Space) -> entity_1b1818d1c4795d3a
[Concept] Referencing concept node: 妇科诊室 (Space) -> entity_1b1818d1c4795d3a
[Concept] Referencing concept node: 妇科诊室 (Space) -> entity_1b1818d1c4795d3a
[Concept] Referencing concept node: 妇科诊室 (Space) -> entity_1b1818d1c4795d3a
[Concept] Referencing concept node: 妇科诊室 (Space) -> entity_1b1818d1c4795d3a
[Concept] Referencing concept node: 妇科诊室 (Space) -> entity_1b1818d1c4795d3a
[Concept] Referencing concept node: 妇科诊室 (Space) -> entity_1b1818d1c4795d3a
[Concept] Referencing concept node: 妇科诊室 (Space) -> entity_1b1818d1c4795d3a
[Concept] Referencing concept node: 妇科诊室 (Space) -> entity_1b1818d1c4795d3a
[Concept] Referencing concept node: 妇科诊室 (Space) -> entity_1b1818d1c4795d3a
[Concept] Referencing concept node: 妇科诊室 (Space) -> entity_1b1818d1c4795d3a
[Concept] Referencing concept node: 妇科诊室 (Space) -> entity_1b1818d1c4795d3a
[Concept] Referencing concept node: 妇科诊室 (Space) -> entity_1b1818d1c4795d3a
[Concept] Referencing concept node: 妇科诊室 (Space) -> entity_1b1818d1c4795d3a
[Concept] Referencing concept node: 妇科诊室 (Space) -> entity_1b1818d1c4795d3a
[Concept] Referencing concept node: 妇科诊室 (Space) -> entity_1b1818d1c4795d3a
[Concept] Referencing concept node: 妇科诊室 (Space) -> entity_1b1818d1c4795d3a
[Concept] Referencing concept node: 妇科诊室 (Space) -> entity_1b1818d1c4795d3a
[Concept] Referencing concept node: 妇科诊室 (Space) -> entity_1b1818d1c4795d3a
[Concept] Referencing concept node: 妇科诊室 (Space) -> entity_1b1818d1c4795d3a
[Concept] Referencing concept node: 妇科诊室 (Space) -> entity_1b1818d1c4795d3a
[Concept] Referencing concept node: 妇科诊室 (Space) -> entity_1b1818d1c4795d3a
[Concept] Referencing concept node: 妇科诊室 (Space) -> entity_1b1818d1c4795d3a
[Concept] Referencing concept node: 妇科诊室 (Space) -> entity_1b1818d1c4795d3a
[Concept] Referencing concept node: 妇科诊室 (Space) -> entity_1b1818d1c4795d3a
[Concept] Referencing concept node: 妇科诊室 (Space) -> entity_1b1818d1c4795d3a
[Concept] Referencing concept node: 妇科诊室 (Space) -> entity_1b1818d1c4795d3a
[Concept] Referencing concept node: 妇科诊室 (Space) -> entity_1b1818d1c4795d3a
[Concept] Referencing concept node: 妇科诊室 (Space) -> entity_1b1818d1c4795d3a
[Concept] Referencing concept node: 妇科诊室 (Space) -> entity_1b1818d1c4795d3a
[Concept] Referencing concept node: 妇科诊室 (Space) -> entity_1b1818d1c4795d3a
[Concept] Referencing concept node: 妇科诊室 (Space) -> entity_1b1818d1c4795d3a
[Concept] Referencing concept node: 妇科诊室 (Space) -> entity_1b1818d1c4795d3a
[Concept] Referencing concept node: 妇科诊室 (Space) -> entity_1b1818d1c4795d3a
[Concept] Referencing concept node: 妇科诊室 (Space) -> entity_1b1818d1c4795d3a
[Concept] Referencing concept node: 妇科诊室 (Space) -> entity_1b1818d1c4795d3a
[Concept] Referencing concept node: 妇科诊室 (Space) -> entity_1b1818d1c4795d3a
[Concept] Referencing concept node: 妇科诊室 (Space) -> entity_1b1818d1c4795d3a
[Concept] Referencing concept node: 妇科诊室 (Space) -> entity_1b1818d1c4795d3a
[Concept] Referencing concept node: 妇科诊室 (Space) -> entity_1b1818d1c4795d3a
[Concept] Referencing concept node: 妇科诊室 (Space) -> entity_1b1818d1c4795d3a
[Concept] Referencing concept node: 妇科诊室 (Space) -> entity_1b1818d1c4795d3a
[Concept] Referencing concept node: 妇科诊室 (Space) -> entity_1b1818d1c4795d3a
[Concept] Referencing concept node: 妇科诊室 (Space) -> entity_1b1818d1c4795d3a
[Concept] Referencing concept node: 妇科诊室 (Space) -> entity_1b1818d1c4795d3a
[Concept] Referencing concept node: 妇科诊室 (Space) -> entity_1b1818d1c4795d3a
[Concept] Referencing concept node: 妇科诊室 (Space) -> entity_1b1818d1c4795d3a
[Concept] Referencing concept node: 妇科诊室 (Space) -> entity_1b1818d1c4795d3a
[Concept] Referencing concept node: 妇科诊室 (Space) -> entity_1b1818d1c4795d3a
[Concept] Referencing concept node: 妇科诊室 (Space) -> entity_1b1818d1c4795d3a
[Concept] Referencing concept node: 妇科诊室 (Space) -> entity_1b1818d1c4795d3a
[Concept] Referencing concept node: 妇科诊室 (Space) -> entity_1b1818d1c4795d3a
[Concept] Referencing concept node: 妇科诊室 (Space) -> entity_1b1818d1c4795d3a
[Concept] Referencing concept node: 妇科诊室 (Space) -> entity_1b1818d1c4795d3a
[Concept] Referencing concept node: 妇科诊室 (Space) -> entity_1b1818d1c4795d3a
[Concept] Referencing concept node: 妇科诊室 (Space) -> entity_1b1818d1c4795d3a
[Concept] Referencing concept node: 妇科诊室 (Space) -> entity_1b1818d1c4795d3a
[Concept] Referencing concept node: 妇科诊室 (Space) -> entity_1b1818d1c4795d3a
[Concept] Referencing concept node: 妇科诊室 (Space) -> entity_1b1818d1c4795d3a
[Concept] Referencing concept node: 妇科诊室 (Space) -> entity_1b1818d1c4795d3a
[Concept] Referencing concept node: 妇科诊室 (Space) -> entity_1b1818d1c4795d3a
[Concept] Referencing concept node: 妇科诊室 (Space) -> entity_1b1818d1c4795d3a
[Concept] Referencing concept node: 妇科诊室 (Space) -> entity_1b1818d1c4795d3a
[Concept] Referencing concept node: 妇科诊室 (Space) -> entity_1b1818d1c4795d3a
[Concept] Referencing concept node: 妇科诊室 (Space) -> entity_1b1818d1c4795d3a
[Concept] Referencing concept node: 妇科诊室 (Space) -> entity_1b1818d1c4795d3a
[Concept] Referencing concept node: 妇科诊室 (Space) -> entity_1b1818d1c4795d3a
[Concept] Referencing concept node: 妇科诊室 (Space) -> entity_1b1818d1c4795d3a
[Concept] Referencing concept node: 妇科诊室 (Space) -> entity_1b1818d1c4795d3a
[KG][d5d2b1c5-641] cross_document_fusion:neo4j_write_progress 6800/93100 (7%) - 关系判断进度
[Concept] Referencing concept node: 妇科诊室 (Space) -> entity_1b1818d1c4795d3a
[Concept] Referencing concept node: 妇科诊室 (Space) -> entity_1b1818d1c4795d3a
[Concept] Referencing concept node: 妇科诊室 (Space) -> entity_1b1818d1c4795d3a
[Concept] Referencing concept node: 妇科诊室 (Space) -> entity_1b1818d1c4795d3a
[Concept] Referencing concept node: 妇科诊室 (Space) -> entity_1b1818d1c4795d3a
[Concept] Referencing concept node: 妇科诊室 (Space) -> entity_1b1818d1c4795d3a
[Concept] Referencing concept node: 妇科诊室 (Space) -> entity_1b1818d1c4795d3a
[Concept] Referencing concept node: 妇科诊室 (Space) -> entity_1b1818d1c4795d3a
[Concept] Referencing concept node: 妇科诊室 (Space) -> entity_1b1818d1c4795d3a
[Concept] Referencing concept node: 妇科诊室 (Space) -> entity_1b1818d1c4795d3a
[Concept] Referencing concept node: 妇科诊室 (Space) -> entity_1b1818d1c4795d3a
[Concept] Referencing concept node: 妇科诊室 (Space) -> entity_1b1818d1c4795d3a
[Concept] Referencing concept node: 妇科诊室 (Space) -> entity_1b1818d1c4795d3a
[Concept] Referencing concept node: 妇科诊室 (Space) -> entity_1b1818d1c4795d3a
[Concept] Referencing concept node: 妇科诊室 (Space) -> entity_1b1818d1c4795d3a
[Concept] Referencing concept node: 诊查室 (Space) -> entity_d2f4aed30a090692
[Concept] Referencing concept node: 妇科诊室 (Space) -> entity_1b1818d1c4795d3a
[Concept] Referencing concept node: 妇科诊室 (Space) -> entity_1b1818d1c4795d3a
[Concept] Referencing concept node: 妇科诊室 (Space) -> entity_1b1818d1c4795d3a
[Concept] Referencing concept node: 妇科诊室 (Space) -> entity_1b1818d1c4795d3a
[Concept] Referencing concept node: 妇科诊室 (Space) -> entity_1b1818d1c4795d3a
[Concept] Referencing concept node: 妇科诊室 (Space) -> entity_1b1818d1c4795d3a
[Concept] Referencing concept node: 妇科诊室 (Space) -> entity_1b1818d1c4795d3a
[Concept] Referencing concept node: 妇科诊室 (Space) -> entity_1b1818d1c4795d3a
[Concept] Referencing concept node: 妇科诊室 (Space) -> entity_1b1818d1c4795d3a
[Concept] Referencing concept node: 妇科诊室 (Space) -> entity_1b1818d1c4795d3a
[Concept] Referencing concept node: 妇科诊室 (Space) -> entity_1b1818d1c4795d3a
[Concept] Referencing concept node: 妇科诊室 (Space) -> entity_1b1818d1c4795d3a
[Concept] Referencing concept node: 妇科诊室 (Space) -> entity_1b1818d1c4795d3a
[Concept] Referencing concept node: 妇科诊室 (Space) -> entity_1b1818d1c4795d3a
[Concept] Referencing concept node: 妇科诊室 (Space) -> entity_1b1818d1c4795d3a
[Concept] Referencing concept node: 妇科诊室 (Space) -> entity_1b1818d1c4795d3a
[Concept] Referencing concept node: 妇科诊室 (Space) -> entity_1b1818d1c4795d3a
[Concept] Referencing concept node: 妇科诊室 (Space) -> entity_1b1818d1c4795d3a
[Concept] Referencing concept node: 妇科诊室 (Space) -> entity_1b1818d1c4795d3a
[Concept] Referencing concept node: 妇科诊室 (Space) -> entity_1b1818d1c4795d3a
[Concept] Referencing concept node: 妇科诊室 (Space) -> entity_1b1818d1c4795d3a
[Concept] Referencing concept node: 妇科诊室 (Space) -> entity_1b1818d1c4795d3a
[Concept] Referencing concept node: 妇科诊室 (Space) -> entity_1b1818d1c4795d3a
[Concept] Referencing concept node: 妇科诊室 (Space) -> entity_1b1818d1c4795d3a
[Concept] Referencing concept node: 妇科诊室 (Space) -> entity_1b1818d1c4795d3a
[Concept] Referencing concept node: 妇科诊室 (Space) -> entity_1b1818d1c4795d3a
[Concept] Referencing concept node: 妇科诊室 (Space) -> entity_1b1818d1c4795d3a
[Concept] Referencing concept node: 妇科诊室 (Space) -> entity_1b1818d1c4795d3a
[Concept] Referencing concept node: 妇科诊室 (Space) -> entity_1b1818d1c4795d3a
[Concept] Referencing concept node: 妇科诊室 (Space) -> entity_1b1818d1c4795d3a
[Concept] Referencing concept node: 妇科诊室 (Space) -> entity_1b1818d1c4795d3a
[Concept] Referencing concept node: 妇科诊室 (Space) -> entity_1b1818d1c4795d3a
[Concept] Referencing concept node: 妇科诊室 (Space) -> entity_1b1818d1c4795d3a
[Concept] Referencing concept node: 妇科诊室 (Space) -> entity_1b1818d1c4795d3a
[Concept] Referencing concept node: 妇科诊室 (Space) -> entity_1b1818d1c4795d3a
[Concept] Referencing concept node: 妇科诊室 (Space) -> entity_1b1818d1c4795d3a
[Concept] Referencing concept node: 妇科诊室 (Space) -> entity_1b1818d1c4795d3a
[Concept] Referencing concept node: 妇科诊室 (Space) -> entity_1b1818d1c4795d3a
[Concept] Referencing concept node: 妇科诊室 (Space) -> entity_1b1818d1c4795d3a
[Concept] Referencing concept node: 妇科诊室 (Space) -> entity_1b1818d1c4795d3a
[Concept] Referencing concept node: 妇科诊室 (Space) -> entity_1b1818d1c4795d3a
[Concept] Referencing concept node: 妇科诊室 (Space) -> entity_1b1818d1c4795d3a
[Concept] Referencing concept node: 妇科诊室 (Space) -> entity_1b1818d1c4795d3a
[Concept] Referencing concept node: 妇科诊室 (Space) -> entity_1b1818d1c4795d3a
[Concept] Referencing concept node: 妇科诊室 (Space) -> entity_1b1818d1c4795d3a
[Concept] Referencing concept node: 妇科诊室 (Space) -> entity_1b1818d1c4795d3a
[Concept] Referencing concept node: 妇科诊室 (Space) -> entity_1b1818d1c4795d3a
[Concept] Referencing concept node: 妇科诊室 (Space) -> entity_1b1818d1c4795d3a
[Concept] Referencing concept node: 妇科诊室 (Space) -> entity_1b1818d1c4795d3a
[Concept] Referencing concept node: 妇科诊室 (Space) -> entity_1b1818d1c4795d3a
[Concept] Referencing concept node: 妇科诊室 (Space) -> entity_1b1818d1c4795d3a
[Concept] Referencing concept node: 妇科诊室 (Space) -> entity_1b1818d1c4795d3a
[Concept] Referencing concept node: 妇科诊室 (Space) -> entity_1b1818d1c4795d3a
[Concept] Referencing concept node: 妇科诊室 (Space) -> entity_1b1818d1c4795d3a
[Concept] Referencing concept node: 妇科诊室 (Space) -> entity_1b1818d1c4795d3a
[Concept] Referencing concept node: 妇科诊室 (Space) -> entity_1b1818d1c4795d3a
[Concept] Referencing concept node: 妇科诊室 (Space) -> entity_1b1818d1c4795d3a
[Concept] Referencing concept node: 妇科诊室 (Space) -> entity_1b1818d1c4795d3a
[Concept] Referencing concept node: 妇科诊室 (Space) -> entity_1b1818d1c4795d3a
[Concept] Referencing concept node: 妇科诊室 (Space) -> entity_1b1818d1c4795d3a
[KG][d5d2b1c5-641] cross_document_fusion:neo4j_write_progress 6900/93100 (7%) - 关系判断进度
[KG][d5d2b1c5-641] cross_document_fusion:neo4j_write_progress 7700/94974 (8%) - 关系判断进度
[Concept] Referencing concept node: 妇科诊室 (Space) -> entity_1b1818d1c4795d3a
[Concept] Referencing concept node: 妇科诊室 (Space) -> entity_1b1818d1c4795d3a
[Concept] Referencing concept node: 诊查室 (Space) -> entity_d2f4aed30a090692
[KG][d5d2b1c5-641] cross_document_fusion:neo4j_write_progress 7000/93100 (8%) - 关系判断进度
[Concept] Referencing concept node: 诊查室 (Space) -> entity_d2f4aed30a090692
[KG][d5d2b1c5-641] cross_document_fusion:neo4j_write_progress 7100/93100 (8%) - 关系判断进度
[KG][d5d2b1c5-641] cross_document_fusion:neo4j_write_progress 7800/94974 (8%) - 关系判断进度
[KG][d5d2b1c5-641] cross_document_fusion:neo4j_write_progress 7200/93100 (8%) - 关系判断进度
[KG][d5d2b1c5-641] cross_document_fusion:neo4j_write_progress 7900/94974 (8%) - 关系判断进度
[KG][d5d2b1c5-641] cross_document_fusion:neo4j_write_progress 7300/93100 (8%) - 关系判断进度
[Concept] Referencing concept node: 治疗室 (Space) -> entity_ba076a619352da3c
[KG][d5d2b1c5-641] cross_document_fusion:neo4j_write_progress 8000/94974 (8%) - 关系判断进度
[KG][d5d2b1c5-641] cross_document_fusion:neo4j_write_progress 7400/93100 (8%) - 关系判断进度
[KG][d5d2b1c5-641] cross_document_fusion:neo4j_write_progress 8100/94974 (9%) - 关系判断进度
[Concept] Referencing concept node: 诊查室 (Space) -> entity_d2f4aed30a090692
[KG][d5d2b1c5-641] cross_document_fusion:neo4j_write_progress 7500/93100 (8%) - 关系判断进度
[KG][d5d2b1c5-641] cross_document_fusion:neo4j_write_progress 7600/93100 (8%) - 关系判断进度
[KG][d5d2b1c5-641] cross_document_fusion:neo4j_write_progress 7700/93100 (8%) - 关系判断进度
[KG][d5d2b1c5-641] cross_document_fusion:neo4j_write_progress 7800/93100 (8%) - 关系判断进度
[KG][d5d2b1c5-641] cross_document_fusion:neo4j_write_progress 7900/93100 (8%) - 关系判断进度
[Concept] Referencing concept node: 治疗室 (Space) -> entity_ba076a619352da3c
[KG][d5d2b1c5-641] cross_document_fusion:neo4j_write_progress 8000/93100 (9%) - 关系判断进度
[Concept] Referencing concept node: 治疗室 (Space) -> entity_ba076a619352da3c
[KG][d5d2b1c5-641] cross_document_fusion:neo4j_write_progress 8100/93100 (9%) - 关系判断进度
[KG][d5d2b1c5-641] cross_document_fusion:neo4j_write_progress 8200/93100 (9%) - 关系判断进度
[KG][d5d2b1c5-641] cross_document_fusion:neo4j_write_progress 8200/94974 (9%) - 关系判断进度
[KG][d5d2b1c5-641] cross_document_fusion:neo4j_write_progress 8300/93100 (9%) - 关系判断进度
[KG][d5d2b1c5-641] cross_document_fusion:neo4j_write_progress 8300/94974 (9%) - 关系判断进度
[KG][d5d2b1c5-641] cross_document_fusion:neo4j_write_progress 8400/94974 (9%) - 关系判断进度
[Concept] Referencing concept node: 诊查室 (Space) -> entity_d2f4aed30a090692
[Concept] Referencing concept node: 护理单元 (FunctionalZone) -> entity_dbce69e725bcd089
[KG][d5d2b1c5-641] cross_document_fusion:neo4j_write_progress 8400/93100 (9%) - 关系判断进度
[Concept] Referencing concept node: 护理单元 (FunctionalZone) -> entity_dbce69e725bcd089
[KG][d5d2b1c5-641] cross_document_fusion:neo4j_write_progress 8500/93100 (9%) - 关系判断进度
[KG][d5d2b1c5-641] cross_document_fusion:neo4j_write_progress 8500/94974 (9%) - 关系判断进度
[KG][d5d2b1c5-641] cross_document_fusion:neo4j_write_progress 8600/94974 (9%) - 关系判断进度
[KG][d5d2b1c5-641] cross_document_fusion:neo4j_write_progress 8600/93100 (9%) - 关系判断进度
[Concept] Referencing concept node: 病房 (Space) -> entity_a5458ab36cc68693
[Concept] Referencing concept node: 病房 (Space) -> entity_a5458ab36cc68693
[KG][d5d2b1c5-641] cross_document_fusion:neo4j_write_progress 8700/94974 (9%) - 关系判断进度
[KG][d5d2b1c5-641] cross_document_fusion:neo4j_write_progress 8800/94974 (9%) - 关系判断进度
[KG][d5d2b1c5-641] cross_document_fusion:neo4j_write_progress 8700/93100 (9%) - 关系判断进度
[Concept] Referencing concept node: 病房 (Space) -> entity_a5458ab36cc68693
[KG][d5d2b1c5-641] cross_document_fusion:neo4j_write_progress 8900/94974 (9%) - 关系判断进度
[KG][d5d2b1c5-641] cross_document_fusion:neo4j_write_progress 8800/93100 (9%) - 关系判断进度
[KG][d5d2b1c5-641] cross_document_fusion:neo4j_write_progress 9000/94974 (9%) - 关系判断进度
[KG][d5d2b1c5-641] cross_document_fusion:neo4j_write_progress 8900/93100 (10%) - 关系判断进度
[KG][d5d2b1c5-641] cross_document_fusion:neo4j_write_progress 9100/94974 (10%) - 关系判断进度
[KG][d5d2b1c5-641] cross_document_fusion:neo4j_write_progress 9000/93100 (10%) - 关系判断进度
[Concept] Referencing concept node: 病房 (Space) -> entity_a5458ab36cc68693
[KG][d5d2b1c5-641] cross_document_fusion:neo4j_write_progress 9200/94974 (10%) - 关系判断进度
[Concept] Referencing concept node: 病房 (Space) -> entity_a5458ab36cc68693
[Concept] Referencing concept node: 病房 (Space) -> entity_a5458ab36cc68693
[Concept] Referencing concept node: 病房 (Space) -> entity_a5458ab36cc68693
[KG][d5d2b1c5-641] cross_document_fusion:neo4j_write_progress 9100/93100 (10%) - 关系判断进度
[KG][d5d2b1c5-641] cross_document_fusion:neo4j_write_progress 9200/93100 (10%) - 关系判断进度
[KG][d5d2b1c5-641] cross_document_fusion:neo4j_write_progress 9300/93100 (10%) - 关系判断进度
[KG][d5d2b1c5-641] cross_document_fusion:neo4j_write_progress 9400/93100 (10%) - 关系判断进度
[KG][d5d2b1c5-641] cross_document_fusion:neo4j_write_progress 9300/94974 (10%) - 关系判断进度
[KG][d5d2b1c5-641] cross_document_fusion:neo4j_write_progress 9400/94974 (10%) - 关系判断进度
[KG][d5d2b1c5-641] cross_document_fusion:neo4j_write_progress 9500/93100 (10%) - 关系判断进度
[KG][d5d2b1c5-641] cross_document_fusion:neo4j_write_progress 9600/93100 (10%) - 关系判断进度
[KG][d5d2b1c5-641] cross_document_fusion:neo4j_write_progress 9500/94974 (10%) - 关系判断进度
[KG][d5d2b1c5-641] cross_document_fusion:neo4j_write_progress 9700/93100 (10%) - 关系判断进度
[KG][d5d2b1c5-641] cross_document_fusion:neo4j_write_progress 9800/93100 (11%) - 关系判断进度
[KG][d5d2b1c5-641] cross_document_fusion:neo4j_write_progress 9600/94974 (10%) - 关系判断进度
[KG][d5d2b1c5-641] cross_document_fusion:neo4j_write_progress 9900/93100 (11%) - 关系判断进度
[KG][d5d2b1c5-641] cross_document_fusion:neo4j_write_progress 10000/93100 (11%) - 关系判断进度
[KG][d5d2b1c5-641] cross_document_fusion:neo4j_write_progress 9700/94974 (10%) - 关系判断进度
[KG][d5d2b1c5-641] cross_document_fusion:neo4j_write_progress 9800/94974 (10%) - 关系判断进度
[Concept] Referencing concept node: 病房 (Space) -> entity_a5458ab36cc68693
[KG][d5d2b1c5-641] cross_document_fusion:neo4j_write_progress 9900/94974 (10%) - 关系判断进度
[KG][d5d2b1c5-641] cross_document_fusion:neo4j_write_progress 10000/94974 (11%) - 关系判断进度
[KG][d5d2b1c5-641] cross_document_fusion:neo4j_write_progress 10100/93100 (11%) - 关系判断进度
[KG][d5d2b1c5-641] cross_document_fusion:neo4j_write_progress 10100/94974 (11%) - 关系判断进度
[KG][d5d2b1c5-641] cross_document_fusion:neo4j_write_progress 10200/93100 (11%) - 关系判断进度
[KG][d5d2b1c5-641] cross_document_fusion:neo4j_write_progress 10300/93100 (11%) - 关系判断进度
[KG][d5d2b1c5-641] cross_document_fusion:neo4j_write_progress 10400/93100 (11%) - 关系判断进度
[KG][d5d2b1c5-641] cross_document_fusion:neo4j_write_progress 10200/94974 (11%) - 关系判断进度
[KG][d5d2b1c5-641] cross_document_fusion:neo4j_write_progress 10500/93100 (11%) - 关系判断进度
[Concept] Referencing concept node: 辅助用房 (Space) -> entity_e8adc0f18a99032c
[Concept] Referencing concept node: 注射室 (Space) -> entity_0ecb8a1c3fb6c26a
[KG][d5d2b1c5-641] cross_document_fusion:neo4j_write_progress 10600/93100 (11%) - 关系判断进度
[KG][d5d2b1c5-641] cross_document_fusion:neo4j_write_progress 10300/94974 (11%) - 关系判断进度
[Concept] Referencing concept node: 注射室 (Space) -> entity_0ecb8a1c3fb6c26a
[Concept] Referencing concept node: 注射室 (Space) -> entity_0ecb8a1c3fb6c26a
[Concept] Referencing concept node: 注射室 (Space) -> entity_0ecb8a1c3fb6c26a
[Concept] Referencing concept node: 注射室 (Space) -> entity_0ecb8a1c3fb6c26a
[Concept] Referencing concept node: 注射室 (Space) -> entity_0ecb8a1c3fb6c26a
[Concept] Referencing concept node: 注射室 (Space) -> entity_0ecb8a1c3fb6c26a
[Concept] Referencing concept node: 注射室 (Space) -> entity_0ecb8a1c3fb6c26a
[Concept] Referencing concept node: 注射室 (Space) -> entity_0ecb8a1c3fb6c26a
[Concept] Referencing concept node: 注射室 (Space) -> entity_0ecb8a1c3fb6c26a
[Concept] Referencing concept node: 注射室 (Space) -> entity_0ecb8a1c3fb6c26a
[Concept] Referencing concept node: 注射室 (Space) -> entity_0ecb8a1c3fb6c26a
[Concept] Referencing concept node: 注射室 (Space) -> entity_0ecb8a1c3fb6c26a
[Concept] Referencing concept node: 注射室 (Space) -> entity_0ecb8a1c3fb6c26a
[Concept] Referencing concept node: 注射室 (Space) -> entity_0ecb8a1c3fb6c26a
[Concept] Referencing concept node: 注射室 (Space) -> entity_0ecb8a1c3fb6c26a
[Concept] Referencing concept node: 注射室 (Space) -> entity_0ecb8a1c3fb6c26a
[Concept] Referencing concept node: 注射室 (Space) -> entity_0ecb8a1c3fb6c26a
[Concept] Referencing concept node: 注射室 (Space) -> entity_0ecb8a1c3fb6c26a
[Concept] Referencing concept node: 注射室 (Space) -> entity_0ecb8a1c3fb6c26a
[Concept] Referencing concept node: 注射室 (Space) -> entity_0ecb8a1c3fb6c26a
[Concept] Referencing concept node: 注射室 (Space) -> entity_0ecb8a1c3fb6c26a
[Concept] Referencing concept node: 注射室 (Space) -> entity_0ecb8a1c3fb6c26a
[Concept] Referencing concept node: 注射室 (Space) -> entity_0ecb8a1c3fb6c26a
[Concept] Referencing concept node: 注射室 (Space) -> entity_0ecb8a1c3fb6c26a
[Concept] Referencing concept node: 注射室 (Space) -> entity_0ecb8a1c3fb6c26a
[Concept] Referencing concept node: 注射室 (Space) -> entity_0ecb8a1c3fb6c26a
[Concept] Referencing concept node: 注射室 (Space) -> entity_0ecb8a1c3fb6c26a
[Concept] Referencing concept node: 注射室 (Space) -> entity_0ecb8a1c3fb6c26a
[Concept] Referencing concept node: 注射室 (Space) -> entity_0ecb8a1c3fb6c26a
[Concept] Referencing concept node: 注射室 (Space) -> entity_0ecb8a1c3fb6c26a
[Concept] Referencing concept node: 注射室 (Space) -> entity_0ecb8a1c3fb6c26a
[Concept] Referencing concept node: 注射室 (Space) -> entity_0ecb8a1c3fb6c26a
[KG][d5d2b1c5-641] cross_document_fusion:neo4j_write_progress 10700/93100 (11%) - 关系判断进度
[Concept] Referencing concept node: 注射室 (Space) -> entity_0ecb8a1c3fb6c26a
[Concept] Referencing concept node: 注射室 (Space) -> entity_0ecb8a1c3fb6c26a
[Concept] Referencing concept node: 注射室 (Space) -> entity_0ecb8a1c3fb6c26a
[Concept] Referencing concept node: 注射室 (Space) -> entity_0ecb8a1c3fb6c26a
[Concept] Referencing concept node: 注射室 (Space) -> entity_0ecb8a1c3fb6c26a
[Concept] Referencing concept node: 注射室 (Space) -> entity_0ecb8a1c3fb6c26a
[Concept] Referencing concept node: 注射室 (Space) -> entity_0ecb8a1c3fb6c26a
[Concept] Referencing concept node: 注射室 (Space) -> entity_0ecb8a1c3fb6c26a
[Concept] Referencing concept node: 注射室 (Space) -> entity_0ecb8a1c3fb6c26a
[Concept] Referencing concept node: 注射室 (Space) -> entity_0ecb8a1c3fb6c26a
[Concept] Referencing concept node: 注射室 (Space) -> entity_0ecb8a1c3fb6c26a
[Concept] Referencing concept node: 注射室 (Space) -> entity_0ecb8a1c3fb6c26a
[Concept] Referencing concept node: 注射室 (Space) -> entity_0ecb8a1c3fb6c26a
[Concept] Referencing concept node: 注射室 (Space) -> entity_0ecb8a1c3fb6c26a
[Concept] Referencing concept node: 注射室 (Space) -> entity_0ecb8a1c3fb6c26a
[Concept] Referencing concept node: 注射室 (Space) -> entity_0ecb8a1c3fb6c26a
[Concept] Referencing concept node: 注射室 (Space) -> entity_0ecb8a1c3fb6c26a
[Concept] Referencing concept node: 注射室 (Space) -> entity_0ecb8a1c3fb6c26a
[Concept] Referencing concept node: 注射室 (Space) -> entity_0ecb8a1c3fb6c26a
[Concept] Referencing concept node: 注射室 (Space) -> entity_0ecb8a1c3fb6c26a
[KG][d5d2b1c5-641] cross_document_fusion:neo4j_write_progress 10800/93100 (12%) - 关系判断进度
[KG][d5d2b1c5-641] cross_document_fusion:neo4j_write_progress 10400/94974 (11%) - 关系判断进度
[KG][d5d2b1c5-641] cross_document_fusion:neo4j_write_progress 10900/93100 (12%) - 关系判断进度
[KG][d5d2b1c5-641] cross_document_fusion:neo4j_write_progress 10500/94974 (11%) - 关系判断进度
[KG][d5d2b1c5-641] cross_document_fusion:neo4j_write_progress 11000/93100 (12%) - 关系判断进度
[KG][d5d2b1c5-641] cross_document_fusion:neo4j_write_progress 11100/93100 (12%) - 关系判断进度
[KG][d5d2b1c5-641] cross_document_fusion:neo4j_write_progress 10600/94974 (11%) - 关系判断进度
[Concept] Referencing concept node: 治疗室 (Space) -> entity_ba076a619352da3c
[Concept] Referencing concept node: 治疗室 (Space) -> entity_ba076a619352da3c
[Concept] Referencing concept node: 治疗室 (Space) -> entity_ba076a619352da3c
[Concept] Referencing concept node: 治疗室 (Space) -> entity_ba076a619352da3c
[Concept] Referencing concept node: 治疗室 (Space) -> entity_ba076a619352da3c
[Concept] Referencing concept node: 治疗室 (Space) -> entity_ba076a619352da3c
[Concept] Referencing concept node: 治疗室 (Space) -> entity_ba076a619352da3c
[KG][d5d2b1c5-641] cross_document_fusion:neo4j_write_progress 11200/93100 (12%) - 关系判断进度
[KG][d5d2b1c5-641] cross_document_fusion:neo4j_write_progress 10700/94974 (11%) - 关系判断进度
[Concept] Referencing concept node: 治疗室 (Space) -> entity_ba076a619352da3c
[Concept] Referencing concept node: 治疗室 (Space) -> entity_ba076a619352da3c
[Concept] Referencing concept node: 治疗室 (Space) -> entity_ba076a619352da3c
[Concept] Referencing concept node: 治疗室 (Space) -> entity_ba076a619352da3c
[Concept] Referencing concept node: 治疗室 (Space) -> entity_ba076a619352da3c
[Concept] Referencing concept node: 治疗室 (Space) -> entity_ba076a619352da3c
[Concept] Referencing concept node: 治疗室 (Space) -> entity_ba076a619352da3c
[Concept] Referencing concept node: 治疗室 (Space) -> entity_ba076a619352da3c
[Concept] Referencing concept node: 治疗室 (Space) -> entity_ba076a619352da3c
[Concept] Referencing concept node: 治疗室 (Space) -> entity_ba076a619352da3c
[Concept] Referencing concept node: 治疗室 (Space) -> entity_ba076a619352da3c
[Concept] Referencing concept node: 治疗室 (Space) -> entity_ba076a619352da3c
[Concept] Referencing concept node: 治疗室 (Space) -> entity_ba076a619352da3c
[Concept] Referencing concept node: 治疗室 (Space) -> entity_ba076a619352da3c
[Concept] Referencing concept node: 治疗室 (Space) -> entity_ba076a619352da3c
[Concept] Referencing concept node: 治疗室 (Space) -> entity_ba076a619352da3c
[Concept] Referencing concept node: 治疗室 (Space) -> entity_ba076a619352da3c
[Concept] Referencing concept node: 治疗室 (Space) -> entity_ba076a619352da3c
[Concept] Referencing concept node: 治疗室 (Space) -> entity_ba076a619352da3c
[Concept] Referencing concept node: 治疗室 (Space) -> entity_ba076a619352da3c
[Concept] Referencing concept node: 治疗室 (Space) -> entity_ba076a619352da3c
[Concept] Referencing concept node: 治疗室 (Space) -> entity_ba076a619352da3c
[Concept] Referencing concept node: 治疗室 (Space) -> entity_ba076a619352da3c
[Concept] Referencing concept node: 治疗室 (Space) -> entity_ba076a619352da3c
[Concept] Referencing concept node: 治疗室 (Space) -> entity_ba076a619352da3c
[Concept] Referencing concept node: 治疗室 (Space) -> entity_ba076a619352da3c
[Concept] Referencing concept node: 治疗室 (Space) -> entity_ba076a619352da3c
[Concept] Referencing concept node: 治疗室 (Space) -> entity_ba076a619352da3c
[Concept] Referencing concept node: 治疗室 (Space) -> entity_ba076a619352da3c
[Concept] Referencing concept node: 治疗室 (Space) -> entity_ba076a619352da3c
[Concept] Referencing concept node: 治疗室 (Space) -> entity_ba076a619352da3c
[Concept] Referencing concept node: 治疗室 (Space) -> entity_ba076a619352da3c
[Concept] Referencing concept node: 治疗室 (Space) -> entity_ba076a619352da3c
[Concept] Referencing concept node: 治疗室 (Space) -> entity_ba076a619352da3c
[Concept] Referencing concept node: 治疗室 (Space) -> entity_ba076a619352da3c
[KG][d5d2b1c5-641] cross_document_fusion:neo4j_write_progress 11300/93100 (12%) - 关系判断进度
[KG][d5d2b1c5-641] cross_document_fusion:neo4j_write_progress 11400/93100 (12%) - 关系判断进度
[KG][d5d2b1c5-641] cross_document_fusion:neo4j_write_progress 10800/94974 (11%) - 关系判断进度
[KG][d5d2b1c5-641] cross_document_fusion:neo4j_write_progress 11500/93100 (12%) - 关系判断进度
[Concept] Referencing concept node: 注射室 (Space) -> entity_0ecb8a1c3fb6c26a
[Concept] Referencing concept node: 注射室 (Space) -> entity_0ecb8a1c3fb6c26a
[Concept] Referencing concept node: 注射室 (Space) -> entity_0ecb8a1c3fb6c26a
[Concept] Referencing concept node: 注射室 (Space) -> entity_0ecb8a1c3fb6c26a
[Concept] Referencing concept node: 注射室 (Space) -> entity_0ecb8a1c3fb6c26a
[Concept] Referencing concept node: 注射室 (Space) -> entity_0ecb8a1c3fb6c26a
[Concept] Referencing concept node: 注射室 (Space) -> entity_0ecb8a1c3fb6c26a
[Concept] Referencing concept node: 注射室 (Space) -> entity_0ecb8a1c3fb6c26a
[Concept] Referencing concept node: 注射室 (Space) -> entity_0ecb8a1c3fb6c26a
[Concept] Referencing concept node: 注射室 (Space) -> entity_0ecb8a1c3fb6c26a
[Concept] Referencing concept node: 注射室 (Space) -> entity_0ecb8a1c3fb6c26a
[Concept] Referencing concept node: 注射室 (Space) -> entity_0ecb8a1c3fb6c26a
[KG][d5d2b1c5-641] cross_document_fusion:neo4j_write_progress 10900/94974 (11%) - 关系判断进度
[Concept] Referencing concept node: 输液室 (Space) -> entity_a99b99c242ebfd20
[Concept] Referencing concept node: 护士站 (Space) -> entity_008d173d0981abeb
[Concept] Referencing concept node: 输液室 (Space) -> entity_a99b99c242ebfd20
[KG][d5d2b1c5-641] cross_document_fusion:neo4j_write_progress 11600/93100 (12%) - 关系判断进度
[Concept] Referencing concept node: 注射室 (Space) -> entity_0ecb8a1c3fb6c26a
[Concept] Referencing concept node: 注射室 (Space) -> entity_0ecb8a1c3fb6c26a
[Concept] Referencing concept node: 注射室 (Space) -> entity_0ecb8a1c3fb6c26a
[Concept] Referencing concept node: 注射室 (Space) -> entity_0ecb8a1c3fb6c26a
[Concept] Referencing concept node: 注射室 (Space) -> entity_0ecb8a1c3fb6c26a
[Concept] Referencing concept node: 注射室 (Space) -> entity_0ecb8a1c3fb6c26a
[Concept] Referencing concept node: 注射室 (Space) -> entity_0ecb8a1c3fb6c26a
[Concept] Referencing concept node: 注射室 (Space) -> entity_0ecb8a1c3fb6c26a
[Concept] Referencing concept node: 注射室 (Space) -> entity_0ecb8a1c3fb6c26a
[Concept] Referencing concept node: 注射室 (Space) -> entity_0ecb8a1c3fb6c26a
[Concept] Referencing concept node: 注射室 (Space) -> entity_0ecb8a1c3fb6c26a
[Concept] Referencing concept node: 注射室 (Space) -> entity_0ecb8a1c3fb6c26a
[Concept] Referencing concept node: 注射室 (Space) -> entity_0ecb8a1c3fb6c26a
[Concept] Referencing concept node: 注射室 (Space) -> entity_0ecb8a1c3fb6c26a
[Concept] Referencing concept node: 注射室 (Space) -> entity_0ecb8a1c3fb6c26a
[Concept] Referencing concept node: 注射室 (Space) -> entity_0ecb8a1c3fb6c26a
[Concept] Referencing concept node: 注射室 (Space) -> entity_0ecb8a1c3fb6c26a
[Concept] Referencing concept node: 注射室 (Space) -> entity_0ecb8a1c3fb6c26a
[Concept] Referencing concept node: 注射室 (Space) -> entity_0ecb8a1c3fb6c26a
[Concept] Referencing concept node: 注射室 (Space) -> entity_0ecb8a1c3fb6c26a
[Concept] Referencing concept node: 注射室 (Space) -> entity_0ecb8a1c3fb6c26a
[Concept] Referencing concept node: 注射室 (Space) -> entity_0ecb8a1c3fb6c26a
[Concept] Referencing concept node: 注射室 (Space) -> entity_0ecb8a1c3fb6c26a
[Concept] Referencing concept node: 注射室 (Space) -> entity_0ecb8a1c3fb6c26a
[Concept] Referencing concept node: 注射室 (Space) -> entity_0ecb8a1c3fb6c26a
[Concept] Referencing concept node: 注射室 (Space) -> entity_0ecb8a1c3fb6c26a
[Concept] Referencing concept node: 注射室 (Space) -> entity_0ecb8a1c3fb6c26a
[Concept] Referencing concept node: 注射室 (Space) -> entity_0ecb8a1c3fb6c26a
[Concept] Referencing concept node: 注射室 (Space) -> entity_0ecb8a1c3fb6c26a
[Concept] Referencing concept node: 注射室 (Space) -> entity_0ecb8a1c3fb6c26a
[Concept] Referencing concept node: 注射室 (Space) -> entity_0ecb8a1c3fb6c26a
[Concept] Referencing concept node: 注射室 (Space) -> entity_0ecb8a1c3fb6c26a
[Concept] Referencing concept node: 注射室 (Space) -> entity_0ecb8a1c3fb6c26a
[Concept] Referencing concept node: 注射室 (Space) -> entity_0ecb8a1c3fb6c26a
[Concept] Referencing concept node: 注射室 (Space) -> entity_0ecb8a1c3fb6c26a
[Concept] Referencing concept node: 注射室 (Space) -> entity_0ecb8a1c3fb6c26a
[Concept] Referencing concept node: 注射室 (Space) -> entity_0ecb8a1c3fb6c26a
[Concept] Referencing concept node: 注射室 (Space) -> entity_0ecb8a1c3fb6c26a
[Concept] Referencing concept node: 注射室 (Space) -> entity_0ecb8a1c3fb6c26a
[Concept] Referencing concept node: 注射室 (Space) -> entity_0ecb8a1c3fb6c26a
[Concept] Referencing concept node: 注射室 (Space) -> entity_0ecb8a1c3fb6c26a
[KG][d5d2b1c5-641] cross_document_fusion:neo4j_write_progress 11000/94974 (12%) - 关系判断进度
[Concept] Referencing concept node: 护士站 (Space) -> entity_008d173d0981abeb
[KG][d5d2b1c5-641] cross_document_fusion:neo4j_write_progress 11700/93100 (13%) - 关系判断进度
[KG][d5d2b1c5-641] cross_document_fusion:neo4j_write_progress 11800/93100 (13%) - 关系判断进度
[Concept] Referencing concept node: 注射室 (Space) -> entity_0ecb8a1c3fb6c26a
[Concept] Referencing concept node: 注射室 (Space) -> entity_0ecb8a1c3fb6c26a
[Concept] Referencing concept node: 注射室 (Space) -> entity_0ecb8a1c3fb6c26a
[Concept] Referencing concept node: 注射室 (Space) -> entity_0ecb8a1c3fb6c26a
[Concept] Referencing concept node: 注射室 (Space) -> entity_0ecb8a1c3fb6c26a
[Concept] Referencing concept node: 注射室 (Space) -> entity_0ecb8a1c3fb6c26a
[Concept] Referencing concept node: 注射室 (Space) -> entity_0ecb8a1c3fb6c26a
[KG][d5d2b1c5-641] cross_document_fusion:neo4j_write_progress 11100/94974 (12%) - 关系判断进度
[KG][d5d2b1c5-641] cross_document_fusion:neo4j_write_progress 11200/94974 (12%) - 关系判断进度
[Concept] Referencing concept node: 诊查室 (Space) -> entity_d2f4aed30a090692
[KG][d5d2b1c5-641] cross_document_fusion:neo4j_write_progress 11900/93100 (13%) - 关系判断进度
[Concept] Referencing concept node: 病房 (Space) -> entity_a5458ab36cc68693
[KG][d5d2b1c5-641] cross_document_fusion:neo4j_write_progress 12000/93100 (13%) - 关系判断进度
[Concept] Referencing concept node: 病房 (Space) -> entity_a5458ab36cc68693
[KG][d5d2b1c5-641] cross_document_fusion:neo4j_write_progress 12100/93100 (13%) - 关系判断进度
[KG][d5d2b1c5-641] cross_document_fusion:neo4j_write_progress 11300/94974 (12%) - 关系判断进度
[Concept] Referencing concept node: 病房 (Space) -> entity_a5458ab36cc68693
[KG][d5d2b1c5-641] cross_document_fusion:neo4j_write_progress 12200/93100 (13%) - 关系判断进度
[KG][d5d2b1c5-641] cross_document_fusion:neo4j_write_progress 11400/94974 (12%) - 关系判断进度
[KG][d5d2b1c5-641] cross_document_fusion:neo4j_write_progress 12300/93100 (13%) - 关系判断进度
[KG][d5d2b1c5-641] cross_document_fusion:neo4j_write_progress 11500/94974 (12%) - 关系判断进度
[KG][d5d2b1c5-641] cross_document_fusion:neo4j_write_progress 12400/93100 (13%) - 关系判断进度
[KG][d5d2b1c5-641] cross_document_fusion:neo4j_write_progress 11600/94974 (12%) - 关系判断进度
[KG][d5d2b1c5-641] cross_document_fusion:neo4j_write_progress 12500/93100 (13%) - 关系判断进度
[KG][d5d2b1c5-641] cross_document_fusion:neo4j_write_progress 12600/93100 (14%) - 关系判断进度
WARNING:  WatchFiles detected changes in '.claude\worktrees\kg-concurrency\data_process\kg\kg_module.py'. Reloading...
[KG][d5d2b1c5-641] cross_document_fusion:neo4j_write_progress 11700/94974 (12%) - 关系判断进度
[KG][d5d2b1c5-641] cross_document_fusion:neo4j_write_progress 12700/93100 (14%) - 关系判断进度
[KG][d5d2b1c5-641] cross_document_fusion:neo4j_write_progress 11800/94974 (12%) - 关系判断进度
[KG][d5d2b1c5-641] cross_document_fusion:neo4j_write_progress 11900/94974 (13%) - 关系判断进度
[KG][d5d2b1c5-641] cross_document_fusion:neo4j_write_progress 12800/93100 (14%) - 关系判断进度
[Concept] Referencing concept node: 护士站 (Space) -> entity_008d173d0981abeb
[Concept] Referencing concept node: 护士站 (Space) -> entity_008d173d0981abeb
[Concept] Referencing concept node: 输液室 (Space) -> entity_a99b99c242ebfd20
[Concept] Referencing concept node: 输液室 (Space) -> entity_a99b99c242ebfd20
[KG][d5d2b1c5-641] cross_document_fusion:neo4j_write_progress 12000/94974 (13%) - 关系判断进度
[KG][d5d2b1c5-641] cross_document_fusion:neo4j_write_progress 12900/93100 (14%) - 关系判断进度
[Concept] Referencing concept node: 眼科诊室 (Space) -> entity_38e1b285d0578dd0
[Concept] Referencing concept node: 眼科诊室 (Space) -> entity_38e1b285d0578dd0
[Concept] Referencing concept node: 眼科诊室 (Space) -> entity_38e1b285d0578dd0
[Concept] Referencing concept node: 眼科诊室 (Space) -> entity_38e1b285d0578dd0
[Concept] Referencing concept node: 眼科诊室 (Space) -> entity_38e1b285d0578dd0
[Concept] Referencing concept node: 眼科诊室 (Space) -> entity_38e1b285d0578dd0
[Concept] Referencing concept node: 诊查室 (Space) -> entity_d2f4aed30a090692
[Concept] Referencing concept node: 眼科诊室 (Space) -> entity_38e1b285d0578dd0
[Concept] Referencing concept node: 眼科诊室 (Space) -> entity_38e1b285d0578dd0
[Concept] Referencing concept node: 眼科诊室 (Space) -> entity_38e1b285d0578dd0
[KG][d5d2b1c5-641] cross_document_fusion:neo4j_write_progress 13000/93100 (14%) - 关系判断进度
[Concept] Referencing concept node: 病房 (Space) -> entity_a5458ab36cc68693
[KG][d5d2b1c5-641] cross_document_fusion:neo4j_write_progress 12100/94974 (13%) - 关系判断进度
[Concept] Referencing concept node: 眼科诊室 (Space) -> entity_38e1b285d0578dd0
[Concept] Referencing concept node: 眼科诊室 (Space) -> entity_38e1b285d0578dd0
[Concept] Referencing concept node: 眼科诊室 (Space) -> entity_38e1b285d0578dd0
[Concept] Referencing concept node: 眼科诊室 (Space) -> entity_38e1b285d0578dd0
[Concept] Referencing concept node: 眼科诊室 (Space) -> entity_38e1b285d0578dd0
[Concept] Referencing concept node: 眼科诊室 (Space) -> entity_38e1b285d0578dd0
[Concept] Referencing concept node: 眼科诊室 (Space) -> entity_38e1b285d0578dd0
[Concept] Referencing concept node: 眼科诊室 (Space) -> entity_38e1b285d0578dd0
[Concept] Referencing concept node: 眼科诊室 (Space) -> entity_38e1b285d0578dd0
[Concept] Referencing concept node: 眼科诊室 (Space) -> entity_38e1b285d0578dd0
[Concept] Referencing concept node: 眼科诊室 (Space) -> entity_38e1b285d0578dd0
[Concept] Referencing concept node: 眼科诊室 (Space) -> entity_38e1b285d0578dd0
[Concept] Referencing concept node: 眼科诊室 (Space) -> entity_38e1b285d0578dd0
[Concept] Referencing concept node: 眼科诊室 (Space) -> entity_38e1b285d0578dd0
[Concept] Referencing concept node: 眼科诊室 (Space) -> entity_38e1b285d0578dd0
[Concept] Referencing concept node: 眼科诊室 (Space) -> entity_38e1b285d0578dd0
[Concept] Referencing concept node: 眼科诊室 (Space) -> entity_38e1b285d0578dd0
[Concept] Referencing concept node: 眼科诊室 (Space) -> entity_38e1b285d0578dd0
[Concept] Referencing concept node: 眼科诊室 (Space) -> entity_38e1b285d0578dd0
[Concept] Referencing concept node: 眼科诊室 (Space) -> entity_38e1b285d0578dd0
[Concept] Referencing concept node: 眼科诊室 (Space) -> entity_38e1b285d0578dd0
[Concept] Referencing concept node: 眼科诊室 (Space) -> entity_38e1b285d0578dd0
[Concept] Referencing concept node: 眼科诊室 (Space) -> entity_38e1b285d0578dd0
[Concept] Referencing concept node: 眼科诊室 (Space) -> entity_38e1b285d0578dd0
[Concept] Referencing concept node: 眼科诊室 (Space) -> entity_38e1b285d0578dd0
[Concept] Referencing concept node: 眼科诊室 (Space) -> entity_38e1b285d0578dd0
[Concept] Referencing concept node: 眼科诊室 (Space) -> entity_38e1b285d0578dd0
[Concept] Referencing concept node: 眼科诊室 (Space) -> entity_38e1b285d0578dd0
[Concept] Referencing concept node: 眼科诊室 (Space) -> entity_38e1b285d0578dd0
[Concept] Referencing concept node: 眼科诊室 (Space) -> entity_38e1b285d0578dd0
[Concept] Referencing concept node: 眼科诊室 (Space) -> entity_38e1b285d0578dd0
[Concept] Referencing concept node: 眼科诊室 (Space) -> entity_38e1b285d0578dd0
[Concept] Referencing concept node: 眼科诊室 (Space) -> entity_38e1b285d0578dd0
[Concept] Referencing concept node: 眼科诊室 (Space) -> entity_38e1b285d0578dd0
[Concept] Referencing concept node: 眼科诊室 (Space) -> entity_38e1b285d0578dd0
[Concept] Referencing concept node: 眼科诊室 (Space) -> entity_38e1b285d0578dd0
[Concept] Referencing concept node: 眼科诊室 (Space) -> entity_38e1b285d0578dd0
[Concept] Referencing concept node: 眼科诊室 (Space) -> entity_38e1b285d0578dd0
[Concept] Referencing concept node: 眼科诊室 (Space) -> entity_38e1b285d0578dd0
[Concept] Referencing concept node: 眼科诊室 (Space) -> entity_38e1b285d0578dd0
[Concept] Referencing concept node: 眼科诊室 (Space) -> entity_38e1b285d0578dd0
[Concept] Referencing concept node: 眼科诊室 (Space) -> entity_38e1b285d0578dd0
[Concept] Referencing concept node: 眼科诊室 (Space) -> entity_38e1b285d0578dd0
[Concept] Referencing concept node: 眼科诊室 (Space) -> entity_38e1b285d0578dd0
[Concept] Referencing concept node: 眼科诊室 (Space) -> entity_38e1b285d0578dd0
[Concept] Referencing concept node: 眼科诊室 (Space) -> entity_38e1b285d0578dd0
[Concept] Referencing concept node: 眼科诊室 (Space) -> entity_38e1b285d0578dd0
[Concept] Referencing concept node: 眼科诊室 (Space) -> entity_38e1b285d0578dd0
[Concept] Referencing concept node: 眼科诊室 (Space) -> entity_38e1b285d0578dd0
[Concept] Referencing concept node: 眼科诊室 (Space) -> entity_38e1b285d0578dd0
[Concept] Referencing concept node: 眼科诊室 (Space) -> entity_38e1b285d0578dd0
[Concept] Referencing concept node: 眼科诊室 (Space) -> entity_38e1b285d0578dd0
[Concept] Referencing concept node: 眼科诊室 (Space) -> entity_38e1b285d0578dd0
[Concept] Referencing concept node: 眼科诊室 (Space) -> entity_38e1b285d0578dd0
[Concept] Referencing concept node: 眼科诊室 (Space) -> entity_38e1b285d0578dd0
[Concept] Referencing concept node: 眼科诊室 (Space) -> entity_38e1b285d0578dd0
[Concept] Referencing concept node: 眼科诊室 (Space) -> entity_38e1b285d0578dd0
[Concept] Referencing concept node: 眼科诊室 (Space) -> entity_38e1b285d0578dd0
[Concept] Referencing concept node: 眼科诊室 (Space) -> entity_38e1b285d0578dd0
[Concept] Referencing concept node: 眼科诊室 (Space) -> entity_38e1b285d0578dd0
[Concept] Referencing concept node: 眼科诊室 (Space) -> entity_38e1b285d0578dd0
[Concept] Referencing concept node: 眼科诊室 (Space) -> entity_38e1b285d0578dd0
[Concept] Referencing concept node: 眼科诊室 (Space) -> entity_38e1b285d0578dd0
[KG][d5d2b1c5-641] cross_document_fusion:neo4j_write_progress 13100/93100 (14%) - 关系判断进度
[Concept] Referencing concept node: 眼科诊室 (Space) -> entity_38e1b285d0578dd0
[Concept] Referencing concept node: 眼科诊室 (Space) -> entity_38e1b285d0578dd0
[Concept] Referencing concept node: 眼科诊室 (Space) -> entity_38e1b285d0578dd0
[Concept] Referencing concept node: 眼科诊室 (Space) -> entity_38e1b285d0578dd0
[Concept] Referencing concept node: 眼科诊室 (Space) -> entity_38e1b285d0578dd0
[Concept] Referencing concept node: 眼科诊室 (Space) -> entity_38e1b285d0578dd0
[Concept] Referencing concept node: 眼科诊室 (Space) -> entity_38e1b285d0578dd0
[Concept] Referencing concept node: 眼科诊室 (Space) -> entity_38e1b285d0578dd0
[Concept] Referencing concept node: 眼科诊室 (Space) -> entity_38e1b285d0578dd0
[Concept] Referencing concept node: 眼科诊室 (Space) -> entity_38e1b285d0578dd0
[Concept] Referencing concept node: 眼科诊室 (Space) -> entity_38e1b285d0578dd0
[Concept] Referencing concept node: 眼科诊室 (Space) -> entity_38e1b285d0578dd0
[Concept] Referencing concept node: 眼科诊室 (Space) -> entity_38e1b285d0578dd0
[Concept] Referencing concept node: 眼科诊室 (Space) -> entity_38e1b285d0578dd0
[Concept] Referencing concept node: 眼科诊室 (Space) -> entity_38e1b285d0578dd0
[Concept] Referencing concept node: 眼科诊室 (Space) -> entity_38e1b285d0578dd0
[Concept] Referencing concept node: 眼科诊室 (Space) -> entity_38e1b285d0578dd0
[Concept] Referencing concept node: 眼科诊室 (Space) -> entity_38e1b285d0578dd0
[Concept] Referencing concept node: 眼科诊室 (Space) -> entity_38e1b285d0578dd0
[KG][d5d2b1c5-641] cross_document_fusion:neo4j_write_progress 13200/93100 (14%) - 关系判断进度
[Concept] Referencing concept node: 妇科诊室 (Space) -> entity_1b1818d1c4795d3a
[Concept] Referencing concept node: 妇科诊室 (Space) -> entity_1b1818d1c4795d3a
[KG][d5d2b1c5-641] cross_document_fusion:neo4j_write_progress 13300/93100 (14%) - 关系判断进度
[Concept] Referencing concept node: 妇科诊室 (Space) -> entity_1b1818d1c4795d3a
[KG][d5d2b1c5-641] cross_document_fusion:neo4j_write_progress 13400/93100 (14%) - 关系判断进度
[Concept] Referencing concept node: 病房 (Space) -> entity_a5458ab36cc68693
[KG][d5d2b1c5-641] cross_document_fusion:neo4j_write_progress 13500/93100 (15%) - 关系判断进度
[KG][d5d2b1c5-641] cross_document_fusion:neo4j_write_progress 13600/93100 (15%) - 关系判断进度
[KG][d5d2b1c5-641] cross_document_fusion:neo4j_write_progress 13700/93100 (15%) - 关系判断进度
[KG][d5d2b1c5-641] cross_document_fusion:neo4j_write_progress 13800/93100 (15%) - 关系判断进度
[KG][d5d2b1c5-641] cross_document_fusion:neo4j_write_progress 13900/93100 (15%) - 关系判断进度
[KG][d5d2b1c5-641] cross_document_fusion:neo4j_write_progress 14000/93100 (15%) - 关系判断进度
[KG][d5d2b1c5-641] cross_document_fusion:neo4j_write_progress 14100/93100 (15%) - 关系判断进度
[KG][d5d2b1c5-641] cross_document_fusion:neo4j_write_progress 14200/93100 (15%) - 关系判断进度
[Concept] Referencing concept node: 病房 (Space) -> entity_a5458ab36cc68693
[KG][d5d2b1c5-641] cross_document_fusion:neo4j_write_progress 14300/93100 (15%) - 关系判断进度
[Concept] Referencing concept node: 病房 (Space) -> entity_a5458ab36cc68693
[KG][d5d2b1c5-641] cross_document_fusion:neo4j_write_progress 14400/93100 (15%) - 关系判断进度
[KG][d5d2b1c5-641] cross_document_fusion:neo4j_write_progress 14500/93100 (16%) - 关系判断进度
[KG][d5d2b1c5-641] cross_document_fusion:neo4j_write_progress 14600/93100 (16%) - 关系判断进度
[KG][d5d2b1c5-641] cross_document_fusion:neo4j_write_progress 14700/93100 (16%) - 关系判断进度
[KG][d5d2b1c5-641] cross_document_fusion:neo4j_write_progress 14800/93100 (16%) - 关系判断进度
[KG][d5d2b1c5-641] cross_document_fusion:neo4j_write_progress 14900/93100 (16%) - 关系判断进度
[Concept] Referencing concept node: 治疗室 (Space) -> entity_ba076a619352da3c
[Concept] Referencing concept node: 治疗室 (Space) -> entity_ba076a619352da3c
[Concept] Referencing concept node: 治疗室 (Space) -> entity_ba076a619352da3c
[Concept] Referencing concept node: 治疗室 (Space) -> entity_ba076a619352da3c
[Concept] Referencing concept node: 治疗室 (Space) -> entity_ba076a619352da3c
[KG][d5d2b1c5-641] cross_document_fusion:neo4j_write_progress 15000/93100 (16%) - 关系判断进度
[Concept] Referencing concept node: 治疗室 (Space) -> entity_ba076a619352da3c
[Concept] Referencing concept node: 治疗室 (Space) -> entity_ba076a619352da3c
[Concept] Referencing concept node: 治疗室 (Space) -> entity_ba076a619352da3c
[Concept] Referencing concept node: 治疗室 (Space) -> entity_ba076a619352da3c
[Concept] Referencing concept node: 治疗室 (Space) -> entity_ba076a619352da3c
[Concept] Referencing concept node: 治疗室 (Space) -> entity_ba076a619352da3c
[KG][d5d2b1c5-641] cross_document_fusion:neo4j_write_progress 15100/93100 (16%) - 关系判断进度
[Concept] Referencing concept node: 治疗室 (Space) -> entity_ba076a619352da3c
[Concept] Referencing concept node: 治疗室 (Space) -> entity_ba076a619352da3c
[Concept] Referencing concept node: 治疗室 (Space) -> entity_ba076a619352da3c
[Concept] Referencing concept node: 治疗室 (Space) -> entity_ba076a619352da3c
[Concept] Referencing concept node: 治疗室 (Space) -> entity_ba076a619352da3c
[Concept] Referencing concept node: 治疗室 (Space) -> entity_ba076a619352da3c
[Concept] Referencing concept node: 治疗室 (Space) -> entity_ba076a619352da3c
[Concept] Referencing concept node: 治疗室 (Space) -> entity_ba076a619352da3c
[Concept] Referencing concept node: 治疗室 (Space) -> entity_ba076a619352da3c
[Concept] Referencing concept node: 治疗室 (Space) -> entity_ba076a619352da3c
[Concept] Referencing concept node: 治疗室 (Space) -> entity_ba076a619352da3c
[Concept] Referencing concept node: 治疗室 (Space) -> entity_ba076a619352da3c
[Concept] Referencing concept node: 治疗室 (Space) -> entity_ba076a619352da3c
[Concept] Referencing concept node: 治疗室 (Space) -> entity_ba076a619352da3c
[Concept] Referencing concept node: 治疗室 (Space) -> entity_ba076a619352da3c
[Concept] Referencing concept node: 治疗室 (Space) -> entity_ba076a619352da3c
[Concept] Referencing concept node: 治疗室 (Space) -> entity_ba076a619352da3c
[KG][d5d2b1c5-641] cross_document_fusion:neo4j_write_progress 15200/93100 (16%) - 关系判断进度
[Concept] Referencing concept node: 治疗室 (Space) -> entity_ba076a619352da3c
[Concept] Referencing concept node: 治疗室 (Space) -> entity_ba076a619352da3c
[Concept] Referencing concept node: 治疗室 (Space) -> entity_ba076a619352da3c
[KG][d5d2b1c5-641] cross_document_fusion:neo4j_write_progress 15300/93100 (16%) - 关系判断进度
[KG][d5d2b1c5-641] cross_document_fusion:neo4j_write_progress 15400/93100 (17%) - 关系判断进度
